frame_num,filename,timestamp,mu_x,mu_y,sigma_x,sigma_y,fwhm_x,fwhm_y,amp_x,amp_y,offset_x,offset_y,fit_ok,n_peaks_x,n_peaks_y
1,newsecondary0001 26-01-30 16-37-16.fits,2026-01-30 16:37:16,1141.678763345534,1019.2727824619063,5.420440510136842,6.772053149952072,12.764161966168022,15.94696650352212,1506.3945335884384,1264.5387387331514,31971.04651740303,42627.5485749411,True,1,15
2,newsecondary0002 26-01-30 16-38-16.fits,2026-01-30 16:38:16,1144.9542540423427,1018.9816193746688,4.703699550502735,7.411536764560629,11.076365987326907,17.452835337671196,1846.5400960864463,1187.9471921118732,32002.377895481128,42669.68382471969,True,1,28
3,newsecondary0003 26-01-30 16-39-16.fits,2026-01-30 16:39:16,1143.8070790671852,1018.2267779812158,5.528813091644457,6.209594029560631,13.019359893433903,14.62247649231388,1505.59363349365,1438.8782026716272,31986.235131476,42647.526056365474,True,1,13
4,newsecondary0004 26-01-30 16-40-16.fits,2026-01-30 16:40:16,1141.728935335732,1019.3423729573076,3.381550618184611,6.11528580234934,7.96294317898792,14.400397588465397,2416.513091144176,1248.7180754115698,31981.181301428107,42642.26528538349,True,1,28
5,newsecondary0005 26-01-30 16-41-16.fits,2026-01-30 16:41:16,1142.5445839939403,1017.2215483754044,6.446809266530526,6.240581462791283,15.181075687317353,14.695446321229477,1306.718069138674,1417.0569891963455,31966.846742624944,42621.921931837205,True,1,12
6,newsecondary0006 26-01-30 16-42-15.fits,2026-01-30 16:42:15,1143.7959383620428,1019.2299409380504,3.527696071223136,5.028241979114098,8.307089421293169,11.840605003683969,2204.350020863911,1628.0518316887199,32024.627995530536,42698.975382164565,True,1,2
7,newsecondary0007 26-01-30 16-43-16.fits,2026-01-30 16:43:16,1144.2527062912459,1017.3203281750585,4.229799525541745,7.200766007592498,9.9604167092081,16.956508134256296,2010.2620854927002,1122.8381644426074,31992.344955904817,42656.998544769915,True,1,29
8,newsecondary0008 26-01-30 16-44-16.fits,2026-01-30 16:44:16,1141.6579714132954,1015.4219242766982,5.039925577394827,5.766077540059466,11.86811777511352,13.578074972534777,1704.2846573028733,1565.069126182667,32001.284103803166,42667.81811185486,True,1,1
9,newsecondary0009 26-01-30 16-45-16.fits,2026-01-30 16:45:16,1143.2423433356976,1050.8838776718537,5.461668474822575,5.082122164104871,12.861246403825811,11.967483143330218,1586.0504103391615,1753.6843009827326,31965.596210975753,42620.4726498339,True,1,1
10,newsecondary0010 26-01-30 16-46-16.fits,2026-01-30 16:46:16,1144.1503872843448,1052.6410364433566,4.532959765747801,5.841974136517045,10.67430451970172,13.75679779922271,1837.4362831786484,1523.5402294343032,32003.10811384057,42670.073970466736,True,1,1
11,newsecondary0011 26-01-30 16-47-16.fits,2026-01-30 16:47:16,1144.830373035725,1054.5571762373256,4.937810213621008,5.824588242825615,11.627654469593303,13.715857148257353,1729.3409355895808,1521.2149100264912,32018.355905393997,42690.72692603324,True,1,5
12,newsecondary0012 26-01-30 16-48-16.fits,2026-01-30 16:48:16,1146.9805289513185,1051.8368645082182,4.566179640360379,6.357493924267826,10.752531346332832,14.970754129028348,1866.836299806756,1354.2559198644606,31981.96980083501,42642.51633137906,True,1,26
13,newsecondary0013 26-01-30 16-49-16.fits,2026-01-30 16:49:16,1147.6094065563743,1053.070400659783,3.688897251520365,5.080599886200641,8.686689191939731,11.96389845280723,2237.492831166006,1678.2527611856203,31969.526461462825,42625.68372265298,True,1,2
14,newsecondary0014 26-01-30 16-50-16.fits,2026-01-30 16:50:16,1147.7761577652343,1051.9571154436062,3.1431570847684247,7.924630044142482,7.4015693078937295,18.661077677401213,2558.3866067806844,1169.7879080229077,32009.327998393026,42677.519657382145,True,1,29
15,newsecondary0015 26-01-30 16-51-16.fits,2026-01-30 16:51:16,1148.5264564720885,1052.0249506180057,4.855113328886482,5.628722490202169,11.432918187758828,13.25462854784459,1780.8811731019011,1543.8664647609553,32032.683155706996,42710.18796839983,True,1,1
16,newsecondary0016 26-01-30 16-52-16.fits,2026-01-30 16:52:16,1147.384212915478,1053.5990369686722,3.6449450379759702,5.798008904015708,8.58318963846191,13.653267588444114,2326.0726108042145,1483.474269016255,32003.347911163728,42670.97222033615,True,1,1
17,newsecondary0017 26-01-30 16-53-16.fits,2026-01-30 16:53:16,1149.021454748781,1053.4336212543483,3.6315341701340396,6.807635782257424,8.551609458046471,16.030757199329727,2271.705436924684,1306.9866270778396,31839.917005558164,42452.38750125291,True,1,18
18,newsecondary0018 26-01-30 16-54-15.fits,2026-01-30 16:54:15,1149.2741922084124,1053.1707793158344,2.8140089896121743,6.950499436957288,6.626484775636037,16.367175397123347,2911.2863988503673,1276.7886002454889,32021.928523672264,42695.02540248273,True,1,27
19,newsecondary0019 26-01-30 16-55-16.fits,2026-01-30 16:55:16,1148.5619809111968,1053.0842752825777,5.249836124485384,7.072125066130062,12.362419339065776,16.6535818666889,1612.140361952741,1224.8286185004108,31989.1223842594,42651.90701230927,True,1,29
20,newsecondary0020 26-01-30 16-56-16.fits,2026-01-30 16:56:16,1150.0398982419952,1054.226788851528,3.320788909940991,8.360288648044618,7.819860290445521,19.68697529066016,2422.743067188238,1097.7736378839127,32000.48693170662,42665.855918936475,True,1,30
21,newsecondary0021 26-01-30 16-57-16.fits,2026-01-30 16:57:16,1149.864184951152,1053.4340956571136,3.5551222506508022,6.131487313981322,8.371673138368052,14.438549232816191,2283.268910265638,1418.2414778795887,32029.030457572524,42704.627848198055,True,1,20
22,newsecondary0022 26-01-30 16-58-16.fits,2026-01-30 16:58:16,1147.5147177066085,1053.0693841625318,3.815990137498213,6.08136532882426,8.985970067421201,14.320520977471599,2082.0439919060796,1399.8392722820943,32040.17850679412,42719.50578132275,True,1,5
23,newsecondary0023 26-01-30 16-59-16.fits,2026-01-30 16:59:16,1150.319128162265,1053.24394009159,4.037531889294593,5.445102823300644,9.507661025362587,12.822237275562971,2108.9813799483545,1618.4995579213542,32038.296242582,42717.34431296604,True,1,3
24,newsecondary0024 26-01-30 17-00-16.fits,2026-01-30 17:00:16,1149.9686306462781,1054.8451415075483,3.8673909367918275,6.085474540029224,9.107009699928417,14.330197430386312,2138.6101674147744,1453.9837046440125,32024.122328179456,42698.0853393569,True,1,20
25,newsecondary0025 26-01-30 17-01-16.fits,2026-01-30 17:01:16,1150.5295027438865,1053.3855318784983,5.108159646842194,7.712985439533609,12.028796729602213,18.16269272004559,1665.3701432337925,1103.9091105401935,32011.36580709376,42681.81145920737,True,1,31
26,newsecondary0026 26-01-30 17-02-16.fits,2026-01-30 17:02:16,1149.8854534794339,1053.8545677047894,3.3253471302457047,6.794929009745832,7.830594078988729,16.000835036711784,2476.4280686824136,1169.037855106249,32004.001141527173,42672.377327639646,True,1,31
27,newsecondary0027 26-01-30 17-03-16.fits,2026-01-30 17:03:16,1149.9893013252374,1051.5253646482672,4.145205593529507,6.247725616958208,9.761213222417696,14.712269518666544,2001.2249476472198,1464.8708430903057,31983.97387851373,42644.193960674536,True,1,6
28,newsecondary0028 26-01-30 17-04-16.fits,2026-01-30 17:04:16,1149.0240635623522,1052.4333235751103,4.020763604545197,6.014772496182863,9.468174732313923,14.163706840312244,2014.106175042276,1428.8385532511095,32009.548885257907,42678.7590990061,True,1,26
29,newsecondary0029 26-01-30 17-05-16.fits,2026-01-30 17:05:16,1148.0945731727488,1049.8015952863857,3.6236517674188766,7.463111487889735,8.533047818129798,17.5742845299835,2266.385334559102,1053.0193997621068,31960.20142229641,42614.05807940351,True,1,32
30,newsecondary0030 26-01-30 17-06-16.fits,2026-01-30 17:06:16,1148.9525524232777,1052.6364653624978,4.094012364308914,6.683686489646289,9.64066238007918,15.738878920521621,1971.8495655462973,1342.234948161307,31945.780304843447,42593.21545434043,True,1,23
31,newsecondary0031 26-01-30 17-07-15.fits,2026-01-30 17:07:15,1151.0624548529916,1052.4746251652764,3.2771039620052718,6.848475985989377,7.716990099380356,16.126928529720878,2529.7193499196896,1210.2794816236305,31916.283436468326,42555.04662338299,True,1,30
32,newsecondary0032 26-01-30 17-08-16.fits,2026-01-30 17:08:16,1152.6395682492448,1052.6416853603862,3.729408727539709,6.563885329829223,8.782086427723874,15.456768747966438,2183.064817750963,1370.090548549839,31963.85192251837,42617.37119238959,True,1,19
33,newsecondary0033 26-01-30 17-09-16.fits,2026-01-30 17:09:16,1151.4253255627198,1052.3471950175872,2.913108424431748,7.488002627476487,6.859846111200406,17.632898684426046,2786.5159094917867,1175.0337177556994,31903.55194368332,42537.190864749995,True,1,30
34,newsecondary0034 26-01-30 17-10-16.fits,2026-01-30 17:10:16,1150.0967527114326,1050.962635172363,4.346396515782512,10.16753878300153,10.234981639017336,23.942724134841587,1879.4152115666848,887.8319770878446,31925.50854412794,42566.23791182539,True,1,31
35,newsecondary0035 26-01-30 17-11-16.fits,2026-01-30 17:11:16,1150.8085698794875,1051.732378536839,3.2957932883250707,6.399428280062841,7.761000099626344,15.06950199062991,2433.3973005330754,1188.2123027438645,31898.574423289938,42531.96908468681,True,1,27
36,newsecondary0036 26-01-30 17-12-16.fits,2026-01-30 17:12:16,1152.5810735158475,1052.1788659844017,5.257458996846208,8.28950134493588,12.380369831701756,19.520283930366023,1620.9166986880373,1106.8676929268804,31881.830538878166,42508.26477875322,True,1,30
37,newsecondary0037 26-01-30 17-13-16.fits,2026-01-30 17:13:16,1153.6896106940446,1052.2209508422768,3.735664610622891,7.0168630587928345,8.796817906607519,16.523449784082548,2141.295357170781,1086.7773552298067,31744.28205096662,42326.19086134119,True,1,30
38,newsecondary0038 26-01-30 17-14-16.fits,2026-01-30 17:14:16,1153.1491471838895,1055.602290178108,3.244015979902526,5.480566517236419,7.639073855875186,12.905747892913777,2560.4138833429224,1430.6655587368612,31826.39077411591,42435.787491843636,True,1,2
39,newsecondary0039 26-01-30 17-15-16.fits,2026-01-30 17:15:16,1152.1001666593795,1053.264506276986,4.331213333413572,6.282911592652203,10.199227976827597,14.795126159534735,1930.1594642764662,1307.0334567087796,31979.121434046694,42639.019356765275,True,1,27
40,newsecondary0040 26-01-30 17-16-15.fits,2026-01-30 17:16:15,1152.0282471654987,1055.8658902759998,3.9376554863311157,5.602560784906648,9.272470069638603,13.193022439802503,2064.7410096200583,1394.0688316726253,31932.173423450466,42576.643694639024,True,1,1
41,newsecondary0041 26-01-30 17-17-15.fits,2026-01-30 17:17:15,1149.8274826490776,1055.1372012254972,4.4242777561382525,6.174612379394305,10.418377944938907,14.540101001293955,1934.6154405018135,1327.9834217774192,31938.230739432875,42584.771189486375,True,1,26
42,newsecondary0042 26-01-30 17-18-16.fits,2026-01-30 17:18:16,1151.304412440728,1055.2337873398924,4.065606380369335,8.55385778465333,9.573771399699432,20.14279577364569,2024.276544748958,1003.8877910683902,31896.70357669468,42528.47751963704,True,1,27
43,newsecondary0043 26-01-30 17-19-16.fits,2026-01-30 17:19:16,1151.3969932785767,1053.9649552938797,3.6433715895632686,5.031592097292094,8.579484450599857,11.848493929122737,2225.414550397743,1592.1725617433244,31841.663282203077,42455.67592200121,True,1,1
44,newsecondary0044 26-01-30 17-20-16.fits,2026-01-30 17:20:16,1151.1795167036905,1055.315249942707,3.8955340439464288,7.70091370207071,9.173281652785526,18.134265950689603,2064.0776248659395,1076.9550141710013,31962.195598955157,42615.934765458405,True,1,28
45,newsecondary0045 26-01-30 17-21-16.fits,2026-01-30 17:21:16,1152.5457071143244,1057.0759495456794,4.533032970817159,6.441109537723917,10.67447690446644,15.167653851672311,1796.6822458532445,1298.1237845857177,31936.390419327072,42581.574169129875,True,1,27
46,newsecondary0046 26-01-30 17-22-16.fits,2026-01-30 17:22:16,1152.667675801423,1055.011395185495,4.941553352964622,7.820579200598445,11.63646888915099,18.416056665321335,1687.0812603908332,1070.8914855465066,31843.890716111226,42458.4717124,True,1,28
47,newsecondary0047 26-01-30 17-23-16.fits,2026-01-30 17:23:16,1150.7975980330464,1053.9052463797402,3.7162768480893265,6.771654688801382,8.751163214765182,15.94602819921731,2185.444647402506,1200.1416125415321,31947.647713600443,42596.85687801086,True,1,30
48,newsecondary0048 26-01-30 17-24-16.fits,2026-01-30 17:24:16,1151.7660801638965,1052.8342771115872,3.617668181624039,7.758075217266298,8.518957550358952,18.268871032476515,2265.865415556415,1166.0991038496288,31958.990661262513,42610.89214229103,True,1,29
49,newsecondary0049 26-01-30 17-25-16.fits,2026-01-30 17:25:16,1152.501271846998,1054.8170531228975,3.111574136583141,6.797517085849121,7.327197148425849,16.006929490197873,2596.357437264542,1290.2613328765915,31946.354766638775,42594.247650483594,True,1,30
50,newsecondary0050 26-01-30 17-26-16.fits,2026-01-30 17:26:16,1150.8104024631373,1055.901728670105,2.9432069594045007,7.96636945772229,6.93072274468031,18.759366485166783,2659.028225557235,1000.1206435268224,31930.650443943858,42574.018448447234,True,1,29
51,newsecondary0051 26-01-30 17-27-16.fits,2026-01-30 17:27:16,1153.1176195405433,1053.6625174759083,2.8592907528280493,7.398944299194119,6.733115179331124,17.42318234780978,2765.0891029789627,1146.5001673840989,31956.41941023005,42607.81560982794,True,1,29
52,newsecondary0052 26-01-30 17-28-16.fits,2026-01-30 17:28:16,1150.7441051286826,1054.9877976610708,4.897223600568077,5.615542550085773,11.532080299616348,13.223592160666191,1726.9273784452475,1408.4284500966312,31992.979193631498,42658.01226936386,True,1,4
53,newsecondary0053 26-01-30 17-29-16.fits,2026-01-30 17:29:16,1151.1127002507994,1053.8795062548622,3.929255908472296,4.891225351443221,9.252690575326856,11.517955502342046,2128.965907582358,1585.0791033747346,31878.617447192133,42505.61273832382,True,1,1
54,newsecondary0054 26-01-30 17-30-16.fits,2026-01-30 17:30:16,1149.8350964469398,1057.8147100334043,4.114472409006597,6.014134524464093,9.688842103455512,14.162204531720722,1971.1009085295839,1546.0358305254083,31887.13894431736,42514.65339566721,True,1,5
55,newsecondary0055 26-01-30 17-31-16.fits,2026-01-30 17:31:16,1150.0141390189467,1055.8499530039128,3.099311362688882,7.320879500978132,7.2983205226519665,17.239353796159477,2560.8429509112866,1090.2903493224362,31887.55681644881,42516.68435336213,True,1,30
56,newsecondary0056 26-01-30 17-32-16.fits,2026-01-30 17:32:16,1149.0979861766327,1054.490478114927,3.5384555845512082,6.108538605641058,8.33242613895289,14.38450915440897,2251.7101667821426,1336.1853928122935,31908.19608320361,42544.01057043431,True,1,2
57,newsecondary0057 26-01-30 17-33-16.fits,2026-01-30 17:33:16,1150.064258911933,1057.2416588439985,3.9784425116257096,8.000853153355928,9.368516174379497,18.84056938287162,2083.7119233190083,1153.7652621869377,31875.627790052626,42499.6234811699,True,1,28
58,newsecondary0058 26-01-30 17-34-16.fits,2026-01-30 17:34:16,1147.1768643419318,1056.3016309817199,4.215704980895882,6.989035397382379,9.92722659295044,16.45792064918687,1983.406139297328,1128.9320209219227,31886.61918986328,42516.09996764978,True,1,30
59,newsecondary0059 26-01-30 17-35-16.fits,2026-01-30 17:35:16,1148.5026778923018,1055.1778430685952,4.327240461461145,6.9929005282022025,10.18987257831768,16.46702233671806,1900.59764867993,1198.867141953424,31895.31544335186,42526.88196224295,True,1,26
60,newsecondary0060 26-01-30 17-36-16.fits,2026-01-30 17:36:16,1149.9953845234952,1056.831482359065,3.302282887170822,7.800849078165206,7.776281937072529,18.36959577752463,2427.209477980406,1010.3259243047949,31862.26602675646,42483.19406365269,True,1,26
61,newsecondary0061 26-01-30 17-37-16.fits,2026-01-30 17:37:16,1150.194781076277,1057.1903818951594,3.7562795175628554,7.231370926849446,8.845362302696195,17.02857721159911,2156.367442376323,1141.2182572481386,31911.539936100857,42548.52308034575,True,1,29
62,newsecondary0062 26-01-30 17-38-16.fits,2026-01-30 17:38:16,1148.2221248901387,1054.2685810254284,4.039699532989774,8.04518467388683,9.512765436186484,18.944962136044488,2066.219706269215,1085.1111607809387,31951.691129417646,42601.760975467005,True,1,29
63,newsecondary0063 26-01-30 17-39-16.fits,2026-01-30 17:39:16,1149.1578322226092,1057.2472313978383,3.9358696235524597,10.843935721055539,9.268264684169749,25.535517202968723,2030.017893628713,861.6094726943473,31961.00707038271,42612.93105761705,True,1,30
64,newsecondary0064 26-01-30 17-40-16.fits,2026-01-30 17:40:16,1147.6483551221174,1056.4454849312235,3.84142595995045,6.975244053020769,9.045866851993576,16.42544451503623,2104.497431396881,1176.830763083288,32021.13840183418,42694.6907849995,True,1,30
65,newsecondary0065 26-01-30 17-41-16.fits,2026-01-30 17:41:16,1150.2485114826798,1057.267392505641,3.4311412204700673,6.914398174472149,8.079720123294871,16.28216342057242,2373.8167884904615,1198.6931711708364,31963.099445132095,42617.281100050976,True,1,31
66,newsecondary0066 26-01-30 17-42-16.fits,2026-01-30 17:42:16,1149.7483549039061,1055.8008549199185,3.578328787060938,7.6496070475466995,8.42632035548238,18.013448012172987,2276.3913449088063,1212.9908042605073,31882.64421933428,42508.73109010565,True,1,29
67,newsecondary0067 26-01-30 17-43-17.fits,2026-01-30 17:43:17,1149.8238823610297,1059.314459630773,3.050035641113184,7.6430536829835605,7.182285065752149,17.99801601793731,2571.519460659639,1040.4357690282757,31959.582927439646,42612.63684415979,True,1,31
68,newsecondary0068 26-01-30 17-44-17.fits,2026-01-30 17:44:17,1149.458970997728,1060.1373674663266,4.242960431310153,7.062122863606265,9.99140827392231,16.6300284796914,1876.609885357327,1175.2728764296246,31955.150952694195,42606.432706775726,True,1,25
69,newsecondary0069 26-01-30 17-45-17.fits,2026-01-30 17:45:17,1149.9034559890829,1057.9224318549175,3.4052479692704027,8.765741918068766,8.018746176338878,20.641744778236372,2406.4131978965042,1003.7430544698915,31953.81504664241,42604.30776705565,True,1,29
70,newsecondary0070 26-01-30 17-46-17.fits,2026-01-30 17:46:17,1150.9628690248994,1060.1266895711851,3.998931105927514,7.397294253580128,9.416763126935892,17.41929678732274,2040.6579436462878,1180.3306331385577,31996.540811718867,42661.31841271046,True,1,29
71,newsecondary0071 26-01-30 17-47-17.fits,2026-01-30 17:47:17,1150.1824385575967,1057.2013378001234,3.097617522807259,8.81215047867755,7.294331834545647,20.75102858701897,2541.803995772468,1000.7041515850874,31964.147750982072,42617.6454015035,True,1,31
72,newsecondary0072 26-01-30 17-48-17.fits,2026-01-30 17:48:17,1152.9046881950187,1053.339315120927,3.2662672935991504,10.808768945286614,7.6914716953962685,25.452705774468953,2403.3283807337903,796.5517987792748,31969.953004014063,42625.6242649962,True,1,29
73,newsecondary0073 26-01-30 17-49-17.fits,2026-01-30 17:49:17,1150.7862092833386,1056.4708180574173,3.1034615848133487,9.597031788451494,7.308093548901991,22.5992828282448,2563.2916639522828,965.7369843035005,31897.704698490306,42528.57975622677,True,1,29
74,newsecondary0074 26-01-30 17-50-17.fits,2026-01-30 17:50:17,1150.8821589590543,1057.85982756397,3.8680943810862467,7.7057050641731175,9.108666184653478,18.145548746211354,2098.7890643419887,1227.5795540908944,31924.66566516592,42564.4917106332,True,1,26
75,newsecondary0075 26-01-30 17-51-17.fits,2026-01-30 17:51:17,1149.728580207448,1057.4354712550025,3.2549533379631814,7.172845862736792,7.6648293658760975,16.89076121748991,2494.7433715838433,1216.308251623855,31918.49363172512,42557.21254797578,True,1,26
76,newsecondary0076 26-01-30 17-52-17.fits,2026-01-30 17:52:17,1149.804106718174,1058.395192058832,3.077023949264886,8.719225152288288,7.245837674769248,20.532206165746494,2639.8998417793014,989.1525409185525,31986.665343635734,42648.240341554236,True,1,29
77,newsecondary0077 26-01-30 17-53-17.fits,2026-01-30 17:53:17,1149.5690485927605,1058.3151513758353,3.00581057838705,8.438097585044341,7.078143001551897,19.87020133518966,2693.4776772755754,1117.9919968432919,31918.10691654902,42555.75110932445,True,1,28
78,newsecondary0078 26-01-30 17-54-17.fits,2026-01-30 17:54:17,1150.0992807804384,1058.3406172343473,3.8653797545584467,5.782393792534949,9.102273727691042,13.61649681092383,2074.9574719451443,1218.8213927183456,31966.615968903796,42623.40896230065,True,1,28
79,newsecondary0079 26-01-30 17-55-17.fits,2026-01-30 17:55:17,1150.0623255201403,1056.3250247068029,3.503556924472779,8.181914738276324,8.250246074655484,19.26693683242724,2345.365789884789,968.966911173345,31826.670419855873,42435.93335355898,True,1,28
80,newsecondary0080 26-01-30 17-56-17.fits,2026-01-30 17:56:17,1150.1658823081468,1057.8080821265503,3.162694353455071,8.834218379065563,7.447576059822199,20.802994521204408,2543.6156071473006,954.6174982110817,31957.032785826832,42608.875953112445,True,1,30
81,newsecondary0081 26-01-30 17-57-17.fits,2026-01-30 17:57:17,1150.1541490557659,1057.5410544805088,3.6520968401890546,8.837830284093162,8.600030845671377,20.811499907564148,2227.0828253633067,1037.7145891364694,31903.049106248898,42536.060878313605,True,1,28
82,newsecondary0082 26-01-30 17-58-17.fits,2026-01-30 17:58:17,1148.4037933487282,1057.6010116465545,2.9604425264125207,8.002835451288624,6.971309403358269,18.845237337778755,2781.320847053534,995.1293899045356,31950.058476810183,42600.4262197868,True,1,29
83,newsecondary0083 26-01-30 17-59-17.fits,2026-01-30 17:59:17,1150.9945329263721,1056.5765388404632,3.4156345060717563,8.001542468047548,8.043204601397157,18.84219259492478,2390.5692149076517,1156.576299494654,31880.949306051756,42506.52812416793,True,1,19
84,newsecondary0084 26-01-30 18-00-17.fits,2026-01-30 18:00:17,1150.1603836171998,1058.0284358098422,3.314286539964862,8.465203895433344,7.804548379285526,19.934031818240516,2442.1213022672814,1114.9380161271636,31941.455874622883,42586.874483984306,True,1,30
85,newsecondary0085 26-01-30 18-01-17.fits,2026-01-30 18:01:17,1150.80337333531,1059.1600002192542,3.7112285452055356,8.30915437363723,8.739275369941044,19.566563276297533,2130.280418470961,1029.2833967949884,31885.359839269207,42512.9794880982,True,1,28
86,newsecondary0086 26-01-30 18-02-17.fits,2026-01-30 18:02:17,1148.7086055880459,1057.6834558251699,3.8264159764762433,9.101892515488007,9.01052104203293,21.43331894318833,2153.474195706981,945.1484861452024,31945.158627416968,42593.07735559994,True,1,30
87,newsecondary0087 26-01-30 18-03-17.fits,2026-01-30 18:03:17,1150.7380951594332,1059.5408954515813,4.050139157778576,8.286383733528133,9.537348873901756,19.512942516530444,2015.4730524820832,986.9872681668234,31938.078907375173,42584.08508318622,True,1,30
88,newsecondary0088 26-01-30 18-04-17.fits,2026-01-30 18:04:17,1149.1247433804158,1059.3724666681835,3.6696363322469736,10.409591724899341,8.641333193149027,24.512715254381263,2152.729088538303,910.1506944492453,31949.94301937028,42597.89375450876,True,1,28
89,newsecondary0089 26-01-30 18-05-17.fits,2026-01-30 18:05:17,1150.4726577367044,1060.5681394797966,3.238300404276549,9.371975904801772,7.625614703822245,22.069316722174282,2545.0034144090914,902.1585575109602,31819.360593829326,42425.538804973694,True,1,24
90,newsecondary0090 26-01-30 18-06-17.fits,2026-01-30 18:06:17,1150.058654398738,1060.199968077052,3.746382669411212,6.450997614104127,8.822057006286078,15.190938492139226,2223.7527474842464,1272.0126462188298,31903.082256078524,42537.60454404546,True,1,14
91,newsecondary0091 26-01-30 18-07-16.fits,2026-01-30 18:07:16,1151.3224685729683,1058.9761654622562,2.9574873714263887,8.949410183879678,6.964350545160753,21.07425049220398,2661.462868197902,967.2172309043929,31918.54580253894,42557.04915945567,True,1,28
92,newsecondary0092 26-01-30 18-08-17.fits,2026-01-30 18:08:17,1150.313757134107,1059.805451844464,3.9665139907613294,9.441001036454981,9.340426654340485,22.231858485802157,2044.6171446903334,968.7183547726753,31873.52632654333,42496.69969262329,True,1,28
93,newsecondary0093 26-01-30 18-09-17.fits,2026-01-30 18:09:17,1150.4773440081951,1057.3186161738622,3.830624531030517,9.503869326517234,9.020431430657942,22.37990199543757,2150.019249480291,950.8226481510357,31940.354019621354,42586.10641340204,True,1,29
94,newsecondary0094 26-01-30 18-10-17.fits,2026-01-30 18:10:17,1151.1987330324985,1058.0900135299876,3.364578924768115,7.5561823130557615,7.922977895132635,17.79344957469203,2457.7856912332527,1130.9229232451835,31959.029958800904,42611.68400657563,True,1,30
95,newsecondary0095 26-01-30 18-11-17.fits,2026-01-30 18:11:17,1149.2736557389471,1060.857370820259,4.753687977628561,7.679396047840276,11.19407973754237,18.083595747185733,1743.4915146821395,1067.5199621869492,31955.08951702228,42606.90220701746,True,1,31
96,newsecondary0096 26-01-30 18-12-17.fits,2026-01-30 18:12:17,1150.777374897657,1056.935179665201,3.056631371049672,12.382135270871887,7.197816822818202,29.157700336133843,2516.5715500329975,776.6543898322727,31904.766757294292,42537.207643186404,True,1,30
97,newsecondary0097 26-01-30 18-13-17.fits,2026-01-30 18:13:17,1150.0521466833316,1058.1557438099449,2.892218898544797,7.611835302286711,6.810655036910622,17.92450234929896,2772.049159880597,1216.1916853930684,31928.887124317247,42570.25052059259,True,1,29
98,newsecondary0098 26-01-30 18-14-17.fits,2026-01-30 18:14:17,1150.3861377979713,1059.7441480020414,3.4842839347949095,8.836640707706103,8.204861652234362,20.808698669242805,2273.6738806572735,1006.977661771026,31952.15824712127,42601.61896609743,True,1,31
99,newsecondary0099 26-01-30 18-15-17.fits,2026-01-30 18:15:17,1150.1834203517892,1059.8051505880346,2.942234449710731,9.405655159596447,6.928432659359434,22.14862530646649,2703.6027668643037,840.0757888305907,31922.66924826492,42563.627555887586,True,1,31
100,newsecondary0100 26-01-30 18-16-17.fits,2026-01-30 18:16:17,1148.5187476612505,1059.3975109710434,3.4947438343092623,9.531594454894641,8.22949283327977,22.445189683491744,2319.276675638591,968.6948558466825,31914.715309156785,42551.49937416745,True,1,29
101,newsecondary0101 26-01-30 18-17-17.fits,2026-01-30 18:17:17,1149.3634246309857,1059.1511957917294,3.5431639639212857,11.094174570613628,8.34351352507316,26.124784661953598,2195.177819415632,683.3839149749241,31949.057391487997,42598.99629397845,True,1,28
102,newsecondary0102 26-01-30 18-18-16.fits,2026-01-30 18:18:16,1150.410882213185,1061.7829762444542,4.027099188139435,10.490811209629584,9.483093891558605,24.703972525071123,1985.6768855849318,782.8519240399738,31971.247956186762,42628.051792059385,True,1,31
103,newsecondary0103 26-01-30 18-19-16.fits,2026-01-30 18:19:16,1150.2751729283932,1060.0185575115038,4.4064731334014136,9.282857442081923,10.376451262423984,21.85945877977924,1816.8291982498324,875.0813315225331,31858.829634503105,42478.28807527401,True,1,29
104,newsecondary0104 26-01-30 18-20-17.fits,2026-01-30 18:20:17,1149.221768126778,1059.8632845503755,3.6007193864175004,6.034032269315842,8.479046187667471,14.209060140148534,2159.2347726112416,1253.7555663006597,31968.43459498809,42624.84971796078,True,1,27
105,newsecondary0105 26-01-30 18-21-17.fits,2026-01-30 18:21:17,1150.327192157253,1058.4191117203873,3.6061091561926024,10.078965589598383,8.491738125571983,23.734150203563452,2128.081783985872,877.1972282353855,31938.651580219685,42583.36383527204,True,1,29
106,newsecondary0106 26-01-30 18-22-17.fits,2026-01-30 18:22:17,1149.4761915122247,1057.769690092253,3.29927343435962,6.72198658208246,7.769195217268136,15.829068745916855,2432.751322736255,1102.2949097115602,31918.553634209555,42558.866696417965,True,1,26
107,newsecondary0107 26-01-30 18-23-17.fits,2026-01-30 18:23:17,1151.4000983461783,1057.3137385130415,3.612658516781502,8.507138518187707,8.50716069116886,20.0327803084833,2195.94180383661,1020.3593007074666,31989.595079861643,42651.83005112,True,1,31
108,newsecondary0108 26-01-30 18-24-17.fits,2026-01-30 18:24:17,1150.5957242816287,1056.924725448015,3.174860522752892,10.057687379724435,7.476225199155948,23.684043848429905,2516.704580143211,884.8895606736485,31929.25292199277,42571.164172953904,True,1,28
109,newsecondary0109 26-01-30 18-25-17.fits,2026-01-30 18:25:17,1152.2718450182745,1056.2888265047063,3.7905588744290775,8.209421139850406,8.926084019375544,19.33170945822056,2172.409061842567,1027.9358153773862,31947.010342358764,42595.75060208394,True,1,29
110,newsecondary0110 26-01-30 18-26-17.fits,2026-01-30 18:26:17,1151.1396621297201,1058.8006445496862,3.0167078915593346,8.062715308025025,7.103804213046972,18.986243624715215,2671.6275827787804,960.2324562312485,31953.731010516323,42605.38399216616,True,1,29
111,newsecondary0111 26-01-30 18-27-17.fits,2026-01-30 18:27:17,1152.4956610892266,1057.2260391282427,3.8600771952045365,6.060164710767791,9.089787154634488,14.27059733710518,2094.3476147634,1310.673648806155,31948.162637377303,42597.732565183855,True,1,28
112,newsecondary0112 26-01-30 18-28-17.fits,2026-01-30 18:28:17,1151.8838656619819,1056.4309104785043,2.9646825207538408,8.36587553727739,6.981293827024028,19.70013140941486,2594.8040644778876,1048.3003324747274,31992.339924593478,42655.064297795194,True,1,30
113,newsecondary0113 26-01-30 18-29-17.fits,2026-01-30 18:29:17,1152.195881777871,1055.3903175303994,3.193721739716355,10.067652188343203,7.520639970935188,23.70750917951028,2575.438828820225,916.4049239698805,31942.99976596302,42589.37589078348,True,1,29
114,newsecondary0114 26-01-30 18-30-17.fits,2026-01-30 18:30:17,1152.124532155318,1056.5146016320482,2.8084609896211297,8.782786312572934,6.613420234047293,20.681881260070202,2930.951554285274,931.2056482391761,31989.958249163436,42653.34585354873,True,1,31
115,newsecondary0115 26-01-30 18-31-17.fits,2026-01-30 18:31:17,1152.0908944921825,1054.47777712248,3.5278850226845413,10.591360938895367,8.307534367982024,24.940749043068625,2318.3267223477374,805.4659125706618,31937.797381724566,42583.27572193499,True,1,29
116,newsecondary0116 26-01-30 18-32-17.fits,2026-01-30 18:32:17,1150.9679256100371,1056.7256129534612,3.661199244628346,10.393560622889652,8.621465370103,24.47496489402491,2243.121823153827,828.6670004271889,31966.39825438468,42621.34820473937,True,1,27
117,newsecondary0117 26-01-30 18-33-16.fits,2026-01-30 18:33:16,1152.689775816814,1054.156345427504,3.3145832104643373,9.426839161219977,7.80524698492446,22.198509818123544,2396.013129745086,891.8483307184387,31909.98607153747,42546.047837686594,True,1,31
118,newsecondary0118 26-01-30 18-34-16.fits,2026-01-30 18:34:16,1152.341653300652,1057.2914848675207,3.3095696817875706,9.210375855551558,7.793441027100072,21.68877768692189,2463.105274236606,878.7635943119809,31949.218140879715,42599.03240481067,True,1,29
119,newsecondary0119 26-01-30 18-35-17.fits,2026-01-30 18:35:17,1151.135735352601,1055.1030610325479,3.3196897911174017,9.276650166890825,7.817272063407863,21.844841763734216,2453.193233806525,931.1616296840076,31919.65332525025,42558.90051046129,True,1,29
120,newsecondary0120 26-01-30 18-36-17.fits,2026-01-30 18:36:17,1152.2632746711367,1055.3025569165366,2.972742662923485,8.083502913527102,7.000274011370906,19.0351946948397,2697.1645739102637,1075.1472214298662,31947.71022922335,42596.07922051695,True,1,30
121,newsecondary0121 26-01-30 18-37-17.fits,2026-01-30 18:37:17,1152.5905426743584,1057.3050271141276,3.3892711285541055,9.656111459623013,7.981123591563875,22.73840482217333,2347.9360668895897,910.3774868541959,31929.958246050588,42572.20368625355,True,1,31
122,newsecondary0122 26-01-30 18-38-17.fits,2026-01-30 18:38:17,1151.9459689519392,1058.6774496050996,3.742318103175367,6.776548233472575,8.812485684239554,15.957551616300288,2176.5983172987776,1369.3980343154983,31945.629321376004,42592.70988235176,True,1,22
123,newsecondary0123 26-01-30 18-39-17.fits,2026-01-30 18:39:17,1152.1928021983958,1057.7519792695448,4.252772348951032,7.056397461095967,10.014513574263244,16.616546187094283,1937.842196636441,1174.274395091592,31931.807241810187,42575.68503595967,True,1,30
124,newsecondary0124 26-01-30 18-40-17.fits,2026-01-30 18:40:17,1152.4800631408089,1057.4739824543192,3.9447893412641974,8.649439074028708,9.289269014233366,20.367872509796733,2054.7304124185916,945.0677653030255,31933.66573228504,42578.132229029856,True,1,29
125,newsecondary0125 26-01-30 18-41-17.fits,2026-01-30 18:41:17,1154.871629177427,1056.5787478250547,4.057556808783792,6.75937950629459,9.554816107175883,15.917122353393903,2018.4865158458206,1153.0738779492835,31930.584260920565,42574.623034405944,True,1,27
126,newsecondary0126 26-01-30 18-42-17.fits,2026-01-30 18:42:17,1151.4247330161568,1056.1716964816453,3.391132824725082,9.067483864833507,7.985507551025048,21.352292762904646,2374.767516946663,1071.1908263488647,31821.318187204768,42426.28400479134,True,1,29
127,newsecondary0127 26-01-30 18-43-17.fits,2026-01-30 18:43:17,1151.6195675652987,1060.686912623585,3.972225159170101,9.978223687673061,9.353875428190007,23.496921153535165,2044.612584306697,758.3641798756628,31928.107258298314,42571.52470385205,True,1,28
128,newsecondary0128 26-01-30 18-44-17.fits,2026-01-30 18:44:17,1152.5686027280535,1059.3749965279992,3.137308638794966,9.637606314813555,7.387797270083148,22.694828536239818,2536.184378847106,827.7152412817114,31911.99624894135,42549.30202690627,True,1,29
129,newsecondary0129 26-01-30 18-45-17.fits,2026-01-30 18:45:17,1152.1610201282372,1061.4751355147478,3.5490548747989785,6.957690065591078,8.35738556009144,16.38410803356657,2299.7791049996085,1270.0513587508492,31950.413115019983,42599.68100252638,True,1,32
130,newsecondary0130 26-01-30 18-46-16.fits,2026-01-30 18:46:16,1151.3327240532349,1062.9473352329294,3.4880637814045454,5.650056524103925,8.213762510797874,13.304866358517813,2220.9342214680273,1360.542283632002,31967.74874683382,42623.74187007478,True,1,4
131,newsecondary0131 26-01-30 18-47-16.fits,2026-01-30 18:47:16,1153.2931838398138,1061.5439520672408,3.1452820704889897,7.641905334767788,7.40657326686392,17.995311864540135,2515.6052455158438,1212.3145552477197,31911.037744980255,42546.306898311246,True,1,28
132,newsecondary0132 26-01-30 18-48-17.fits,2026-01-30 18:48:17,1151.776715345879,1061.9491293570356,3.149107511393542,8.364190515443097,7.415581491787042,19.696163486223153,2603.35665156056,1092.310406145106,32005.549010331113,42672.855818507065,True,1,28
133,newsecondary0133 26-01-30 18-49-17.fits,2026-01-30 18:49:17,1152.0193106562735,1061.0942841936458,2.928344070287347,6.746032046429881,6.895723315460164,15.88569148735424,2829.231919283899,1363.4430555306092,31896.5041179381,42527.49509139052,True,1,24
134,newsecondary0134 26-01-30 18-50-17.fits,2026-01-30 18:50:17,1153.3396861602912,1062.6938118112048,4.548695187442363,8.163126308201635,10.711358606125088,19.2226934606727,1739.605883363177,1067.3633720579285,31957.86813603641,42609.45920391267,True,1,28
135,newsecondary0135 26-01-30 18-51-17.fits,2026-01-30 18:51:17,1153.1270610004055,1060.4230295875207,3.7966399810190503,9.938057728620464,8.940403931069582,23.402337548030214,2096.712641979789,805.0349562199348,31978.164767839524,42637.50142013645,True,1,30
136,newsecondary0136 26-01-30 18-52-17.fits,2026-01-30 18:52:17,1151.7354697608662,1063.5668111317852,3.6777107353379095,9.090973390142343,8.660346959399222,21.407606367950155,2113.9240233653018,898.1916022865812,31976.190380573607,42634.416300055855,True,1,28
137,newsecondary0137 26-01-30 18-53-17.fits,2026-01-30 18:53:17,1153.1801555813195,1060.5412306471208,2.930163541353088,10.573768242778183,6.900007842397125,24.899321409605744,2817.330680505899,852.2656361548156,31921.16365080093,42560.57619328005,True,1,29
138,newsecondary0138 26-01-30 18-54-17.fits,2026-01-30 18:54:17,1151.6876565896064,1062.5546353856753,2.9409506306170043,8.310829533664455,6.925409496423333,19.570507976708274,2670.387419643041,885.1910911944401,31931.3407604472,42575.76160343646,True,1,31
139,newsecondary0139 26-01-30 18-55-17.fits,2026-01-30 18:55:17,1154.0378845150212,1061.6081393046818,4.434080320103929,8.372571996966,10.441461219057981,19.71590036692034,1816.370284785686,1013.9252232685379,31957.099840646584,42608.905260521286,True,1,28
140,newsecondary0140 26-01-30 18-56-17.fits,2026-01-30 18:56:17,1151.4222250742357,1061.5494968888515,3.231743011645778,8.927798903125622,7.610173224212167,21.023359815085534,2563.9661043010046,959.3454436997658,31885.174335922155,42513.206338384574,True,1,27
141,newsecondary0141 26-01-30 18-57-17.fits,2026-01-30 18:57:17,1152.95269161385,1062.9308764098375,2.9517967092633466,9.73207698994304,6.950950059829722,22.917289975702335,2777.606719045857,913.7946665220933,31974.324972724215,42631.53819632579,True,1,29
142,newsecondary0142 26-01-30 18-58-17.fits,2026-01-30 18:58:17,1153.0236884970775,1061.6417459062347,2.988002429502871,8.5744230019869,7.036208015594537,20.1912231596532,2712.268743603188,1058.6298198191403,31962.919220180578,42615.97118538867,True,1,31
143,newsecondary0143 26-01-30 18-59-17.fits,2026-01-30 18:59:17,1152.627016289478,1062.3813098178184,3.027073920837952,8.99204965602854,7.128214346579638,21.174658775929657,2733.427954363654,925.6706773403629,31990.947698516462,42654.53324928288,True,1,31
144,newsecondary0144 26-01-30 19-00-17.fits,2026-01-30 19:00:17,1151.5857800879928,1062.5402686043353,3.73787212773006,8.713177106261032,8.80201621214123,20.51796410572824,2164.19772844301,934.7316262660014,31968.371390682787,42624.42428513361,True,1,30
145,newsecondary0145 26-01-30 19-01-16.fits,2026-01-30 19:01:16,1153.6515465587536,1063.9113348775422,3.0137282717151304,6.012000553706412,7.096787744511269,14.157179414605025,2596.734313841196,1432.9039812985586,31991.843556738193,42654.77435749501,True,1,28
146,newsecondary0146 26-01-30 19-02-16.fits,2026-01-30 19:02:16,1151.0065144010466,1063.1782629263844,2.8962263914870205,7.751892342132777,6.82009196162129,18.254311474176177,2804.4441074278548,1202.5294470028787,31958.258642182616,42609.464770995364,True,1,27
147,newsecondary0147 26-01-30 19-03-17.fits,2026-01-30 19:03:17,1150.9683731720888,1061.7995350018468,3.286642574074896,8.598291930130575,7.739451814283682,20.24743019009933,2376.5449216677125,910.0353400546053,31905.053662506216,42540.05363233094,True,1,30
148,newsecondary0148 26-01-30 19-04-17.fits,2026-01-30 19:04:17,1152.6422982927545,1062.0241510273413,3.4511271761132005,10.530759899894635,8.12678345226242,24.79804450168,2286.2241038170923,830.5320075681961,31893.822367762354,42523.99264139241,True,1,26
149,newsecondary0149 26-01-30 19-05-17.fits,2026-01-30 19:05:17,1152.5197654210401,1062.4791349148788,3.3822969786020156,10.791227477334155,7.964700723459642,25.411398774115234,2406.3343166405293,731.2831532193934,31999.629903417102,42666.49232807268,True,1,29
150,newsecondary0150 26-01-30 19-06-17.fits,2026-01-30 19:06:17,1152.4594992319273,1063.6424115189188,3.317170904937315,9.048699423182173,7.8113405397398425,21.30805878316937,2374.262848790194,914.4453127455785,31991.341515312757,42654.60792283868,True,1,30
151,newsecondary0151 26-01-30 19-07-17.fits,2026-01-30 19:07:17,1152.22941331517,1065.895315986378,3.431037201510884,7.926398802367557,8.079475177364722,18.665242784724434,2231.89882712548,1004.4756057040555,31896.887315849843,42528.79091593726,True,1,31
152,newsecondary0152 26-01-30 19-08-17.fits,2026-01-30 19:08:17,1151.3670363902752,1066.8198852024707,3.806482825245621,7.1679709639775995,8.96358205795443,16.87928170817427,2052.909709594095,1156.6110906087808,31997.770945354816,42663.080586998505,True,1,28
153,newsecondary0153 26-01-30 19-09-17.fits,2026-01-30 19:09:17,1150.785259584952,1066.3414085438305,3.2238093495110376,8.603544093289788,7.591490877586777,20.259798089186415,2507.5760847762126,991.554673730783,31975.827372419277,42633.8602076816,True,1,30
154,newsecondary0154 26-01-30 19-10-17.fits,2026-01-30 19:10:17,1152.692155264562,1065.8063379321666,3.7080708592360234,7.211305326445777,8.731839587724124,16.98132633355297,2165.248989924492,1179.85346723287,32017.246736325105,42689.044185043924,True,1,29
155,newsecondary0155 26-01-30 19-11-17.fits,2026-01-30 19:11:17,1151.9006414709254,1065.600326796812,3.712174688545171,9.235215057580552,8.741503367242691,21.747269537762335,2121.9004461903555,906.1798256241697,31970.717834547548,42626.989514115536,True,1,30
156,newsecondary0156 26-01-30 19-12-17.fits,2026-01-30 19:12:17,1152.2922381477708,1063.8289382721043,3.2270328351368116,9.540645033372343,7.599081606153219,22.466502167110164,2501.5729041191144,975.2778387705591,31960.954030651825,42613.01665435104,True,1,28
157,newsecondary0157 26-01-30 19-13-17.fits,2026-01-30 19:13:17,1154.1119589128773,1065.4951093962209,3.1014752908234935,7.20424638545006,7.303416183999356,16.964703797799565,2631.0453013189226,1186.4257187885414,31980.560419550446,42640.24798766977,True,1,29
158,newsecondary0158 26-01-30 19-14-17.fits,2026-01-30 19:14:17,1151.48952108644,1064.302551371369,3.593743028958238,9.982254217502716,8.462618121281098,23.50641232597013,2295.947183329524,897.4266162692786,31997.81739943757,42662.84453183024,True,1,29
159,newsecondary0159 26-01-30 19-15-17.fits,2026-01-30 19:15:17,1153.0329274863163,1065.7572664714085,3.0393290738982994,7.842201400268707,7.157073026661067,18.46697305452253,2677.6181317315863,1121.2113999309338,31896.807735891205,42528.23292435459,True,1,29
160,newsecondary0160 26-01-30 19-16-17.fits,2026-01-30 19:16:17,1151.7196048963715,1067.2291333855358,3.3137129277847706,9.700678085012926,7.8031976258257725,22.843351204980884,2447.2672852601995,937.4903423583274,31975.865121384257,42633.21707319177,True,1,29
161,newsecondary0161 26-01-30 19-17-17.fits,2026-01-30 19:17:17,1153.242141797569,1065.9636338949308,3.2022530323076097,7.928257820721163,7.5407296297391,18.669620438407588,2500.360108403819,1134.9209951776377,31957.37035666263,42608.54912213538,True,1,28
162,newsecondary0162 26-01-30 19-18-17.fits,2026-01-30 19:18:17,1152.633288179518,1065.668320569698,3.5140580905217016,8.762387232224158,8.274974430963685,20.63384509676471,2337.5286148652467,999.9192965150663,31919.615750615336,42558.78175151954,True,1,32
163,newsecondary0163 26-01-30 19-19-16.fits,2026-01-30 19:19:16,1153.4901826798612,1064.0134366139212,2.959236039771098,8.489743833038926,6.968468344430986,19.991818955217948,2779.941328818937,967.0015006122196,31941.06644137664,42588.11038939487,True,1,30
164,newsecondary0164 26-01-30 19-20-16.fits,2026-01-30 19:20:16,1151.0262367543455,1067.5306960899284,3.4429674733664455,9.296779285199241,8.107568820672867,21.892242215015674,2371.3316786756745,757.4115601134183,31964.716759023475,42621.070270877484,True,1,32
165,newsecondary0165 26-01-30 19-21-16.fits,2026-01-30 19:21:16,1152.124064498439,1066.5177645110946,2.9280997994278093,10.342412674415666,6.8951481015437075,24.354520679696158,2670.0990032350905,792.8909277161687,31948.465041343254,42597.46071625885,True,1,28
166,newsecondary0166 26-01-30 19-22-17.fits,2026-01-30 19:22:17,1152.8047118706124,1062.860743092518,3.115564690115664,7.849668162068098,7.336594183875004,18.484555934879207,2629.8889933177584,1044.313288038565,31960.926974314243,42614.56424003656,True,1,29
167,newsecondary0167 26-01-30 19-23-17.fits,2026-01-30 19:23:17,1151.5882999536302,1066.0831620607848,3.367843678625415,10.023713996463437,7.930665802957898,23.604042644529386,2319.0387725587684,756.0212301833461,31940.64152466511,42587.82120275939,True,1,28
168,newsecondary0168 26-01-30 19-24-17.fits,2026-01-30 19:24:17,1152.1959630448182,1067.5706318857901,3.1669761148565456,8.828782363557268,7.457658837398432,20.79019368292038,2566.459037014995,937.1298681691338,31978.555300827647,42637.88573570737,True,1,30
169,newsecondary0169 26-01-30 19-25-17.fits,2026-01-30 19:25:17,1152.2317825217058,1066.895148910096,3.7342841991705518,9.304759545001943,8.79356728604916,21.91103429076363,2147.267173929112,870.6207182105192,31995.161105870495,42660.108546185365,True,1,29
170,newsecondary0170 26-01-30 19-26-17.fits,2026-01-30 19:26:17,1152.555255518815,1066.5523984752517,4.128151491671003,10.841386800468005,9.721053881511292,25.529514953676006,1943.5878038117783,823.4512249771948,31976.485438390635,42634.14837643907,True,1,29
171,newsecondary0171 26-01-30 19-27-17.fits,2026-01-30 19:27:17,1150.849487870958,1065.3874159312584,4.505956780912755,7.585010323092786,10.610717349736486,17.86133435058557,1830.7648452506105,1352.8733663240378,31903.132312070535,42534.9151684342,True,1,17
172,newsecondary0172 26-01-30 19-28-17.fits,2026-01-30 19:28:17,1152.7097071147846,1066.6501773548853,4.6450263660967295,7.03359218648656,10.938201196581847,16.562843869311614,1780.1026640973923,1195.0666394878556,32017.29654080496,42689.552086858486,True,1,29
173,newsecondary0173 26-01-30 19-29-17.fits,2026-01-30 19:29:17,1150.2319679491134,1069.5397862392374,3.5084470108830357,8.893561464455535,8.26176134815629,20.9427368082147,2287.8342208269605,902.1297108902719,32016.99225836996,42689.327651826556,True,1,31
174,newsecondary0174 26-01-30 19-30-17.fits,2026-01-30 19:30:17,1152.191520048972,1066.831069885413,3.187595095371823,10.380142501825025,7.506212826023909,24.443367633575278,2486.1140121295666,870.7429335459882,31993.95588760287,42657.17181122778,True,1,31
175,newsecondary0175 26-01-30 19-31-17.fits,2026-01-30 19:31:17,1150.831445684949,1068.780175578275,3.0360297184148433,7.768325662456643,7.149303638232942,18.293008986281233,2495.4174774907074,1144.7241351599262,31980.495130798692,42638.962748188795,True,1,26
176,newsecondary0176 26-01-30 19-32-17.fits,2026-01-30 19:32:17,1152.5903508169947,1066.686730502334,2.885452038945186,6.162893404677092,6.794720300283547,14.51250492472265,2761.0433558957343,1336.3176110521574,31966.502333342836,42621.656612555635,True,1,28
177,newsecondary0177 26-01-30 19-33-17.fits,2026-01-30 19:33:17,1151.6463320025891,1068.5831029364062,2.9008746150653084,7.894352544478157,6.831037691677228,18.589779614278243,2705.966725521434,1068.2981145327672,31937.992204773167,42583.236777443795,True,1,29
178,newsecondary0178 26-01-30 19-34-17.fits,2026-01-30 19:34:17,1152.6931864682076,1065.9302079670874,3.011372337175916,7.3997606612222935,7.091239942633545,17.425104733477728,2727.5812398446346,1175.5442596881678,31967.8067709084,42623.117014834934,True,1,30
179,newsecondary0179 26-01-30 19-35-16.fits,2026-01-30 19:35:16,1152.0117688979547,1064.1726945307864,3.0157351045743317,7.875925406406365,7.1015134747551425,18.546387020174233,2655.175116262838,1013.017595774202,31999.806968890232,42666.44649634602,True,1,29
180,newsecondary0180 26-01-30 19-36-16.fits,2026-01-30 19:36:16,1154.2697240741716,1066.1381060637284,3.4300563339075065,8.804476494833208,8.077165410670768,20.732957736037072,2326.988969005786,914.7931235727017,31977.934350674004,42637.15222599405,True,1,28
181,newsecondary0181 26-01-30 19-37-17.fits,2026-01-30 19:37:17,1154.5118144590974,1063.9653059966768,3.6886549154243324,7.923724870159983,8.686118534043159,18.658946155562983,2212.1173883736433,1001.250059797461,32001.38023565657,42668.79852806968,True,1,30
182,newsecondary0182 26-01-30 19-38-17.fits,2026-01-30 19:38:17,1154.6991376086196,1065.3009073201458,3.165025823567437,8.740911883487362,7.453066252377189,20.58327451508527,2525.3105632464976,924.7638202914841,31978.407538378953,42637.75988882606,True,1,31
183,newsecondary0183 26-01-30 19-39-17.fits,2026-01-30 19:39:17,1156.5978705733453,1061.968617427231,2.897303720483777,10.801413351434153,6.8226288775379444,25.43538467462207,2761.839976130894,821.9738093732876,32014.6401381886,42685.05656051378,True,1,30
184,newsecondary0184 26-01-30 19-40-17.fits,2026-01-30 19:40:17,1155.6703354319086,1063.8673241929807,3.389375548158198,7.987033198655172,7.981369480940687,18.80802587652086,2380.7537368572725,1082.09852860069,32013.419499774966,42683.819866897815,True,1,30
185,newsecondary0185 26-01-30 19-41-17.fits,2026-01-30 19:41:17,1156.5576176050618,1064.1232837770992,3.675673840917835,6.337641635151638,8.655550439589218,14.924005560677799,2213.135243315949,1295.308932630077,31986.0749121347,42648.00389792862,True,1,27
186,newsecondary0186 26-01-30 19-42-17.fits,2026-01-30 19:42:17,1157.9436082340956,1062.9285924117164,3.0921855406462457,8.7410006818196,7.281540494068643,20.583483619177986,2642.599762998861,978.122387213549,32000.39055390288,42666.69954134625,True,1,29
187,newsecondary0187 26-01-30 19-43-17.fits,2026-01-30 19:43:17,1157.4715968985436,1062.4194858977044,3.1362107317762815,9.14055375608924,7.38521189662797,21.524359207521876,2516.518126957671,879.4253677471698,31999.41314026423,42665.69579817249,True,1,30
188,newsecondary0188 26-01-30 19-44-17.fits,2026-01-30 19:44:17,1157.28750867562,1065.1909810852653,3.4460417869097397,9.324690652791357,8.114808275829326,21.957968462905818,2330.813080624891,955.4823501793755,31981.50407522327,42640.873971886576,True,1,29
189,newsecondary0189 26-01-30 19-45-17.fits,2026-01-30 19:45:17,1158.5936828919632,1066.0993498666028,3.5111113751879235,7.172762058378222,8.268035446628705,16.89056387330649,2312.363900334106,1187.0447072609304,32023.51534230972,42697.51059213291,True,1,28
190,newsecondary0190 26-01-30 19-46-17.fits,2026-01-30 19:46:17,1157.6196619742798,1063.8548795115896,3.3546139151392076,7.325264950495591,7.899512090709558,17.249680740589664,2432.714666068427,1194.4532269732629,31992.57749293161,42656.010693803924,True,1,30
191,newsecondary0191 26-01-30 19-47-17.fits,2026-01-30 19:47:17,1159.8692970937273,1064.7710939771305,3.675253176209136,7.861011709035109,8.654559849900936,18.511267946658876,2158.0616296996413,1100.3470143742625,32002.565150926628,42669.160526963555,True,1,13
192,newsecondary0192 26-01-30 19-48-16.fits,2026-01-30 19:48:16,1159.400424180726,1061.4405658804874,3.360302296121436,6.085730671136619,7.912907204270283,14.330800573052162,2416.1441667710997,1323.1657481546924,31991.57976397422,42655.52548880753,True,1,19
193,newsecondary0193 26-01-30 19-49-17.fits,2026-01-30 19:49:17,1159.0391418111988,1066.9362563360212,3.3854928865504266,6.300631936923418,7.972226511558634,14.836854381429442,2431.0774062477426,1202.4046220710802,31882.639065784526,42511.02932721641,True,1,27
194,newsecondary0194 26-01-30 19-50-17.fits,2026-01-30 19:50:17,1158.5543312757939,1068.9862412902532,3.032497740531433,6.482204963742923,7.140986465914481,15.264426184620953,2679.869049364637,1284.902285514183,32017.373607995985,42689.570624057436,True,1,28
195,newsecondary0195 26-01-30 19-51-17.fits,2026-01-30 19:51:17,1159.2963914980621,1067.2183746575129,3.3124034702681895,8.761731058140006,7.800114089017611,20.632299924878318,2405.9844848146563,854.6302538396153,32000.900924755824,42668.48881999469,True,1,28
196,newsecondary0196 26-01-30 19-52-17.fits,2026-01-30 19:52:17,1158.7098666209508,1066.585448472616,2.7900486021912583,8.650834829533391,6.570062375050556,20.371159262837125,2944.402469967452,932.4907922518177,31948.051305386765,42597.59283495706,True,1,31
197,newsecondary0197 26-01-30 19-53-17.fits,2026-01-30 19:53:17,1158.4164987797603,1067.8006328540814,3.687315880264542,7.818904857134831,8.682965347207883,18.412113887770953,2186.042405655418,1034.6730607877391,32003.71720669165,42671.585057327386,True,1,27
198,newsecondary0198 26-01-30 19-54-17.fits,2026-01-30 19:54:17,1159.7998512478673,1068.9806382440574,3.793109920876313,9.272338229247882,8.9320912746853,21.83468792653969,2184.364003656961,927.9778407754659,32028.752025183483,42704.59138661745,True,1,28
199,newsecondary0199 26-01-30 19-55-17.fits,2026-01-30 19:55:17,1158.656856414748,1071.6300914149895,3.23221375491568,9.596221384465558,7.611281739900195,22.597374472694145,2529.0229692676107,940.5644675053595,32041.87691402007,42721.404584287884,True,1,29
200,newsecondary0200 26-01-30 19-56-17.fits,2026-01-30 19:56:17,1159.0441416684114,1068.2274109225245,2.9256049696011917,8.436661742651635,6.889273226259047,19.86682018474181,2831.5413826751965,1048.8272693612291,31936.14898252446,42580.803933526346,True,1,28
201,newsecondary0201 26-01-30 19-57-17.fits,2026-01-30 19:57:17,1161.0420905558258,1070.4415551014438,3.492820375343826,7.287288873057676,8.224963433552166,17.160253912207214,2334.932352587298,1245.9643449017833,31979.18641777232,42637.72354010464,True,1,29
202,newsecondary0202 26-01-30 19-58-17.fits,2026-01-30 19:58:17,1160.0670561593254,1069.9901023027476,3.6260805727353125,5.699349420105812,8.538767217574419,13.420942258100684,2246.67384116086,1362.5949142009988,31961.848167838212,42616.28845877894,True,1,26
203,newsecondary0203 26-01-30 19-59-17.fits,2026-01-30 19:59:17,1157.9743699831977,1072.151682186357,3.254356747457434,7.873265775695395,7.663424502594489,18.540124068463662,2453.052850141254,1169.5057007555931,31948.658299760165,42596.631890258795,True,1,29
204,newsecondary0204 26-01-30 20-00-18.fits,2026-01-30 20:00:18,1159.4011450110338,1070.8981829509323,4.348219739578113,7.406057221971936,10.239275002957795,17.439932000945742,1922.1086585849716,1000.2993758275953,31969.384732060204,42627.07058110305,True,1,29
205,newsecondary0205 26-01-30 20-01-18.fits,2026-01-30 20:01:18,1160.5889803806333,1069.279548976724,3.135929501946213,7.333469575292933,7.384549650986864,17.269001155524403,2580.98656366784,1074.2521997344102,31971.654657544626,42629.151127956764,True,1,29
206,newsecondary0206 26-01-30 20-02-18.fits,2026-01-30 20:02:18,1158.7591927870055,1070.059998494414,3.2328394316317604,9.537997684262017,7.612755095972931,22.460268136358973,2577.8954069705746,897.7909198546167,31937.68092425583,42583.27902338198,True,1,28
207,newsecondary0207 26-01-30 20-03-18.fits,2026-01-30 20:03:18,1161.0908777674185,1071.155802857822,3.08218350847367,9.491342821152564,7.257987508217617,22.35040432951066,2568.168439162889,914.0496394695977,32044.35209005354,42724.822839346176,True,1,33
208,newsecondary0208 26-01-30 20-04-18.fits,2026-01-30 20:04:18,1161.5902077243652,1070.291563060323,4.696195654884972,7.641867366125109,11.05869566351038,17.99522245521927,1804.4563179872598,960.4188622176774,31909.280336292577,42547.17019969261,True,1,27
209,newsecondary0209 26-01-30 20-05-18.fits,2026-01-30 20:05:18,1160.8953382203713,1070.2417466039913,3.226263634168918,6.125862238462176,7.597270276295366,14.425303192228894,2525.705336378068,1298.3208686088146,31978.689240237814,42638.50408747162,True,1,28
210,newsecondary0210 26-01-30 20-06-18.fits,2026-01-30 20:06:18,1163.8945686178297,1067.7616589097113,4.211068401459444,8.47767955263623,9.916308282753137,19.963409745896808,2006.2153589094148,965.0696478964707,31976.603096836057,42635.81475940418,True,1,29
211,newsecondary0211 26-01-30 20-07-18.fits,2026-01-30 20:07:18,1162.1947268985994,1070.3246545650359,4.475686521059975,9.884235631803323,10.539436335066863,23.275596195579613,1874.4632896837254,775.1486459968199,31930.62523796885,42575.10536814847,True,1,32
212,newsecondary0212 26-01-30 20-08-18.fits,2026-01-30 20:08:18,1161.347428885161,1072.4445768424391,3.7909721298382633,7.924661870344398,8.927057161496814,18.661152622379443,2134.361038032309,1103.6721380175327,31980.04093771454,42639.21011125872,True,1,31
213,newsecondary0213 26-01-30 20-09-18.fits,2026-01-30 20:09:18,1159.7947658849944,1068.1863278415976,3.6358872566991476,7.234590536206405,8.56186019354774,17.036158812250047,2245.6522697449527,1094.16615684673,31953.231301838845,42604.629589090575,True,1,27
214,newsecondary0214 26-01-30 20-10-18.fits,2026-01-30 20:10:18,1161.4257969240869,1071.3385376642477,3.2067451748186784,9.663494057815178,7.5513078169693,22.755789512380648,2553.6221638895527,879.3708309830308,31954.88838093099,42606.11943785486,True,1,29
215,newsecondary0215 26-01-30 20-11-18.fits,2026-01-30 20:11:18,1161.7807914060927,1071.1284075371257,4.060347138529827,7.502179652560304,9.561386831594094,17.66628302727233,2035.274063066298,1149.1541786580124,31970.789130566132,42627.25820669282,True,1,31
216,newsecondary0216 26-01-30 20-12-17.fits,2026-01-30 20:12:17,1162.5689043351967,1069.1698231070218,3.7405008660780177,8.521538476934111,8.808206417896143,20.066689619986953,2238.1454827309685,1045.7230681821927,31972.86537295326,42629.7916722278,True,1,28
217,newsecondary0217 26-01-30 20-13-18.fits,2026-01-30 20:13:18,1163.375767061039,1070.9961459673307,3.7870152706451936,6.520733776503572,8.917739470153608,15.355154605220974,2133.2237446957784,1278.0792222586035,32045.99038422272,42727.657779819296,True,1,27
218,newsecondary0218 26-01-30 20-14-18.fits,2026-01-30 20:14:18,1163.4293915798535,1071.5064308951835,3.1233985349127926,7.570423425090832,7.355041478632944,17.826984830775746,2690.5546728460386,1226.4537403456711,31979.10343818745,42637.66847870707,True,1,29
219,newsecondary0219 26-01-30 20-15-18.fits,2026-01-30 20:15:18,1162.407364665451,1071.6033670261013,5.203324886433382,6.687466347199354,12.252893743381716,15.747779804854941,1678.1462373381607,1228.602771546295,31977.908669771234,42637.87651297775,True,1,25
220,newsecondary0220 26-01-30 20-16-18.fits,2026-01-30 20:16:18,1163.6134636239265,1070.5997691797643,4.3786790857788915,6.775226144933795,10.311001281949926,15.954438335707863,1927.9721563127325,1309.0992142149137,31978.35382557751,42637.25391085459,True,1,20
221,newsecondary0221 26-01-30 20-17-18.fits,2026-01-30 20:17:18,1163.544704039129,1070.8085095302995,3.0937140382128105,8.604614489946806,7.285139830777171,20.2623186806905,2595.5023235713943,893.4886475168181,32013.47392813257,42685.072390660745,True,1,30
222,newsecondary0222 26-01-30 20-18-18.fits,2026-01-30 20:18:18,1162.0436997776806,1072.830226175042,3.7294410146879162,9.148306690319682,8.782162458147669,21.54261597245553,2133.1288599005234,973.2264878159477,32013.33828082819,42683.22867796718,True,1,28
223,newsecondary0223 26-01-30 20-19-18.fits,2026-01-30 20:19:18,1161.090638324643,1074.3849185770368,3.165248239061944,8.678409883322542,7.45359000084198,20.436093552242625,2581.5768350417206,933.53322845767,32011.24556687552,42681.75068947829,True,1,31
224,newsecondary0224 26-01-30 20-20-18.fits,2026-01-30 20:20:18,1165.4541645354177,1075.8627664728042,3.355472059461145,8.495010211211808,7.901532866160386,20.004220328104164,2468.798010052292,978.2211354026563,31994.15475871902,42658.83946633487,True,1,31
225,newsecondary0225 26-01-30 20-21-18.fits,2026-01-30 20:21:18,1163.5155244288355,1073.426502144052,3.43312484906364,7.121441284846094,8.084391211668912,16.76971268706654,2458.030593166597,1271.8442005107577,31996.123553639412,42660.7003886662,True,1,27
226,newsecondary0226 26-01-30 20-22-18.fits,2026-01-30 20:22:18,1164.8201193336008,1075.206899855355,3.078091873192907,7.766327951232815,7.2483524434415205,18.288304735847177,2644.0089167423703,1155.4562329908929,32016.04660488846,42686.98528292064,True,1,28
227,newsecondary0227 26-01-30 20-23-18.fits,2026-01-30 20:23:18,1161.6775886814028,1074.0049888507942,3.0433996092928925,10.294884834994354,7.166658405002263,24.24260117072984,2714.049869585731,863.6756096118494,31981.239353803394,42640.83820084967,True,1,30
228,newsecondary0228 26-01-30 20-24-18.fits,2026-01-30 20:24:18,1163.0146922412864,1077.646087795427,3.317201545676854,7.811620847021974,7.8114126931675045,18.394961354748986,2476.6675274520207,1081.7782408521664,32001.00020498593,42667.697471337706,True,1,27
229,newsecondary0229 26-01-30 20-25-18.fits,2026-01-30 20:25:18,1164.440328944944,1076.2793880779097,4.446594096865118,8.07453174988377,10.470928911414271,19.014069218865128,1865.4956102775366,1042.7236425995563,31968.5205491283,42624.53365738514,True,1,28
230,newsecondary0230 26-01-30 20-26-18.fits,2026-01-30 20:26:18,1162.868323314564,1078.8608593343822,4.077089025469275,6.699233276716486,9.600810962550746,15.77548880635035,1994.7200651592198,1316.6994943692102,31994.557278672764,42658.52229429047,True,1,1
231,newsecondary0231 26-01-30 20-27-18.fits,2026-01-30 20:27:18,1164.4854166274317,1076.6792843677745,3.9002323027571553,6.366703429810448,9.184345206809768,14.992440857284938,2144.556810019173,1343.887471580131,31996.02541857943,42661.119832901066,True,1,24
232,newsecondary0232 26-01-30 20-28-18.fits,2026-01-30 20:28:18,1163.1693806074886,1075.8191311147948,4.869851180362806,7.542929280588817,11.467623175835964,17.762241068181424,1690.495918339936,1048.5094592063172,31996.512065626397,42662.43338285099,True,1,28
233,newsecondary0233 26-01-30 20-29-18.fits,2026-01-30 20:29:18,1163.5829847735365,1077.0682896901956,3.8778920037225304,8.3343735828592,9.131737822831047,19.625949975693256,2179.750376437103,920.1209960847652,31980.54663613709,42641.74001534642,True,1,32
234,newsecondary0234 26-01-30 20-30-18.fits,2026-01-30 20:30:18,1161.6746655789655,1075.5262297862387,3.8996964930448623,9.134650833332246,9.183083471358938,21.510458886689438,2136.5334110754043,1004.3656226669802,31942.605399164695,42589.05394314428,True,1,31
235,newsecondary0235 26-01-30 20-31-18.fits,2026-01-30 20:31:18,1164.767180627867,1078.6737974302648,3.7290531804617033,6.547704081152919,8.781249178337633,15.418664819229846,2150.089948416229,1300.4762636801893,31991.043347382685,42654.08319179464,True,1,28
236,newsecondary0236 26-01-30 20-32-18.fits,2026-01-30 20:32:18,1166.720444152422,1076.4090736517285,3.8537064304085193,6.654650439230487,9.074785149990648,15.670504246973962,2241.9501848077252,1190.5300511182722,31946.950689931655,42596.85909650709,True,1,28
237,newsecondary0237 26-01-30 20-33-18.fits,2026-01-30 20:33:18,1164.1444177555918,1077.4086521863471,4.320864657752685,4.556219943442717,10.174858707941814,10.729078052388688,1979.3812078714325,1711.7333084597637,31926.13993633646,42569.15829325508,True,1,1
238,newsecondary0238 26-01-30 20-34-18.fits,2026-01-30 20:34:18,1164.1889391180525,1077.5828913078083,4.297825386918103,7.276085299342335,10.120605371157644,17.133871512246344,1800.108461621679,1269.6281250232703,31988.398279469933,42649.261811693366,True,1,16
239,newsecondary0239 26-01-30 20-35-18.fits,2026-01-30 20:35:18,1166.7828501205972,1075.2519202411606,3.264906512536541,5.3473456057141835,7.688267300873138,12.592036620043922,2485.054912006171,1344.8488998150033,31963.531844815006,42619.23143206121,True,1,26
240,newsecondary0240 26-01-30 20-36-18.fits,2026-01-30 20:36:18,1168.7068204535876,1074.7806866297124,4.286141881278749,6.006517519444297,10.093092817881862,14.144267855617006,1927.4362782180287,1399.512624320323,31903.7372988685,42538.129520707116,True,1,23
241,newsecondary0241 26-01-30 20-37-18.fits,2026-01-30 20:37:18,1166.937414459695,1078.2263283395052,3.2571397398086157,6.786918364578927,7.669977948768219,15.981971408899126,2572.7245253144615,1266.9659221602676,31901.53748019471,42535.10083285571,True,1,20
242,newsecondary0242 26-01-30 20-38-19.fits,2026-01-30 20:38:19,1166.6047763433332,1078.1316394508895,3.624717440476384,6.598500364600163,8.535557286407066,15.538280925704491,2247.751584270907,1342.2298435072203,31958.41216645067,42610.301715533715,True,1,24
243,newsecondary0243 26-01-30 20-39-19.fits,2026-01-30 20:39:19,1164.6405471680298,1078.1300973500042,3.9554727012994935,7.034830527878156,9.314426404592764,16.565759940443137,2125.22937736912,1155.4528046374035,31997.641807043456,42663.88070262769,True,1,23
244,newsecondary0244 26-01-30 20-40-19.fits,2026-01-30 20:40:19,1166.295261573946,1075.8337847420592,3.61620194289229,7.030176774506824,8.515504822002628,16.554801188719694,2225.036233069766,1317.6172521721237,32024.37083982544,42697.59202479096,True,1,31
245,newsecondary0245 26-01-30 20-41-19.fits,2026-01-30 20:41:19,1169.0634049627618,1077.1630172167077,3.758866501811682,6.527543107814415,8.851454185061511,15.371189355085003,2206.474060786893,1268.3342435406444,31993.79144388598,42658.40759139188,True,1,29
246,newsecondary0246 26-01-30 20-42-19.fits,2026-01-30 20:42:19,1167.978339974421,1078.181441658371,3.701957820079013,9.387434625625444,8.717444480581136,22.1057192278404,2256.818879132385,963.0299489543212,32007.555170653177,42675.856031913376,True,1,29
247,newsecondary0247 26-01-30 20-43-19.fits,2026-01-30 20:43:19,1167.6515374437215,1080.0393576581746,4.35349890854853,5.239917412597758,10.251706495870438,12.339062557491907,1912.6843750289736,1509.1560322236917,31977.962821707868,42637.82404945648,True,1,25
248,newsecondary0248 26-01-30 20-44-19.fits,2026-01-30 20:44:19,1167.5075482765017,1079.5698573966804,3.426954126923857,5.384925555457394,8.069860271481835,12.68053063899049,2381.748384801311,1432.101381529703,32015.000595266098,42687.2481923941,True,1,27
249,newsecondary0249 26-01-30 20-45-19.fits,2026-01-30 20:45:19,1167.4086355298903,1081.4112786197452,3.3096694724772537,8.181787229947707,7.793676016216445,19.266636573259106,2470.7279926444935,1039.7855245885125,31984.261406684258,42645.25635353456,True,1,27
250,newsecondary0250 26-01-30 20-46-19.fits,2026-01-30 20:46:19,1168.122624674445,1079.2229058636935,3.3665561182469235,9.174463672586624,7.927633829969438,21.604210958615244,2483.694351042616,992.8836109806376,31964.4135172291,42618.25395324838,True,1,27
251,newsecondary0251 26-01-30 20-47-19.fits,2026-01-30 20:47:19,1168.0541796776386,1080.1480562650706,3.8080769989455887,7.741771628623324,8.967336050138373,18.2304790151341,2189.4033808134795,1161.9682402499775,31981.34112487336,42640.939373433306,True,1,26
252,newsecondary0252 26-01-30 20-48-19.fits,2026-01-30 20:48:19,1167.9551143023386,1080.129759110366,3.9042640910599866,8.278546884381031,9.193839342722596,19.494488147068964,2127.577504531106,1033.0341534955073,31982.54412819601,42643.07575122972,True,1,27
253,newsecondary0253 26-01-30 20-49-18.fits,2026-01-30 20:49:18,1167.1150005174843,1083.1606540429011,3.8787365881584606,7.5337315909443126,9.133726667190496,17.74058216423857,2104.0923178498956,1059.3428926342806,31967.687444268464,42623.81588904897,True,1,27
254,newsecondary0254 26-01-30 20-50-18.fits,2026-01-30 20:50:18,1169.1776501395875,1081.508711400662,3.8521960365233556,6.794831243418065,9.071228444193974,16.000604814603427,2094.7386626549933,1226.796397872297,31980.211093453767,42639.93778866026,True,1,28
255,newsecondary0255 26-01-30 20-51-19.fits,2026-01-30 20:51:19,1166.4586753108595,1083.3520063634192,3.2055519701835267,7.842831460744484,7.54849803477662,18.468456733560473,2564.9891777379457,1133.9815316848624,31967.77275682004,42622.83126809598,True,1,30
256,newsecondary0256 26-01-30 20-52-19.fits,2026-01-30 20:52:19,1168.9431308815188,1082.6857499534522,4.113331487373118,5.111555023334049,9.686155438323189,12.036792230225661,2037.9301777039477,1452.0842165158128,31916.60676363464,42556.713879159855,True,1,27
257,newsecondary0257 26-01-30 20-53-19.fits,2026-01-30 20:53:19,1168.0175621675608,1079.997652663522,4.212234015550199,6.616242332169553,9.919053094178816,15.58006006657518,1941.9689717429694,1248.2892848370097,31952.879132378825,42603.73703501875,True,1,27
258,newsecondary0258 26-01-30 20-54-19.fits,2026-01-30 20:54:19,1170.9000084119648,1082.2845901934725,3.5511211724294776,9.189874836837161,8.36225131917074,21.640501477109673,2273.528137051164,896.1143471308561,31988.86016642451,42651.60517905624,True,1,31
259,newsecondary0259 26-01-30 20-55-19.fits,2026-01-30 20:55:19,1167.730404662,1082.9761044156878,3.902983795948195,7.369450331304839,9.190824478129793,17.353729361016605,2184.0362841069455,1258.7253787798722,31928.41738166991,42570.25371910322,True,1,8
260,newsecondary0260 26-01-30 20-56-19.fits,2026-01-30 20:56:19,1167.5994366368154,1081.5466855624927,3.7038069995169844,5.495336208905318,8.721798965388531,12.940527858914628,2158.181809845561,1461.936537412027,32016.915622960598,42689.16881042712,True,1,16
261,newsecondary0261 26-01-30 20-57-19.fits,2026-01-30 20:57:19,1169.9780987766344,1082.2860863873232,5.851081882350702,5.88558791885136,13.778244901676851,13.85950040810317,1493.1819734462476,1382.9278004074804,31983.832664167578,42645.88050013896,True,1,26
262,newsecondary0262 26-01-30 20-58-18.fits,2026-01-30 20:58:18,1171.119482873749,1081.8841181339258,3.20977202686344,6.354419303813825,7.558435508837647,14.963513951152404,2534.282527757049,1335.8178000611317,31988.84988795726,42651.34355495499,True,1,28
263,newsecondary0263 26-01-30 20-59-18.fits,2026-01-30 20:59:18,1170.6724708280158,1079.2664260554916,3.6235828446118554,5.440999005451953,8.532885517322265,12.81257352303172,2238.434322026762,1429.5170198256533,31975.492421503677,42634.41946682898,True,1,17
264,newsecondary0264 26-01-30 21-00-18.fits,2026-01-30 21:00:18,1168.2593927836624,1080.3887240869717,4.395824798869502,9.359215745819077,10.351376350822045,22.039268844024047,1950.1052081607784,937.7181161452414,31959.189960727967,42611.99025852909,True,1,32
265,newsecondary0265 26-01-30 21-01-18.fits,2026-01-30 21:01:18,1170.0202483985274,1081.351418923788,3.347037318186814,6.6471294552455245,7.881670568332941,15.652793683127815,2462.788665786417,1224.7230105140304,31991.82667781717,42655.90062185267,True,1,29
266,newsecondary0266 26-01-30 21-02-18.fits,2026-01-30 21:02:18,1169.8107115755804,1081.3637740469733,3.2317916284545114,6.985213414862069,7.610287708047897,16.448920568136288,2500.9487143765564,1223.057522848088,32001.988450553417,42668.72380542389,True,1,24
267,newsecondary0267 26-01-30 21-03-19.fits,2026-01-30 21:03:19,1169.0060397765646,1080.1621510725217,3.4025171939478756,7.573595672627883,8.012315691870915,17.834454902863794,2482.8328279296006,1209.7656981134867,31966.896335509147,42621.607293827874,True,1,28
268,newsecondary0268 26-01-30 21-04-19.fits,2026-01-30 21:04:19,1169.1549797377745,1082.0356202301907,4.481527969085096,5.546414950037605,10.553191893968426,13.060809102407884,1867.155525022898,1547.7940481902824,31956.399406708882,42608.25274074544,True,1,8
269,newsecondary0269 26-01-30 21-05-19.fits,2026-01-30 21:05:19,1168.2947119580133,1080.069237400086,3.76212060704116,5.257713915720722,8.859117017284527,12.38097011977732,2125.10699247293,1514.2629333811985,32010.059311545283,42680.122080911104,True,1,2
270,newsecondary0270 26-01-30 21-06-19.fits,2026-01-30 21:06:19,1170.5899197246629,1084.0672791993532,3.390205899513749,7.028542291409746,7.983324808957157,16.55095227515943,2429.814708782448,1196.3580542853167,31975.06152342096,42633.19476954956,True,1,27
271,newsecondary0271 26-01-30 21-07-19.fits,2026-01-30 21:07:19,1171.9422598609206,1082.2903775442064,3.401320331822125,7.373867998697088,8.00949729694606,17.364132172744153,2480.947533151372,1145.728952596623,32020.972925951133,42694.617729506586,True,1,33
272,newsecondary0272 26-01-30 21-08-19.fits,2026-01-30 21:08:19,1169.327615186073,1083.64690015169,4.138513590619078,10.475709725211768,9.745454759822813,24.66841124685433,1978.0091025041331,890.0694869773185,32003.20667318137,42669.4747546592,True,1,30
273,newsecondary0273 26-01-30 21-09-18.fits,2026-01-30 21:09:18,1170.6104447781695,1082.1579935047741,3.674320899299907,4.715442794931515,8.652364505547565,11.104019214701495,2193.2227109376868,1712.894486922336,31972.960291370728,42630.58992953025,True,1,2
274,newsecondary0274 26-01-30 21-10-18.fits,2026-01-30 21:10:18,1169.4810042120246,1083.7866444690887,3.4377388186332545,6.846223944640001,8.095256279698603,16.12162537760913,2444.982053976138,1370.469123152651,32008.398635671452,42676.604662333564,True,1,25
275,newsecondary0275 26-01-30 21-11-18.fits,2026-01-30 21:11:18,1171.1167680428423,1083.6832183108663,3.592452425123089,7.105944643020819,8.459578981499895,16.73322088426572,2259.822878278069,1226.365522971097,32015.52061117796,42686.59209056811,True,1,16
276,newsecondary0276 26-01-30 21-12-18.fits,2026-01-30 21:12:18,1168.4832519577537,1083.5818778700393,4.245744212921668,8.709636780355712,9.997963578662095,20.50962727532045,1960.28479761271,1032.516251738948,31919.43775623171,42558.38646562092,True,1,28
277,newsecondary0277 26-01-30 21-13-19.fits,2026-01-30 21:13:19,1171.061444534847,1084.4574525452913,3.24477331606468,6.939755079203042,7.640857246250653,16.341874368112666,2590.7909598872106,1193.3944007470716,32014.38964343042,42686.01360248662,True,1,30
278,newsecondary0278 26-01-30 21-14-19.fits,2026-01-30 21:14:19,1168.6853261462916,1084.9447606841275,4.176870531922898,7.506828271380858,9.835778454071123,17.677229688052677,2019.5707228169979,990.9087038118413,32005.730468241574,42675.59271664536,True,1,26
279,newsecondary0279 26-01-30 21-15-19.fits,2026-01-30 21:15:19,1170.8453935144635,1085.5521264890701,3.308827397937395,7.897979568704687,7.791693082210576,18.59832060363069,2487.70626964939,1097.7296409044366,31992.770433404574,42656.46189199013,True,1,29
280,newsecondary0280 26-01-30 21-16-19.fits,2026-01-30 21:16:19,1170.5013988784665,1085.1037331920732,4.082004604982162,6.5370223212091725,9.612386267720636,15.393511196798105,2111.4203887008493,1324.7260075060594,31974.827084360786,42633.04999582829,True,1,29
281,newsecondary0281 26-01-30 21-17-19.fits,2026-01-30 21:17:19,1171.4206725919364,1087.3927188857244,3.3584137269050087,9.210295582927852,7.908459963623011,21.688588659338517,2418.666137437098,942.914539684225,31955.66819267674,42606.83340140976,True,1,30
282,newsecondary0282 26-01-30 21-18-19.fits,2026-01-30 21:18:19,1170.3184242996815,1086.4728278992425,3.500523254200617,8.7381792014049,8.243102327088582,20.576839540540792,2377.7914673792948,1042.7392913343226,32002.27972363,42668.69007119112,True,1,27
283,newsecondary0283 26-01-30 21-19-19.fits,2026-01-30 21:19:19,1171.851584385684,1084.6445356860536,3.280580696241833,8.604748737702373,7.725177182851857,20.262634809996307,2487.150436133621,1054.7894812030445,31967.027266068188,42621.52075323674,True,1,29
284,newsecondary0284 26-01-30 21-20-19.fits,2026-01-30 21:20:19,1171.1616457226194,1086.4123967055016,4.225973738802015,7.2468696021895544,9.95140766990537,17.065073802961425,2001.7772689599265,1174.3395824428512,31989.982748051418,42653.24479259697,True,1,30
285,newsecondary0285 26-01-30 21-21-19.fits,2026-01-30 21:21:19,1170.9506682980125,1084.1421852568358,3.651406759146154,8.38406192312317,8.598405828998859,19.74295707535117,2211.536395261138,1086.5860849671326,32013.677248401502,42683.568726210346,True,1,30
286,newsecondary0286 26-01-30 21-22-19.fits,2026-01-30 21:22:19,1172.364655096983,1085.0938081124064,3.865890639595359,8.17781467019075,9.10347677001667,19.257281909913342,2088.214070191199,1057.1287828392472,32012.157204144412,42682.13847225611,True,1,29
287,newsecondary0287 26-01-30 21-23-19.fits,2026-01-30 21:23:19,1171.7490849255378,1086.1209944700347,4.416453298441027,6.410798367108659,10.399952755111984,15.09627649951915,1916.6463401868837,1346.031522068066,32029.399670326824,42705.654301435905,True,1,13
288,newsecondary0288 26-01-30 21-24-19.fits,2026-01-30 21:24:19,1169.476738357297,1084.4424586077178,5.66505185060296,9.284031350469915,13.340177653939524,21.86222312278231,1531.1057897377977,951.7691936821225,32015.902786841114,42687.66090185439,True,1,29
289,newsecondary0289 26-01-30 21-25-19.fits,2026-01-30 21:25:19,1171.783705967689,1086.4788132378826,4.938601914682414,6.853086812528005,11.629518783122373,16.137786196478203,1740.2459384959068,1277.8973857477508,32002.356897862974,42669.598815962934,True,1,27
290,newsecondary0290 26-01-30 21-26-18.fits,2026-01-30 21:26:18,1173.3909211721461,1085.7287562215865,4.714412820878238,7.975152489402244,11.101593811154977,18.78004894422288,1789.7365271694184,1168.927439734084,31953.788650245097,42603.910633840744,True,1,25
291,newsecondary0291 26-01-30 21-27-18.fits,2026-01-30 21:27:18,1171.8980849684815,1087.5755929418337,3.7852351456417495,5.200648294120227,8.913547596112837,12.246590850150323,2197.979059124292,1665.2200057360553,31970.304469392562,42626.63376472501,True,1,1
292,newsecondary0292 26-01-30 21-28-18.fits,2026-01-30 21:28:18,1173.791292367295,1084.034881427095,4.271856235458056,8.371572942028967,10.059452692747081,19.71354777232853,1929.1198198743261,1042.6541814464679,31911.97070623015,42548.66538320039,True,1,28
293,newsecondary0293 26-01-30 21-29-18.fits,2026-01-30 21:29:18,1171.7126771885003,1084.73130558381,3.865443697482692,8.137054132717505,9.102424301770792,19.16129817922511,2187.6225223205347,1049.2749803628035,31907.631798304203,42543.40349233617,True,1,29
294,newsecondary0294 26-01-30 21-30-19.fits,2026-01-30 21:30:19,1172.2384911870802,1084.9281720748102,4.409826015358153,5.918777789749945,10.384346696064338,13.937656581387149,1911.9180632088644,1527.6706516962595,31992.803646017543,42656.28405843584,True,1,9
295,newsecondary0295 26-01-30 21-31-19.fits,2026-01-30 21:31:19,1176.7397048448138,1086.8281976549954,3.2839816782009086,7.317310744778292,7.733185883341876,17.23095001752427,2476.5902000372316,1235.250763090336,31992.556867131774,42655.5747451982,True,1,31
296,newsecondary0296 26-01-30 21-32-19.fits,2026-01-30 21:32:19,1174.2849736336038,1083.7365508817277,3.664640597525941,8.615800747184446,8.629569136888282,20.288660303462564,2245.87979007417,970.1220009325287,32000.977079997632,42667.804348600206,True,1,29
297,newsecondary0297 26-01-30 21-33-19.fits,2026-01-30 21:33:19,1173.7075662168572,1085.606766758953,3.187510367923289,8.580330069926525,7.506013308129737,20.205133241644788,2554.748815734637,1024.2098408876168,31987.351390114363,42648.97047523446,True,1,27
298,newsecondary0298 26-01-30 21-34-19.fits,2026-01-30 21:34:19,1173.5139861133514,1084.459611198563,4.007131076217883,7.8059396715401945,9.43607258134431,18.381583208845154,2039.3068263331609,944.4350460818365,31992.67569863838,42657.931907133614,True,1,31
299,newsecondary0299 26-01-30 21-35-19.fits,2026-01-30 21:35:19,1175.6844473879414,1085.9352803836834,4.040430071482208,6.092525549622915,9.514485722872136,14.346801289115243,2052.332009722749,1345.1420841037225,31950.78714367643,42601.17458740934,True,1,2
300,newsecondary0300 26-01-30 21-36-19.fits,2026-01-30 21:36:19,1175.6368390506489,1086.2901095661657,3.681078339092746,8.5095621404895,8.668277060224833,20.038487502861145,2213.8613233012907,1024.165943908323,32011.274880839053,42680.970279702946,True,1,29
301,newsecondary0301 26-01-30 21-37-19.fits,2026-01-30 21:37:19,1174.415972412293,1086.149374648699,4.392267640199629,9.063216243288132,10.342999882282871,21.342243282144988,1865.9334316990114,951.7155972577292,31961.286836115203,42614.494761354166,True,1,29
302,newsecondary0302 26-01-30 21-38-19.fits,2026-01-30 21:38:19,1174.326495407143,1084.8735078567781,3.200113692094093,7.84796638971252,7.53569186852117,18.48054856722421,2531.8037792605646,1108.0625893299618,32011.65051984984,42681.43480726321,True,1,30
303,newsecondary0303 26-01-30 21-39-19.fits,2026-01-30 21:39:19,1172.998247341325,1089.0626782328663,4.473756109195003,6.894216358642688,10.534890562512063,16.234638876112083,1862.6397987721446,1217.706816054377,32016.01592443649,42687.94111064206,True,1,21
304,newsecondary0304 26-01-30 21-40-18.fits,2026-01-30 21:40:18,1174.4822134357296,1090.5995800569706,3.784858003223495,7.05809603007816,8.9126594935865,16.620546011381418,2209.6901266545747,1215.368173938649,31993.872359926256,42658.219484603025,True,1,26
305,newsecondary0305 26-01-30 21-41-18.fits,2026-01-30 21:41:18,1173.3737826106417,1089.048978291657,3.374331799404228,6.827127176298485,7.945944159822428,16.076655924723216,2400.4974298994166,1249.1086216002634,32008.137007497608,42676.96446331922,True,1,21
306,newsecondary0306 26-01-30 21-42-19.fits,2026-01-30 21:42:19,1173.5155574118035,1088.7000314303937,3.9062030012371802,5.061084474064407,9.198405127273366,11.917943169121786,2135.710575236504,1626.6173565312483,31960.520218288595,42614.168885501305,True,1,1
307,newsecondary0307 26-01-30 21-43-19.fits,2026-01-30 21:43:19,1173.4982200303284,1091.3354069154475,3.2704460681675767,8.188538348366071,7.701311957513664,19.28253424223705,2494.0885590948196,1079.1855416160308,31971.295130902963,42627.51648426421,True,1,29
308,newsecondary0308 26-01-30 21-44-19.fits,2026-01-30 21:44:19,1174.7856592606697,1091.6371598347562,3.958622908100221,7.760929131043795,9.32184457471311,18.275591485846558,2117.607732819531,1098.0877352609616,31903.010189130404,42537.16721181438,True,1,30
309,newsecondary0309 26-01-30 21-45-19.fits,2026-01-30 21:45:19,1174.166213286396,1090.1886460204826,2.9899024023116687,8.232773571803742,7.040682109649707,19.386700233084497,2725.8143363334925,1023.672882147316,31925.982709489024,42567.61881243482,True,1,28
310,newsecondary0310 26-01-30 21-46-19.fits,2026-01-30 21:46:19,1173.814472016615,1087.4375812754568,4.375768371279821,7.002397647526126,10.304147073102152,16.489386343672088,1887.1445375764256,1167.4503809843068,32000.952545205204,42668.043433424275,True,1,28
311,newsecondary0311 26-01-30 21-47-19.fits,2026-01-30 21:47:19,1175.0022731779504,1091.3452671145124,3.825932823478121,6.862623451251276,9.009383303668136,16.16024326450598,2183.775802347796,1270.625610328951,32000.375838000473,42666.69734547276,True,1,12
312,newsecondary0312 26-01-30 21-48-19.fits,2026-01-30 21:48:19,1175.0853531138562,1089.4139712162496,3.2139590017270327,9.534546369321932,7.568295081174476,22.452140910756345,2486.6914683883624,947.4240181575194,31994.315862240575,42657.7453597239,True,1,28
313,newsecondary0313 26-01-30 21-49-19.fits,2026-01-30 21:49:19,1172.4621910188753,1088.7457052263712,3.8952635873562063,8.033809380151459,9.172644776185559,18.91817536633832,2137.6362293895904,1050.1031995129304,32026.75045030829,42702.192520207434,True,1,30
314,newsecondary0314 26-01-30 21-50-19.fits,2026-01-30 21:50:19,1172.3343638388706,1091.4623528488482,3.2395967757358166,8.218632807758116,7.628667425320334,19.353401278457802,2436.9122048608388,1019.2917454882138,32004.751983028447,42672.38040747037,True,1,30
315,newsecondary0315 26-01-30 21-51-18.fits,2026-01-30 21:51:18,1174.7074251006413,1090.3982346931714,3.734839887813658,8.703005757848933,8.794875832804744,20.494012410602437,2262.876358102653,883.2960117115732,32001.73313235098,42669.962819193235,True,1,31
316,newsecondary0316 26-01-30 21-52-18.fits,2026-01-30 21:52:18,1174.5336927511817,1088.5664479167065,3.595214630769385,7.032326293565105,8.466083478724292,16.559862919285308,2270.2248491810906,1175.7417044381539,32008.88350169634,42678.37433016169,True,1,28
317,newsecondary0317 26-01-30 21-53-18.fits,2026-01-30 21:53:18,1173.2564412698473,1090.4976006051068,3.8823553515480365,9.574927361364098,9.142248203758495,22.547230880255476,2117.0102571278703,917.3183948589191,32005.51198188529,42673.28839484075,True,1,30
318,newsecondary0318 26-01-30 21-54-19.fits,2026-01-30 21:54:19,1175.0530126781773,1090.6925724157898,3.0341759218407995,7.17916992566399,7.144938280900973,16.905653247636913,2705.1109053511123,1103.959195100554,31959.971890671055,42613.65982028021,True,1,29
319,newsecondary0319 26-01-30 21-55-19.fits,2026-01-30 21:55:19,1172.9022377723506,1091.7343152625883,3.2023338162520054,7.196932405493775,7.540919861390679,16.94748069118955,2495.386129231725,1077.6271328890637,31947.72082738094,42597.26469609969,True,1,31
320,newsecondary0320 26-01-30 21-56-19.fits,2026-01-30 21:56:19,1173.6341045213003,1091.1246406100952,3.4957237901210028,5.902754622663497,8.2318004528685,13.899924906347099,2358.529904899638,1449.8585127303584,32009.443066607288,42678.85333157177,True,1,19
321,newsecondary0321 26-01-30 21-57-19.fits,2026-01-30 21:57:19,1173.6367004608749,1091.858891394339,3.322457768724925,5.979865098706469,7.823790152562255,14.08150620101497,2458.604665443058,1345.3488771726084,32008.731994898564,42678.468705506464,True,1,26
322,newsecondary0322 26-01-30 21-58-19.fits,2026-01-30 21:58:19,1175.29695281367,1090.0416162626875,3.816057542998916,6.843369052014607,8.986128795245401,16.11490261922844,2167.019062506212,1266.5319829811017,32032.64410265701,42709.67910798527,True,1,31
323,newsecondary0323 26-01-30 21-59-19.fits,2026-01-30 21:59:19,1176.5878154133238,1092.0888767091606,3.896310162585432,7.568891854752324,9.175109272513973,17.823378258242254,2068.4980828301086,1160.3847696351038,32005.14305713176,42672.59141857869,True,1,29
324,newsecondary0324 26-01-30 22-00-19.fits,2026-01-30 22:00:19,1173.6631724163183,1091.3197651427688,3.2718719674550236,7.701891368353686,7.704669693737939,18.13656817885011,2504.137896167776,1196.373227617358,32026.419230941294,42700.57566004607,True,1,29
325,newsecondary0325 26-01-30 22-01-19.fits,2026-01-30 22:01:19,1175.735698847104,1092.7489383737288,3.721870304685881,6.493606463558509,8.764334798479759,15.29127466493011,2286.4486943867173,1143.371172597726,31962.457534926245,42618.00940406775,True,1,8
326,newsecondary0326 26-01-30 22-02-19.fits,2026-01-30 22:02:19,1174.3666863576345,1090.0394336331142,4.317727017075513,8.163885604528144,10.167470128781106,19.224481466882484,1986.110164202474,1104.882633730267,32001.555731313787,42668.16763032502,True,1,32
327,newsecondary0327 26-01-30 22-03-19.fits,2026-01-30 22:03:19,1175.3405714809642,1091.8958108538693,3.7328800454341717,7.67056878421116,8.790260756684429,18.062809129849118,2145.416578594915,1085.7914923100009,32022.784899718135,42696.633847483376,True,1,29
328,newsecondary0328 26-01-30 22-04-19.fits,2026-01-30 22:04:19,1175.5594355410403,1091.1497012894847,4.20209508555176,6.107591458018552,9.895177738583326,14.38227879220189,1984.9201965611662,1399.4151677681343,32031.649558725396,42708.600158141286,True,1,16
329,newsecondary0329 26-01-30 22-05-18.fits,2026-01-30 22:05:18,1173.569914347256,1091.4992519543032,4.221346256708596,6.911368079581711,9.940510782313766,16.275028092386073,2049.9166324767693,1271.0182808007553,32025.219954886987,42700.12427270041,True,1,29
330,newsecondary0330 26-01-30 22-06-19.fits,2026-01-30 22:06:19,1175.729917547975,1090.7933636049956,4.208517435537873,7.66340620069402,9.910301217066829,18.04594253460875,1987.8962111960805,1153.1328439279164,32001.08885320954,42667.5113749623,True,1,30
331,newsecondary0331 26-01-30 22-07-19.fits,2026-01-30 22:07:19,1175.996394486661,1091.5987861366934,3.0197125936382534,8.200952486573028,7.110879745731757,19.311767303728573,2726.4308929050408,1126.56620444838,32002.286973336537,42668.418967088655,True,1,29
332,newsecondary0332 26-01-30 22-08-19.fits,2026-01-30 22:08:19,1175.8054943734217,1092.242785150969,3.5459318439212266,7.233970362560921,8.35003138437926,17.03469841491826,2291.6358199117235,1209.962722097905,32014.253926570756,42684.86363042236,True,1,28
333,newsecondary0333 26-01-30 22-09-19.fits,2026-01-30 22:09:19,1174.1554583203083,1091.1251395179033,3.916212901063287,6.049140881185589,9.221976640032635,14.244638202232005,2120.6113790204336,1388.3927861447492,32007.49345664724,42676.536971691276,True,1,1
334,newsecondary0334 26-01-30 22-10-19.fits,2026-01-30 22:10:19,1175.117116754543,1092.3159657683682,3.6275815426648044,6.502452180563414,8.542301731651376,15.312104736645933,2295.435226196915,1274.208380826718,31999.02106906047,42665.41480639713,True,1,28
335,newsecondary0335 26-01-30 22-11-19.fits,2026-01-30 22:11:19,1175.4055271075201,1091.6575561859638,3.604129750489701,6.826548061003131,8.487076981345542,16.075292212417335,2314.1066171129255,1189.655856817832,31999.749562755107,42666.61525864367,True,1,26
336,newsecondary0336 26-01-30 22-12-18.fits,2026-01-30 22:12:18,1174.3648321461421,1092.8154247611055,3.9116839771232392,7.430802493447592,9.211311839156188,17.49820266223635,2149.1100841442917,1104.378946973649,31994.630663495976,42659.76571550686,True,1,28
337,newsecondary0337 26-01-30 22-13-18.fits,2026-01-30 22:13:18,1176.5985640605313,1093.15549263343,4.390909690351069,8.15737355279575,10.339802154759337,19.209146756928764,1925.2472462359724,1102.8226902160034,32009.5389661671,42678.685714736464,True,1,29
338,newsecondary0338 26-01-30 22-14-18.fits,2026-01-30 22:14:18,1174.0203102828827,1092.3005683549409,3.4690729618120004,8.398449727004959,8.169042548149784,19.77683776433598,2421.4564180516727,1065.967609879654,32026.462499471072,42701.23789713382,True,1,27
339,newsecondary0339 26-01-30 22-15-18.fits,2026-01-30 22:15:18,1176.5857360642697,1092.1324603026042,3.6860146269759544,6.981059488937913,8.679901129880255,16.439138820104514,2290.4798886711596,1248.8952683882374,32011.099607736694,42681.110432119356,True,1,29
340,newsecondary0340 26-01-30 22-16-19.fits,2026-01-30 22:16:19,1175.9578728135402,1092.1640136126314,4.149793403158121,8.251141652312507,9.772016688493943,19.42995375725528,1989.8307224064924,1021.8136326443793,32013.982948210018,42685.08657077249,True,1,30
341,newsecondary0341 26-01-30 22-17-19.fits,2026-01-30 22:17:19,1176.9763478331934,1092.4455135315955,3.27911420773741,6.585498746270912,7.721723866325833,15.50766445424493,2496.065374646266,1340.5880690437475,31951.87636564814,42601.67200610635,True,1,27
342,newsecondary0342 26-01-30 22-18-19.fits,2026-01-30 22:18:19,1175.754980968296,1094.7586385618183,3.892824824421317,8.850470723091982,9.166901928341403,20.84126586669656,2076.883359808082,921.2988348730146,31978.239603785398,42637.563854221495,True,1,29
343,newsecondary0343 26-01-30 22-19-19.fits,2026-01-30 22:19:19,1175.1773641495893,1093.5639493116823,3.418111612003658,8.10289449739998,8.049037740099266,19.08085838524845,2367.959682826624,1010.0962339993273,32001.350877640834,42668.35081851767,True,1,30
344,newsecondary0344 26-01-30 22-20-19.fits,2026-01-30 22:20:19,1175.9939343961948,1091.3929896021423,4.285038980638605,7.6485285340341465,10.090495685346774,18.01090830693479,1925.0956916337411,1149.4917174276081,32030.793806879537,42707.02516677025,True,1,28
345,newsecondary0345 26-01-30 22-21-19.fits,2026-01-30 22:21:19,1177.8515064215287,1092.5500205516173,4.052188143090257,9.95462746741812,9.542173865585678,23.441356301091865,1983.2572819420536,911.0468335594701,31946.16064913205,42593.54941236308,True,1,29
346,newsecondary0346 26-01-30 22-22-19.fits,2026-01-30 22:22:19,1176.3399223666884,1091.3686611216624,3.7513072645115426,6.30108434710208,8.833653541541999,14.83791972598673,2206.419154479451,1354.5413716315036,31915.713251369965,42553.95150645991,True,1,23
347,newsecondary0347 26-01-30 22-23-19.fits,2026-01-30 22:23:19,1177.5003396135974,1092.8181220641427,3.1958156345052267,9.10075484109447,7.52557071635621,21.43063992472171,2524.5017481491013,901.5899573774543,31991.722576666853,42655.45305589132,True,1,29
348,newsecondary0348 26-01-30 22-24-18.fits,2026-01-30 22:24:18,1175.5190705025075,1094.0764454197017,4.117888361582168,6.014920046475264,9.696886057053344,14.16405429469844,1936.7613440208688,1250.5748962466012,32005.14765414501,42674.11464575955,True,1,26
349,newsecondary0349 26-01-30 22-25-18.fits,2026-01-30 22:25:18,1179.7578389822556,1090.9495019134092,5.1807647883032955,4.697600851137785,12.199768772087124,11.062004647813705,1655.120325140546,1700.38082735787,32008.884718823258,42679.26994814483,True,1,1
350,newsecondary0350 26-01-30 22-26-18.fits,2026-01-30 22:26:18,1177.8918046944307,1087.7705215736703,4.831591511405983,6.846802893895366,11.377528540460188,16.12298869892072,1734.6124402714422,1164.664674683463,31946.31909796309,42595.61654884412,True,1,25
351,newsecondary0351 26-01-30 22-27-18.fits,2026-01-30 22:27:18,1180.1055149770443,1090.8404386386053,3.352276868743065,8.23411164987055,7.894008767009754,19.389851166138033,2422.5719660682385,1055.05922278867,32004.506304393275,42671.94481902844,True,1,29
352,newsecondary0352 26-01-30 22-28-19.fits,2026-01-30 22:28:19,1177.760038502311,1091.417251467457,3.608275255712426,8.98275245817957,8.496838900140794,21.152765548072285,2278.6059482222595,1018.6299409071959,32002.253437402618,42668.474330750934,True,1,29
353,newsecondary0353 26-01-30 22-29-19.fits,2026-01-30 22:29:19,1176.940129935853,1092.0354840867294,3.770136346149608,7.3131461011122765,8.877992640412838,17.22114303113912,2207.675543210072,1148.4080529082069,32024.48137992909,42699.21149313593,True,1,30
354,newsecondary0354 26-01-30 22-30-19.fits,2026-01-30 22:30:19,1179.633384188669,1089.1934330020758,4.647301546956327,8.165668247395967,10.943558838076099,19.228679270040764,1736.1634260545982,999.3083705960121,32002.647119015965,42670.07811798796,True,1,30
355,newsecondary0355 26-01-30 22-31-19.fits,2026-01-30 22:31:19,1178.1951990386856,1090.0181498023362,4.122467181065755,6.706168893274933,9.70766835295587,15.791820935246829,1985.1876524090942,1250.3672149768158,31981.986141069465,42642.38862462122,True,1,30
356,newsecondary0356 26-01-30 22-32-19.fits,2026-01-30 22:32:19,1180.266612146469,1092.3412605962728,3.6977578262410744,5.859591128670044,8.707554250902552,13.798282645477745,2127.4557685834848,1340.9633841179389,31990.489898161606,42653.99854699104,True,1,4
357,newsecondary0357 26-01-30 22-33-19.fits,2026-01-30 22:33:19,1180.8122973730758,1091.394232254762,3.6507198349046215,7.0615947580160885,8.596788246025481,16.628784886061762,2172.1940705037646,1210.988508174166,32008.351951123623,42677.00130807337,True,1,23
358,newsecondary0358 26-01-30 22-34-19.fits,2026-01-30 22:34:19,1178.560485682771,1090.6306130278233,3.45452097423334,7.462289990260993,8.134775236104511,17.572350050900393,2359.9912360429307,1140.4030293035423,32025.453072533986,42700.14328595287,True,1,31
359,newsecondary0359 26-01-30 22-35-19.fits,2026-01-30 22:35:19,1178.7209148956729,1090.6856821707372,3.2946654086660883,9.172827739608932,7.758344145996989,21.600358630847047,2472.076826600891,1000.1484334656503,31967.871662760746,42622.501397963024,True,1,30
360,newsecondary0360 26-01-30 22-36-19.fits,2026-01-30 22:36:19,1180.1394910008455,1094.0409364684442,3.570216445028938,7.310155545942031,8.407217249853279,17.214100811878456,2218.4275855141905,1197.4177285518956,31975.074782280775,42632.358902245614,True,1,29
361,newsecondary0361 26-01-30 22-37-19.fits,2026-01-30 22:37:19,1177.3277255481783,1090.6419118150893,4.014557168459939,9.323543576732968,9.453559692212155,21.955267305210345,2090.7630435826177,908.675075675114,32023.990218458926,42698.55229711225,True,1,29
362,newsecondary0362 26-01-30 22-38-19.fits,2026-01-30 22:38:19,1179.4708305704485,1092.7987188797026,5.773533886295949,6.3919384344917125,13.595633326115138,15.05186475214483,1492.627791735445,1338.9555137176656,31980.9342347239,42641.322000339744,True,1,29
363,newsecondary0363 26-01-30 22-39-19.fits,2026-01-30 22:39:19,1177.8974217692673,1091.6171447378606,3.342572609861572,7.593126906835237,7.871156983673445,17.880447444679465,2459.6935589983004,1065.8632888000272,31916.045618627475,42554.89314183355,True,1,26
364,newsecondary0364 26-01-30 22-40-19.fits,2026-01-30 22:40:19,1178.429395465404,1092.8396842689929,3.7680275676547708,7.241406440548567,8.873026846542666,17.05220904041998,2223.4901707823556,1119.1074713077446,31969.274319646123,42626.05272877792,True,1,25
365,newsecondary0365 26-01-30 22-41-19.fits,2026-01-30 22:41:19,1178.1902509571319,1094.554675036837,3.0035055622678493,8.075630428360135,7.0727151033902835,19.01665640896432,2666.4049647363513,978.7331716279544,32001.080830127994,42668.24274296256,True,1,29
366,newsecondary0366 26-01-30 22-42-19.fits,2026-01-30 22:42:19,1177.9093009760045,1093.3103652755349,3.7427841034442633,6.595538102377538,8.813583031013742,15.531305331244015,2251.7427597656942,1229.8055827809612,31910.068931633494,42547.16675015357,True,1,29
367,newsecondary0367 26-01-30 22-43-19.fits,2026-01-30 22:43:19,1177.708056119559,1093.6011697083302,4.280188746541844,6.839147507418134,10.079074256872628,16.104961641391675,1926.652043917163,1130.340351074086,31998.15017529021,42664.86540566749,True,1,28
368,newsecondary0368 26-01-30 22-44-20.fits,2026-01-30 22:44:20,1178.7768954897767,1094.706590827185,3.684993931938714,7.618583866345225,8.677497576746697,17.940394003219126,2316.4344312977996,1113.3189404264815,32030.50127456658,42707.40483294112,True,1,29
369,newsecondary0369 26-01-30 22-45-20.fits,2026-01-30 22:45:20,1177.2154677365315,1094.6701645999517,3.817262315387126,7.9494819974819295,8.988965817414858,18.719599555283118,2187.8480895217986,978.8804403235462,31998.383359641037,42665.24611117089,True,1,30
370,newsecondary0370 26-01-30 22-46-20.fits,2026-01-30 22:46:20,1174.6133426929775,1096.4834860289775,3.255108176393524,7.346090434276019,7.66519398251561,17.29872100724328,2493.2919252281913,1192.9966406034143,32011.29643827812,42680.893136578314,True,1,26
371,newsecondary0371 26-01-30 22-47-20.fits,2026-01-30 22:47:20,1175.5685048857886,1095.406865706026,3.01500974126476,8.025021635791976,7.099805374693832,18.897481809770003,2635.4541560382913,1071.6368082942226,32044.95892452769,42725.76863472125,True,1,30
372,newsecondary0372 26-01-30 22-48-20.fits,2026-01-30 22:48:20,1176.243296138861,1098.3059266647767,3.268005319902365,7.2851957655914035,7.695564434573869,17.15532502078923,2478.9138637267456,1111.1641493082145,32020.461243986407,42693.95613316212,True,1,28
373,newsecondary0373 26-01-30 22-49-20.fits,2026-01-30 22:49:20,1174.4857557309838,1094.4235793572743,3.7878456368066558,6.383392718786714,8.919694833035335,15.031741129503565,2233.2819599406866,1363.612946575453,31992.166130760554,42655.90540737751,True,1,29
374,newsecondary0374 26-01-30 22-50-20.fits,2026-01-30 22:50:20,1174.2664729106505,1095.4613345004186,3.0327874793147567,7.150954538682815,7.141668748609274,16.839211088795338,2559.9387644195863,1189.4964370799569,32036.341112709346,42714.1643683746,True,1,30
375,newsecondary0375 26-01-30 22-51-20.fits,2026-01-30 22:51:20,1174.9469612420296,1095.861789941591,3.1911738530626135,9.869029988879305,7.514640156370492,23.239789642824555,2607.8384845811206,908.4046485965926,32031.83822303096,42708.28852631093,True,1,30
376,newsecondary0376 26-01-30 22-52-20.fits,2026-01-30 22:52:20,1177.102287378715,1096.4164652148645,3.876746909596466,5.666914921576484,9.129041332229544,13.344564850813294,2103.356706201209,1415.123776782144,32017.61246057642,42690.32375522786,True,1,5
377,newsecondary0377 26-01-30 22-53-19.fits,2026-01-30 22:53:19,1175.5792427184472,1095.5050520413236,3.4307001922551232,7.506583304419643,8.078681581213896,17.676652834942036,2429.538951015253,1108.923380688949,31970.454553943284,42627.286656520344,True,1,29
378,newsecondary0378 26-01-30 22-54-19.fits,2026-01-30 22:54:19,1174.784171718659,1095.6975923444595,3.9101174564504886,8.248884995794768,9.207622964875041,19.42463973725256,2063.710801044582,1133.282158008599,31996.66749035741,42660.57420334506,True,1,28
379,newsecondary0379 26-01-30 22-55-19.fits,2026-01-30 22:55:19,1177.2619377181454,1092.540056985571,3.5703520022525357,9.5233442984517,8.407536462720657,22.425762049725268,2269.4749331478433,919.7132033543097,32005.051015171804,42672.55559711929,True,1,29
380,newsecondary0380 26-01-30 22-56-19.fits,2026-01-30 22:56:19,1175.7266503114913,1094.7456267073694,4.144124407280508,10.068753946357589,9.75866722336614,23.710103621367328,2033.0283068636115,875.1418929722363,32026.7173419783,42701.791472828205,True,1,29
381,newsecondary0381 26-01-30 22-57-20.fits,2026-01-30 22:57:20,1177.8204105311193,1091.703262978408,5.097693408658588,10.386985427560859,12.004150622131391,24.459481492264675,1649.474555918845,671.3419081283652,31924.727228822343,42568.15366901537,True,1,30
382,newsecondary0382 26-01-30 22-58-20.fits,2026-01-30 22:58:20,1178.1637515107716,1094.4428332395005,3.6889219475437325,7.246297826655582,8.68674734663059,17.06372737447277,2283.9632228407568,1214.5059356143224,32011.28462547643,42681.228902940566,True,1,28
383,newsecondary0383 26-01-30 22-59-20.fits,2026-01-30 22:59:20,1179.9043323215112,1092.2654960331263,4.565429637088612,7.159683853070241,10.750765223594636,16.859767053294227,1823.5341281033677,1185.8852010376274,32010.971364308916,42681.08195185149,True,1,30
384,newsecondary0384 26-01-30 23-00-20.fits,2026-01-30 23:00:20,1175.9470353847269,1097.0109202802068,3.678923627436834,6.574495591002348,8.663203102026229,15.481754003659928,2185.0833498100033,1355.2555405310225,32008.83211034438,42677.319257880714,True,1,25
385,newsecondary0385 26-01-30 23-01-20.fits,2026-01-30 23:01:20,1178.0059900664605,1091.7676406301491,3.719266325313773,8.85141735640063,8.758202895657472,20.843495017787056,2200.0962197621047,1061.587163320289,31985.07866630854,42645.20645033582,True,1,27
386,newsecondary0386 26-01-30 23-02-20.fits,2026-01-30 23:02:20,1179.7444118468406,1092.3502073273735,3.858391662101374,6.436381506236613,9.085818027496597,15.156520188352472,2103.6989342094116,1227.168348363047,31995.103380756405,42660.41941208302,True,1,28
387,newsecondary0387 26-01-30 23-03-20.fits,2026-01-30 23:03:20,1177.6635256770767,1093.1037031503195,3.3716057460188793,7.065004091373694,7.939524794666785,16.636813252592443,2459.6075738524214,1257.0880545508717,32005.158165621644,42672.78539166689,True,1,31
388,newsecondary0388 26-01-30 23-04-19.fits,2026-01-30 23:04:19,1177.4479378083788,1093.4007521818075,4.066128441909954,7.628184690148181,9.575000760680021,17.96300221555914,2087.1715029090833,1076.431842129552,31952.336025939014,42603.46991825839,True,1,27
389,newsecondary0389 26-01-30 23-05-19.fits,2026-01-30 23:05:19,1179.0639659854937,1093.667183378053,4.135553018471805,7.996646114089618,9.738483145185654,18.83066256247708,2003.124444881938,1079.5586644284203,31979.281644610583,42638.59241644672,True,1,30
390,newsecondary0390 26-01-30 23-06-19.fits,2026-01-30 23:06:19,1177.913151561885,1094.924569950808,3.8790637029819677,6.449054881145587,9.134496963733918,15.186363705626315,2108.6960119221126,1297.8431288938527,32008.229308200203,42677.39396518952,True,1,3
391,newsecondary0391 26-01-30 23-07-19.fits,2026-01-30 23:07:19,1177.530741484273,1096.4171471221987,3.0484896590871697,9.576729027969188,7.178644556288033,22.5514734808916,2559.7532588176928,936.415594274898,31986.090981350026,42646.619888327325,True,1,30
392,newsecondary0392 26-01-30 23-08-19.fits,2026-01-30 23:08:19,1178.731095280212,1094.0927210720706,4.532890431817131,8.354193396112422,10.674141250771974,19.672622069230712,1830.7012083793616,1075.5624665368932,32027.260831850366,42702.128497760656,True,1,30
393,newsecondary0393 26-01-30 23-09-19.fits,2026-01-30 23:09:19,1177.4795276428056,1094.2544370442963,3.022354385977194,7.606873629384338,7.1171006912863035,17.912818502491568,2666.8548075631725,1134.7414832821773,32018.228442929685,42690.23415537029,True,1,29
394,newsecondary0394 26-01-30 23-10-20.fits,2026-01-30 23:10:20,1177.8682378657359,1096.47967248512,3.3871592733534808,6.90943922971217,7.976150552605241,16.27048599804942,2433.3957892754406,1255.3030407655765,31979.10363425215,42638.2489248056,True,1,31
395,newsecondary0395 26-01-30 23-11-20.fits,2026-01-30 23:11:20,1176.5811445486445,1093.225618964055,4.287623517049263,7.174286026866414,10.096581803493702,16.89415254485048,1957.0793234216278,1278.3012109654906,32020.173353535218,42692.55913908837,True,1,28
396,newsecondary0396 26-01-30 23-12-20.fits,2026-01-30 23:12:20,1178.2388895755253,1096.4448358403524,3.0699859952163004,7.994148785360021,7.229264559499632,18.824781802725592,2664.27366659484,896.5507625689328,31937.331627452095,42584.41388570815,True,1,30
397,newsecondary0397 26-01-30 23-13-20.fits,2026-01-30 23:13:20,1178.6433498825022,1096.6170995821697,2.911624794471675,7.165208448378767,6.856352429631018,16.872776481067426,2782.24453615238,1209.6478860587135,32027.75508290399,42702.94295375354,True,1,28
398,newsecondary0398 26-01-30 23-14-20.fits,2026-01-30 23:14:20,1176.6084083196886,1095.9187206974243,3.2374882302579104,7.931938204026813,7.623702180163101,18.678287078789126,2458.364395761378,1001.7009050181975,32030.042411862592,42706.740617905445,True,1,31
399,newsecondary0399 26-01-30 23-15-20.fits,2026-01-30 23:15:20,1175.6299355177184,1096.1264478413805,3.491245075212517,6.573104119836918,8.22125388522602,15.47847733946749,2333.92413337397,1273.8010536064298,32029.721542430518,42706.00588230546,True,1,28
400,newsecondary0400 26-01-30 23-16-20.fits,2026-01-30 23:16:20,1175.1987282705204,1098.4338112920254,3.288924656184418,8.281534856826338,7.744825706979591,19.501524284477174,2495.5743709459375,1048.8625457465073,32049.011267955262,42731.39812039804,True,1,31
401,newsecondary0401 26-01-30 23-17-20.fits,2026-01-30 23:17:20,1173.930548375461,1097.5915825898644,3.483194623728959,9.563984711912974,8.202296520700987,22.521462909982223,2320.342095828071,886.4500239000573,32021.14233069076,42694.346100446346,True,1,31
402,newsecondary0402 26-01-30 23-18-20.fits,2026-01-30 23:18:20,1175.6539912431392,1095.564629079564,4.007906681083702,8.778924616288164,9.437898991229364,20.672787660251004,2093.866693179864,1021.4319238541078,32016.707685029705,42688.20209825077,True,1,29
403,newsecondary0403 26-01-30 23-19-20.fits,2026-01-30 23:19:20,1177.3864558935236,1096.2156815681806,3.0363843567393265,7.919912865144445,7.150138747668171,18.649969569740637,2733.5091374845633,1168.2601802520508,31977.574855100207,42635.53825854662,True,1,30
404,newsecondary0404 26-01-30 23-20-19.fits,2026-01-30 23:20:19,1175.13698570742,1094.9051768982713,3.7284355849804176,8.003452043625972,8.779794852118581,18.846689301774354,2246.403727878708,1116.084714039772,32007.32235934004,42675.71165965743,True,1,30
405,newsecondary0405 26-01-30 23-21-19.fits,2026-01-30 23:21:19,1178.2066752008886,1095.6366769269882,3.1332673046889448,7.81946118384871,7.378280655521622,18.41342393706838,2565.6104294514876,1114.1884937605037,31975.621087502088,42633.29288471104,True,1,30
406,newsecondary0406 26-01-30 23-22-19.fits,2026-01-30 23:22:19,1179.600645894033,1095.2985562647068,4.124046769737565,8.121885398707985,9.711388000023154,19.125578540321747,1977.6029484581895,1051.980249743958,31929.22632097941,42571.80103385765,True,1,27
407,newsecondary0407 26-01-30 23-23-19.fits,2026-01-30 23:23:19,1176.2380961397284,1095.0496224858607,3.7825684184459982,7.381636326573437,8.907267933457652,17.382425186943752,2170.3383111274125,1184.8974017801763,31905.16703418179,42539.53025795397,True,1,29
408,newsecondary0408 26-01-30 23-24-20.fits,2026-01-30 23:24:20,1177.6226722252266,1096.534382677355,3.5010411293263246,7.454602764335467,8.244321829815421,17.554248017200283,2379.928880854313,1013.0693851245401,31951.326080030103,42602.77410915797,True,1,31
409,newsecondary0409 26-01-30 23-25-20.fits,2026-01-30 23:25:20,1175.4476625048128,1096.5017630819423,3.5084326445953486,7.012261078668418,8.261727518134071,16.512612949038736,2332.7153643712663,1185.0998953960925,31909.65328556805,42546.041842879415,True,1,27
410,newsecondary0410 26-01-30 23-26-20.fits,2026-01-30 23:26:20,1178.6067597064157,1096.092147947618,4.449411557559768,5.410294467018945,10.47756352433412,12.740269860456248,1882.8939841286558,1391.7987980039754,31833.6574244565,42445.969642665696,True,1,18
411,newsecondary0411 26-01-30 23-27-20.fits,2026-01-30 23:27:20,1178.6052417194462,1098.7042534397367,3.186930959626031,7.231439186882391,7.504648905857096,17.028737951692964,2545.9359639233085,1113.7340877145457,31984.732220153135,42646.386762129805,True,1,30
412,newsecondary0412 26-01-30 23-28-20.fits,2026-01-30 23:28:20,1177.0328039560775,1091.957280521141,3.623933004144938,6.652754741707383,8.533710080009726,15.666040220447242,2164.829102708061,1117.4681265527026,31950.11998873893,42600.68987664634,True,1,22
413,newsecondary0413 26-01-30 23-29-20.fits,2026-01-30 23:29:20,1179.9897680351853,1095.489192070462,3.788704364362384,7.37192482134651,8.921716981896783,17.359556339767963,2158.203834195478,1235.28820428934,31912.253013587626,42548.47197022814,True,1,29
414,newsecondary0414 26-01-30 23-30-19.fits,2026-01-30 23:30:19,1178.696860331578,1095.2319231455897,5.345025416272743,5.275550838495551,12.586572991438949,12.422972863069157,1628.3141201670167,1422.4192870716706,31940.83868082385,42589.331351828056,True,1,4
415,newsecondary0415 26-01-30 23-31-19.fits,2026-01-30 23:31:19,1177.5234191576208,1096.9691777898176,3.9148219383996747,7.782345854674837,9.218701173270471,18.32602401595182,2079.629667558594,1050.3276723163349,32000.318899336686,42667.049787639575,True,1,29
416,newsecondary0416 26-01-30 23-32-19.fits,2026-01-30 23:32:19,1178.3416354069302,1094.7322089218408,4.155176716193394,6.939581797595871,9.784693421938082,16.341466321110666,2054.7585458863373,1233.7575784255528,32038.756827309357,42718.31164926598,True,1,28
417,newsecondary0417 26-01-30 23-33-19.fits,2026-01-30 23:33:19,1179.4594867329765,1095.537189820837,3.5343566968134383,7.690505280002828,8.322773995945658,18.109755989767013,2332.7936544021113,1062.7161970075317,31960.786280164397,42614.47467428074,True,1,30
418,newsecondary0418 26-01-30 23-34-20.fits,2026-01-30 23:34:20,1179.3952866214333,1095.0096534393992,3.4231945186427413,9.023632932148347,8.061007070539999,21.24903170762433,2372.3802193530187,911.5117529698065,31976.93340028774,42635.77706403261,True,1,30
419,newsecondary0419 26-01-30 23-35-20.fits,2026-01-30 23:35:20,1178.3002009915206,1096.8345195317936,4.560764510973457,8.37293667588025,10.739779691106072,19.71675912013762,1868.2982230555046,893.7681843012549,32008.677218650537,42679.57393846553,True,1,30
420,newsecondary0420 26-01-30 23-36-20.fits,2026-01-30 23:36:20,1179.3386745676225,1096.9813153224595,3.4881166234951495,6.2786417900030616,8.213886944412051,14.78507154266821,2425.4253387002414,1276.9621023044233,31974.94271125841,42633.82761733954,True,1,29
421,newsecondary0421 26-01-30 23-37-20.fits,2026-01-30 23:37:20,1178.4452207512386,1095.0168215699443,3.735276503960539,7.34428591141215,8.795903985259404,17.294471680631727,2241.6849714374425,1190.9195971482313,31970.81644149493,42627.27412090217,True,1,28
422,newsecondary0422 26-01-30 23-38-20.fits,2026-01-30 23:38:20,1177.4699941876688,1096.2137001083286,3.4370024940637713,8.3759627540088,8.093522367842736,19.723884989572557,2434.595834477109,1057.5803555610296,32031.093849004323,42707.4926187201,True,1,28
423,newsecondary0423 26-01-30 23-39-20.fits,2026-01-30 23:39:20,1178.0984255295864,1098.3071884048636,3.8489225128867472,9.004484478880066,9.063519885116605,21.20394054603684,2187.42212549695,1044.4030149033765,31983.569116299608,42643.48862590432,True,1,31
424,newsecondary0424 26-01-30 23-40-20.fits,2026-01-30 23:40:20,1180.214601436337,1097.9817111848708,3.2938526402548916,8.783528653903538,7.756430222650335,20.683629340315765,2456.495337036439,942.4860094557847,31929.708346561758,42572.70331605344,True,1,30
425,newsecondary0425 26-01-30 23-41-20.fits,2026-01-30 23:41:20,1178.5976884176694,1097.240416667495,3.4218065020565263,6.488905754346413,8.057738541259944,15.280205340651605,2458.566243368888,1310.1099282453647,31971.18456526551,42628.13204843111,True,1,27
426,newsecondary0426 26-01-30 23-42-20.fits,2026-01-30 23:42:20,1177.4474187877995,1098.2518184130292,3.4943028423340774,8.388081993545251,8.228454376536906,19.752423617763522,2394.0246994005997,1071.523025571939,32007.828292143087,42676.301629310234,True,1,29
427,newsecondary0427 26-01-30 23-43-20.fits,2026-01-30 23:43:20,1179.0919394771597,1097.1121650256398,3.787408518087771,8.102745871701739,8.918665497114047,19.08050839847503,2159.2067153865564,1009.2843788020704,31974.053356685115,42632.07091410362,True,1,31
428,newsecondary0428 26-01-30 23-44-20.fits,2026-01-30 23:44:20,1177.350823468895,1097.0372987938745,3.9007720892792985,7.12746336481672,9.185616306932149,16.78389360169415,2165.0588458360266,1212.5038527716601,31999.993255698228,42666.40407708799,True,1,29
429,newsecondary0429 26-01-30 23-45-20.fits,2026-01-30 23:45:20,1179.6492399346555,1094.6262856619592,3.639210987697136,7.67321707953652,8.569686981926095,18.069045388766437,2351.439581944266,1183.194322106057,32026.405022142775,42701.200902905286,True,1,31
430,newsecondary0430 26-01-30 23-46-19.fits,2026-01-30 23:46:19,1178.232751270719,1098.1574243406499,4.098854385947497,10.59131380242205,9.65206446969219,24.94063804515641,1996.4877125272928,855.6293187468938,31910.285678130076,42545.91426759256,True,1,27
431,newsecondary0431 26-01-30 23-47-19.fits,2026-01-30 23:47:19,1175.2447433685259,1101.1193313479628,3.926479181945684,7.4521719864369285,9.24615188404242,17.54852397267979,2068.050558988958,1085.9928580587682,31999.066660365843,42665.457223971294,True,1,29
432,newsecondary0432 26-01-30 23-48-19.fits,2026-01-30 23:48:19,1174.1517950339212,1101.8856929482417,4.583880879301801,8.495415006508532,10.794214578613975,20.005173548183024,1791.477390153943,1084.7443707627313,32013.820899584283,42683.80068624814,True,1,27
433,newsecondary0433 26-01-30 23-49-19.fits,2026-01-30 23:49:19,1175.7867313107088,1101.5820401024394,3.0380985143445662,6.507888576851312,7.1541752803573315,15.324906471597407,2674.6234099634253,1282.2991557563187,32017.109458582836,42689.196520811216,True,1,28
434,newsecondary0434 26-01-30 23-50-19.fits,2026-01-30 23:50:19,1175.1605718119886,1101.4535674605133,3.111524850674331,9.038786383568963,7.327081088979846,21.284715358780996,2656.954720398656,1012.8160463757588,31973.82494261394,42630.62229970298,True,1,30
435,newsecondary0435 26-01-30 23-51-19.fits,2026-01-30 23:51:19,1174.5341159279506,1099.896873023668,3.9733903576826615,8.531633198419096,9.356619261003825,20.090460872488798,2054.739495933318,1047.3079671957505,32003.042507573824,42669.72924698223,True,1,32
436,newsecondary0436 26-01-30 23-52-19.fits,2026-01-30 23:52:19,1174.4425004591549,1102.931664347307,3.2097906771182507,6.599417879450793,7.5584794268315205,15.540441508066369,2580.6292091992605,1233.4206364005495,31909.912383180363,42546.734774297925,True,1,26
437,newsecondary0437 26-01-30 23-53-20.fits,2026-01-30 23:53:20,1172.4799982039008,1102.7313719123272,3.0224292074492616,7.314590484174664,7.117276882388527,17.224544293327135,2659.620871109292,1056.8681756513672,32012.163745753925,42683.282080733334,True,1,30
438,newsecondary0438 26-01-30 23-54-20.fits,2026-01-30 23:54:20,1173.53474107835,1102.4082882185019,3.5920680755044807,9.576533163586676,8.458673907313697,22.551012255517556,2221.130056894196,926.4087220074209,31995.598761842084,42659.64646895674,True,1,29
439,newsecondary0439 26-01-30 23-55-20.fits,2026-01-30 23:55:20,1176.1395681113245,1100.508063357632,3.4781258725590782,6.886307882118175,8.190360523842878,16.216015837066504,2398.4066810848194,1213.490771442252,32012.842517889298,42683.7713134485,True,1,28
440,newsecondary0440 26-01-30 23-56-20.fits,2026-01-30 23:56:20,1175.0867605610183,1098.7826190767316,3.484176694297868,8.905648683987586,8.204609120162289,20.97120003505746,2383.1455975353956,1051.0382160608028,31980.595568116583,42639.431335035915,True,1,29
441,newsecondary0441 26-01-30 23-57-20.fits,2026-01-30 23:57:20,1174.1167604492834,1099.9399042223529,3.6569118978301587,6.799694343056672,8.611369439922628,16.012056539113402,2269.727169325707,1235.8162942749589,31995.987076891237,42661.183317265524,True,1,30
442,newsecondary0442 26-01-30 23-58-20.fits,2026-01-30 23:58:20,1175.5433430634034,1098.7643157571363,3.8181039871520666,7.94754843732732,8.990947802958276,18.715046369072773,2186.1422628385817,1012.1177405862136,31914.100840318355,42552.52522932421,True,1,28
443,newsecondary0443 26-01-30 23-59-20.fits,2026-01-30 23:59:20,1175.446298723078,1102.9871473853307,3.0300742216982792,6.9907907434544905,7.135279515186661,16.462054173303446,2650.3241975472465,1184.885379223055,31942.728808951906,42589.97936294646,True,1,27
444,newsecondary0444 26-01-31 00-00-20.fits,2026-01-31 00:00:20,1176.2295410487206,1101.581650303632,4.8283676732739575,8.174934098061627,11.36993698180496,19.250498680922522,1724.2551171116763,1069.8441328103609,31989.805352316227,42652.531515586146,True,1,29
445,newsecondary0445 26-01-31 00-01-19.fits,2026-01-31 00:01:19,1176.1429889508793,1099.5142515488778,4.448479287065571,8.320876484232452,10.475368195086993,19.59416673729723,1900.424535719306,967.1867321583377,32030.57174637826,42707.95270227636,True,1,29
446,newsecondary0446 26-01-31 00-02-19.fits,2026-01-31 00:02:19,1175.3741176406356,1097.800445861103,3.397483575445804,10.391542192631672,8.0004624261232,24.470211853993924,2428.065118467533,900.8280882588502,32014.751173955054,42684.90147625003,True,1,31
447,newsecondary0447 26-01-31 00-03-19.fits,2026-01-31 00:03:19,1174.896961874821,1098.8593345313434,3.786264246410816,7.650627814288764,8.91597094323219,18.0158517341585,2184.208269038616,1099.4931118416068,32011.457256962556,42681.76014028703,True,1,29
448,newsecondary0448 26-01-31 00-04-19.fits,2026-01-31 00:04:19,1174.170092224455,1099.6234981180905,3.615353152264855,9.225413347240034,8.51350607281911,21.724188273776896,2230.4480586273176,782.2850566160159,31960.38229435734,42614.93513757383,True,1,29
449,newsecondary0449 26-01-31 00-05-20.fits,2026-01-31 00:05:20,1176.3995641659321,1098.1189344943894,4.020468782509989,9.450908678902813,9.467480479475698,22.25518920083731,2066.1445133239013,933.3139088031127,32029.929307868642,42705.9099139958,True,1,28
450,newsecondary0450 26-01-31 00-06-20.fits,2026-01-31 00:06:20,1176.2642997692726,1100.1879873572652,3.2804501187473325,8.742643269737133,7.7248696963503765,20.587351618131922,2517.4695249277875,1049.4322023912089,31982.22151922426,42641.780431131985,True,1,30
451,newsecondary0451 26-01-31 00-07-20.fits,2026-01-31 00:07:20,1178.107944552838,1099.8287926001656,3.3877486768536014,8.249564261796639,7.977538491781937,19.426239286449672,2383.489805854291,1025.6544775056577,32007.250701316178,42675.83585918655,True,1,30
452,newsecondary0452 26-01-31 00-08-20.fits,2026-01-31 00:08:20,1177.325628967975,1101.9510258447644,3.254576758563768,7.043189180655869,7.663942589157813,16.585443063553548,2500.231194168527,1294.562223984032,31983.27279266999,42643.099252969354,True,1,23
453,newsecondary0453 26-01-31 00-09-20.fits,2026-01-31 00:09:20,1175.7935142680824,1099.4406157004298,4.157462095234586,5.652640777744423,9.790075078314773,13.310951810791904,1972.0799764810556,1450.0386328662735,31944.174589664304,42592.235752172724,True,1,19
454,newsecondary0454 26-01-31 00-10-19.fits,2026-01-31 00:10:19,1176.5075343204421,1099.464277166212,4.2093450765297655,6.9527516526602415,9.912250162664627,16.372478959806397,1939.449505480155,1186.9628950765136,32027.580384815803,42703.325953465355,True,1,29
455,newsecondary0455 26-01-31 00-11-19.fits,2026-01-31 00:11:19,1175.6613996565047,1100.634158617334,3.9068280882541124,6.997370042901102,9.199877094710727,16.47754723952259,2112.1862164323416,1172.4539786692146,32007.997466328918,42677.39165898507,True,1,29
456,newsecondary0456 26-01-31 00-12-19.fits,2026-01-31 00:12:19,1175.3004374868356,1099.783004881421,2.893258114810769,9.433661932354868,6.8131022042048555,22.214576216354644,2787.4688175613546,959.4390708497461,31917.031009607876,42554.76977755648,True,1,28
457,newsecondary0457 26-01-31 00-13-20.fits,2026-01-31 00:13:20,1175.4065506934396,1101.5437458747738,3.195151408177576,6.538929192495652,7.52400658288542,15.3980015355268,2516.032024572051,1329.3824635904618,32006.612637517006,42674.64070864697,True,1,29
458,newsecondary0458 26-01-31 00-14-20.fits,2026-01-31 00:14:20,1175.5903001110578,1101.7802072357167,3.5957586001168336,9.5150213059915,8.467364428647546,22.406162900245345,2286.3324296548058,930.7093619107227,31960.819351679416,42613.60751186077,True,1,29
459,newsecondary0459 26-01-31 00-15-20.fits,2026-01-31 00:15:20,1173.5258367542863,1102.012761241643,3.1538377055846727,8.096260989911912,7.426720247885205,19.065237668846684,2659.9039367620453,1039.6916358747585,31942.943338234934,42590.554099018205,True,1,29
460,newsecondary0460 26-01-31 00-16-20.fits,2026-01-31 00:16:20,1172.563552906522,1101.894515307153,3.1438092979255887,8.354002050857222,7.403105152509852,19.672171485588247,2606.148544747563,1073.7497057788971,32037.44467898322,42715.59119109054,True,1,28
461,newsecondary0461 26-01-31 00-17-20.fits,2026-01-31 00:17:20,1172.6138648791614,1102.7284912404825,3.0894578579667553,9.202183962323057,7.275117292218495,21.66948725254066,2639.815765003237,1003.2128218989019,31936.830610914283,42581.05320831657,True,1,28
462,newsecondary0462 26-01-31 00-18-20.fits,2026-01-31 00:18:20,1173.1672713429825,1103.30455473574,3.582446847572932,8.483553547060117,8.436017646922673,19.977241945710574,2192.4479353538363,1002.3876204768163,31990.17635757295,42652.731024493296,True,1,30
463,newsecondary0463 26-01-31 00-19-20.fits,2026-01-31 00:19:20,1172.6419860659755,1099.1874921631718,4.089567472534116,8.125422966306374,9.630195459829892,19.133908875413084,1978.0688147965498,905.7592084474993,31985.423135116875,42648.17182406368,True,1,29
464,newsecondary0464 26-01-31 00-20-19.fits,2026-01-31 00:20:19,1170.9841253924612,1099.6833534150767,3.2494757819995987,8.723030365368162,7.651930707295274,20.541166757782594,2495.202427429874,1004.7171309269575,31987.388506031202,42649.00538242734,True,1,30
465,newsecondary0465 26-01-31 00-21-19.fits,2026-01-31 00:21:19,1173.7326123590742,1103.0900507032804,3.5721224165804126,8.180241341717394,8.41170546986795,19.26299628466699,2314.5831175078383,1073.8259762241044,31999.466536264677,42665.28980806223,True,1,29
466,newsecondary0466 26-01-31 00-22-19.fits,2026-01-31 00:22:19,1174.0054690408535,1100.8711416492295,3.849326633676026,8.39519104557097,9.064471516851812,19.769164155974853,2163.8121778370614,1018.548652615626,32022.862554794636,42696.86422102116,True,1,30
467,newsecondary0467 26-01-31 00-23-19.fits,2026-01-31 00:23:19,1172.5512002310193,1100.6613094199015,3.39649932161716,8.48623142962965,7.99814468547811,19.983547877263547,2382.3587778453916,1011.6775924413865,32009.447594980236,42678.62693847312,True,1,30
468,newsecondary0468 26-01-31 00-24-19.fits,2026-01-31 00:24:19,1174.255128911145,1100.3628270462752,3.910363069595397,9.285489238592401,9.208201339631994,21.865656186956553,2070.827787638421,947.9676482662563,31990.164778172726,42652.64444279431,True,1,30
469,newsecondary0469 26-01-31 00-25-20.fits,2026-01-31 00:25:20,1173.260812736184,1098.3228621879662,2.9409599064470173,8.490896097720027,6.925431339333782,19.994532331186186,2732.155888654775,946.8722675729654,31981.675477777033,42642.2279963369,True,1,30
470,newsecondary0470 26-01-31 00-26-20.fits,2026-01-31 00:26:20,1171.273921856787,1099.0930024694494,3.7600833947852426,10.807894097998124,8.85431974902831,25.450645666537675,2163.5002527226516,796.0238065513944,31998.627594882288,42664.23283025906,True,1,30
471,newsecondary0471 26-01-31 00-27-20.fits,2026-01-31 00:27:20,1175.1264403772323,1099.3124492908353,3.158111914220039,9.054880200932956,7.43678524005641,21.322613402510797,2509.573767326061,1006.7089095267465,31986.264923020663,42646.81867676334,True,1,28
472,newsecondary0472 26-01-31 00-28-20.fits,2026-01-31 00:28:20,1173.0433906022238,1100.9076631604523,3.278639078140187,7.382995125993221,7.720605021626305,17.38562491505464,2483.908866428638,1136.3972612247076,31956.323849801287,42608.1143775532,True,1,27
473,newsecondary0473 26-01-31 00-29-20.fits,2026-01-31 00:29:20,1175.0013689899972,1097.0985501027799,3.8579450115552283,9.795586585030925,9.08476624583741,23.066843643267088,2079.4925537773406,928.3513213534151,31979.974307253804,42638.584547113176,True,1,29
474,newsecondary0474 26-01-31 00-30-20.fits,2026-01-31 00:30:20,1173.560161349444,1101.3689158312955,3.237245604095012,6.4573465759208455,7.6231308392112584,15.205889154690372,2541.019065493737,1329.973098510921,31961.69703681052,42615.12902913705,True,1,2
475,newsecondary0475 26-01-31 00-31-20.fits,2026-01-31 00:31:20,1173.6952544270482,1101.176480282788,3.4664474527201183,8.637901882824226,8.162859946711809,20.340704500685064,2342.301023651819,1014.9855015169732,31953.335464281154,42603.611895226066,True,1,32
476,newsecondary0476 26-01-31 00-32-20.fits,2026-01-31 00:32:20,1175.6976790221051,1101.7479004825186,3.2813364868531316,6.15336011214601,7.726956933733188,14.490055736375314,2422.6175841752042,1431.5623063081312,31991.357542564943,42654.03514201832,True,1,25
477,newsecondary0477 26-01-31 00-33-19.fits,2026-01-31 00:33:19,1175.3772508926359,1102.8480335433499,3.8642046430491463,8.222738667130997,9.099506551553795,19.363069838411143,2055.024435528332,989.8629736509903,32028.40153442106,42704.27962371063,True,1,32
478,newsecondary0478 26-01-31 00-34-19.fits,2026-01-31 00:34:19,1174.360465612402,1100.730447156592,3.382295730723407,9.408117525046128,7.964697784930081,22.15442373398559,2428.940459228021,905.8393015960432,32004.87926646822,42672.77670039368,True,1,29
479,newsecondary0479 26-01-31 00-35-19.fits,2026-01-31 00:35:19,1174.0273711250586,1104.0976767467528,3.3990542376130355,7.769348699338043,8.004161052878567,18.295418054036357,2422.2720621589474,1174.0927573270778,31995.95827208431,42660.13204576185,True,1,28
480,newsecondary0480 26-01-31 00-36-19.fits,2026-01-31 00:36:19,1173.8557620707352,1101.7570055883982,3.728788117461421,4.610870071265424,8.780625002671371,10.857769268849102,2038.828904400235,1628.716542580037,31994.99409991229,42660.111482543536,True,1,1
481,newsecondary0481 26-01-31 00-37-19.fits,2026-01-31 00:37:19,1178.1461412534757,1099.6086593205525,3.662554924469793,7.4165528145347395,8.624657752168282,17.46464723269711,2293.129248179539,1155.2842392619468,32019.01333004613,42691.799198029,True,1,30
482,newsecondary0482 26-01-31 00-38-20.fits,2026-01-31 00:38:20,1176.7378423218036,1098.1554583719546,3.99572432303508,9.268704858710604,9.409211730300727,21.826131992767486,1989.1887943111194,937.7973327828736,31948.757597098098,42597.3842432332,True,1,27
483,newsecondary0483 26-01-31 00-39-20.fits,2026-01-31 00:39:20,1178.2292562694397,1103.4307481949681,3.795560164088633,7.2004878883021215,8.937861156516872,16.955853213376407,2204.7938688350396,1143.5621002550295,32010.62556414513,42681.007154712155,True,1,28
484,newsecondary0484 26-01-31 00-40-20.fits,2026-01-31 00:40:20,1177.6348994411328,1099.1553113430105,3.5897065856763093,7.666316376813118,8.453113023730182,18.05279547566857,2259.76875996609,1069.9143967774228,32025.5692380607,42700.64242654809,True,1,31
485,newsecondary0485 26-01-31 00-41-20.fits,2026-01-31 00:41:20,1181.3735409703995,1102.098355197832,3.8751714685495853,7.338430800943069,9.125331452072585,17.280683949133262,2162.3012845041135,1182.926287702898,32015.47347190108,42686.9091586023,True,1,26
486,newsecondary0486 26-01-31 00-42-20.fits,2026-01-31 00:42:20,1178.6260648867685,1100.6957385430946,3.5342473296226338,8.07796702393203,8.322516455892483,19.022158671054147,2307.8010436124423,1082.7043237864436,31915.41708655507,42553.12906572628,True,1,28
487,newsecondary0487 26-01-31 00-43-20.fits,2026-01-31 00:43:20,1177.613658091285,1099.1356344294104,3.2911715364390677,7.8839477403138565,7.750116705642024,18.565278172867526,2451.175972757958,1094.2771897994824,32001.85433126058,42668.41705551752,True,1,29
488,newsecondary0488 26-01-31 00-44-20.fits,2026-01-31 00:44:20,1176.9036111272287,1102.268350096379,3.3672126565387446,8.240595319680978,7.9291798594993494,19.40511904177299,2416.034701459315,1020.774775021157,31976.655023307183,42635.18352076961,True,1,28
489,newsecondary0489 26-01-31 00-45-20.fits,2026-01-31 00:45:20,1174.7313447389945,1100.7846993446285,3.6474494542126568,9.01716937164474,8.58908708801716,21.233811185788166,2278.7301749826315,1057.3927682941471,31964.260040858928,42617.43625370733,True,1,27
490,newsecondary0490 26-01-31 00-46-20.fits,2026-01-31 00:46:20,1177.61166118226,1101.1496754606248,3.307438617670881,9.274678979961083,7.788422754600845,21.840199973239557,2404.968516354979,867.3908427786776,32004.864800324794,42673.036392908216,True,1,28
491,newsecondary0491 26-01-31 00-47-19.fits,2026-01-31 00:47:19,1175.7542981514139,1101.910088568853,3.412322735914561,9.627123587770228,8.035405978646459,22.670143600471604,2275.8723511621647,945.5534359412559,31999.629435697134,42664.44869518438,True,1,29
492,newsecondary0492 26-01-31 00-48-19.fits,2026-01-31 00:48:19,1176.5301612909172,1100.268444443772,3.1775719238766538,8.527508327554461,7.482610060872302,20.08074754389359,2560.2889546881024,1018.6863622511482,31992.55297835728,42656.02637856314,True,1,29
493,newsecondary0493 26-01-31 00-49-19.fits,2026-01-31 00:49:19,1177.3870252319555,1102.8753273484708,4.025383408119831,6.968825013704097,9.479053538375577,16.410328832583488,2091.697757132723,1227.1184705163982,32024.076958742557,42698.59947684911,True,1,16
494,newsecondary0494 26-01-31 00-50-19.fits,2026-01-31 00:50:19,1176.3665425627923,1104.0680694775242,3.2400736984413423,9.098209263842374,7.629790492467237,21.4246455483823,2541.220783110934,894.8561422453478,31935.04979472924,42580.18521814044,True,1,30
495,newsecondary0495 26-01-31 00-51-20.fits,2026-01-31 00:51:20,1175.1814084925454,1100.3640558721872,3.5473868616699398,8.696204683774612,8.353457689339805,20.477997105044484,2274.6266733415678,946.0658294283016,32031.11615148066,42707.950880973236,True,1,29
496,newsecondary0496 26-01-31 00-52-20.fits,2026-01-31 00:52:20,1177.33363566543,1101.9499734713415,2.9924382618783314,8.437613430808577,7.046653602588668,19.869061239090396,2679.0530223039514,1049.594739528713,32018.607874167665,42690.395119757966,True,1,30
497,newsecondary0497 26-01-31 00-53-20.fits,2026-01-31 00:53:20,1177.4570769068787,1101.3081913153806,3.510381655784446,6.547052550495888,8.266317088750148,15.417130581778718,2372.7193861395544,1312.2619723567407,32015.00498286354,42686.33509942845,True,1,11
498,newsecondary0498 26-01-31 00-54-20.fits,2026-01-31 00:54:20,1174.8682163304927,1101.9815964802372,3.6956314172900737,9.660471812160024,8.702546940480802,22.748672667730883,2185.568402887081,798.0554335163099,32000.148466405586,42667.33843537965,True,1,30
499,newsecondary0499 26-01-31 00-55-20.fits,2026-01-31 00:55:20,1172.4593214502102,1103.8821695120334,3.205270793983219,8.946200114475522,7.54783591542395,21.06669135642513,2562.585242610023,952.4678013933085,31957.15397674243,42609.14254199155,True,1,29
500,newsecondary0500 26-01-31 00-56-20.fits,2026-01-31 00:56:20,1172.6625631238044,1103.578818472097,3.2531001036772196,8.228489310006243,7.660465332631376,19.376611567525586,2563.6730272710015,1064.2593542189888,32028.537426109426,42704.17841444986,True,1,30
501,newsecondary0501 26-01-31 00-57-20.fits,2026-01-31 00:57:20,1173.2148696471597,1157.1866706050937,3.205430609889065,4.843812476941477,7.548212253122551,11.406306715072803,2564.7284405216255,65.69581235235155,31960.93551733737,42624.770749888165,True,1,29
502,newsecondary0502 26-01-31 00-58-20.fits,2026-01-31 00:58:20,1175.6906685708086,1100.5804116351649,3.1641331781757436,8.012298742886344,7.450964233115725,18.867521686525038,2570.7250790233693,1078.9973949295436,32012.123762945685,42682.17261994167,True,1,27
503,newsecondary0503 26-01-31 00-59-20.fits,2026-01-31 00:59:20,1173.0907162822389,1103.6980375769845,3.111841486608817,8.639151317394127,7.32782670962535,20.343646694255224,2575.456106157073,954.7091316252757,32032.43474165418,42709.61195428483,True,1,29
504,newsecondary0504 26-01-31 01-00-20.fits,2026-01-31 01:00:20,1173.3542509668264,1101.1213029844707,3.6509467130143327,7.603420023184567,8.597322503146007,17.904685881384705,2231.5410557134614,1109.6523704212905,32023.93399080479,42698.20483208459,True,1,30
505,newsecondary0505 26-01-31 01-01-19.fits,2026-01-31 01:01:19,1174.8595055106355,1103.1570479717554,3.547663826398271,8.745508703052883,8.354109891433847,20.59409919794155,2313.6464525246734,942.4274891693252,31993.78221266386,42658.33248457389,True,1,30
506,newsecondary0506 26-01-31 01-02-19.fits,2026-01-31 01:02:19,1177.1925516837903,1099.7776968261949,4.274975011087896,8.601635029396094,10.066796848116184,20.255302587262303,1969.2652735080696,971.7773550084944,32013.990663516983,42685.39784448079,True,1,31
507,newsecondary0507 26-01-31 01-03-19.fits,2026-01-31 01:03:19,1177.2734214671916,1101.5906425050473,3.486850587062198,8.4762217682222,8.210905656441998,19.959976925937312,2258.509640128431,953.0232340179128,32026.43676219329,42701.653994756736,True,1,30
508,newsecondary0508 26-01-31 01-04-20.fits,2026-01-31 01:04:20,1176.0484982648404,1103.4306224060413,3.595411279594859,7.656673548614727,8.466546551320349,18.03008835053621,2242.389092634144,1061.8977993642793,32006.204391664065,42674.851129658884,True,1,30
509,newsecondary0509 26-01-31 01-05-20.fits,2026-01-31 01:05:20,1173.5743208672106,1096.7396880294575,3.2559426465051002,10.324928957372366,7.6671590094613284,24.313349672340948,2346.832744393472,717.4981473948855,31982.34045921608,42643.42109217145,True,1,29
510,newsecondary0510 26-01-31 01-06-20.fits,2026-01-31 01:06:20,1175.0679500953283,1101.419405296373,3.033556951277108,7.439001262872717,7.143480716610309,17.51750928882322,2637.970967554825,1107.9057635921524,32017.44130777157,42689.61321534905,True,1,27
511,newsecondary0511 26-01-31 01-07-20.fits,2026-01-31 01:07:20,1176.1117071259735,1103.7369189868998,3.70663226230339,6.940732756913619,8.728451950830438,16.344176623183113,2136.9179634116063,1265.4384544289333,31987.966657524208,42649.51034365427,True,1,29
512,newsecondary0512 26-01-31 01-08-20.fits,2026-01-31 01:08:20,1176.4794590379518,1100.2035003988035,3.2239011264844155,8.003967300711718,7.591706995843359,18.847902639488215,2416.8044862423667,1074.1080947068472,32036.78993393569,42714.68117314108,True,1,29
513,newsecondary0513 26-01-31 01-09-20.fits,2026-01-31 01:09:20,1178.4379760355002,1102.2158084537095,3.4302047067042567,6.773234881108657,8.077514801906693,15.949749267737484,2303.2104193485343,1179.2196175718577,32022.270611639822,42696.24908971242,True,1,29
514,newsecondary0514 26-01-31 01-10-20.fits,2026-01-31 01:10:20,1176.571987988372,1102.2005539781994,3.976184535868204,7.4435664763046825,9.363199047804528,17.52825954492266,2020.3423519083728,1144.2925689712217,32028.49792374355,42704.039350908606,True,1,30
515,newsecondary0515 26-01-31 01-11-20.fits,2026-01-31 01:11:20,1176.9852882755351,1100.770187998295,3.2139045727144975,8.497163100129375,7.5681669106447265,20.00928999408198,2567.5102180191284,967.0711027587838,31991.677072981653,42655.61375029829,True,1,29
516,newsecondary0516 26-01-31 01-12-19.fits,2026-01-31 01:12:19,1176.169429776494,1101.3733934767622,3.324987841597812,8.735183552340215,7.8297480188787185,20.569785326075394,2450.71569546523,1003.6076475569159,32036.14409302249,42714.06180521056,True,1,29
517,newsecondary0517 26-01-31 01-13-19.fits,2026-01-31 01:13:19,1175.774667293949,1103.2285616293004,2.8852589781036073,8.915862003602333,6.794265676743888,20.995250564812576,2745.585421621767,907.0504541366013,32025.600378146202,42700.58721931996,True,1,31
518,newsecondary0518 26-01-31 01-14-19.fits,2026-01-31 01:14:19,1173.8166450949602,1099.7382894048621,3.785110243214747,6.932594306594575,8.913253473374057,16.32501203723634,2127.6747325906495,1218.2822472435423,32036.47103036882,42714.78877420884,True,1,30
519,newsecondary0519 26-01-31 01-15-19.fits,2026-01-31 01:15:19,1175.6212644425243,1100.7589510114688,3.2044995946032158,8.054534383409559,7.546019879665203,18.966979019443826,2511.289097781384,1085.4485862148292,32018.172105407568,42689.999533427246,True,1,30
520,newsecondary0520 26-01-31 01-16-19.fits,2026-01-31 01:16:19,1175.7797017388416,1103.9200132263547,4.6324255777787995,7.440975638852828,10.908528607667595,17.522158588957613,1808.9410091659493,1233.8865171491916,31958.603007321406,42610.43716290112,True,1,28
521,newsecondary0521 26-01-31 01-17-19.fits,2026-01-31 01:17:19,1174.0593318211825,1101.1232780060443,3.284204597650255,7.534729757145701,7.733710818529624,17.742932666017875,2440.183913506244,1093.6454242983316,31980.773041094293,42640.738978363624,True,1,31
522,newsecondary0522 26-01-31 01-18-20.fits,2026-01-31 01:18:20,1175.57757985459,1103.2298183131848,3.859392311865056,8.972350510292982,9.088174377618172,21.12827083268158,2171.5162341750397,975.4290777298347,32020.205870965827,42693.12924948933,True,1,28
523,newsecondary0523 26-01-31 01-19-20.fits,2026-01-31 01:19:20,1173.9373933200764,1102.951383666142,2.947315427968215,8.494761340631474,6.9403974488085245,20.003634282672973,2709.6743570001363,959.2970596103103,32000.87631259517,42667.62525058895,True,1,32
524,newsecondary0524 26-01-31 01-20-20.fits,2026-01-31 01:20:20,1174.6887748895406,1100.723860670601,3.253979989235738,8.37559812951693,7.6625373047819085,19.723026364510194,2528.2538905860824,960.4678493970475,31926.295621525693,42568.62934510699,True,1,29
525,newsecondary0525 26-01-31 01-21-20.fits,2026-01-31 01:21:20,1173.8243762139987,1102.4421287499658,4.070575067170884,8.027343956527398,9.5854717629772,18.902950457188766,1987.8693577005308,1116.0786965358834,32021.68207442357,42694.457688881135,True,1,30
526,newsecondary0526 26-01-31 01-22-20.fits,2026-01-31 01:22:20,1175.1293705017208,1103.204293593783,3.4182417277830304,8.361774195770218,8.049344139344706,19.690473488222256,2345.838086196248,918.7230713990825,32028.004724597842,42704.44017143285,True,1,32
527,newsecondary0527 26-01-31 01-23-20.fits,2026-01-31 01:23:20,1175.8142042489299,1101.9973772858466,3.01019925128356,8.904343339590353,7.088477536459682,20.968126183905188,2745.647843059409,988.0704590597109,32022.028491490404,42695.35050773837,True,1,32
528,newsecondary0528 26-01-31 01-24-20.fits,2026-01-31 01:24:20,1175.2218716099658,1101.5465683144787,3.5574859453632772,8.056713332408236,8.377239214057322,18.972110052223012,2332.461189972826,1070.7204209204785,31896.585168136484,42528.356276968625,True,1,30
529,newsecondary0529 26-01-31 01-25-20.fits,2026-01-31 01:25:20,1173.772889090164,1102.2909713345807,2.953142195924127,8.869343375596449,6.954118438788849,20.88570756711698,2738.0656537186355,936.9109021915395,32009.964375540738,42679.66381635006,True,1,30
530,newsecondary0530 26-01-31 01-26-20.fits,2026-01-31 01:26:20,1173.041355642425,1101.631262945868,3.5773692002919093,8.700715652090015,8.424060701323725,20.488619623656096,2257.8437436649115,976.943189633942,32038.83318318721,42717.898866607116,True,1,29
531,newsecondary0531 26-01-31 01-27-19.fits,2026-01-31 01:27:19,1172.4729687694537,1101.6336542361419,3.607471393227846,8.062886353641945,8.494945948648658,18.986646406362553,2299.4086921832386,1008.3133991396792,31988.65794383658,42651.756852680126,True,1,29
532,newsecondary0532 26-01-31 01-28-19.fits,2026-01-31 01:28:19,1176.3005243406549,1099.4405070706525,3.9491481755936952,8.04366743278318,9.299533284685436,18.941389306280467,2037.2294739910635,1033.0436919428917,32017.212720196927,42689.27637491638,True,1,31
533,newsecondary0533 26-01-31 01-29-19.fits,2026-01-31 01:29:19,1175.3478347046896,1099.1037724331845,3.633543165384949,9.815584315257185,8.556340280333684,23.113934699259005,2243.7580384315324,826.8002622149301,32012.650841760675,42683.58250452964,True,1,28
534,newsecondary0534 26-01-31 01-30-20.fits,2026-01-31 01:30:20,1174.858467766257,1099.3857330299504,3.756487559927696,7.765012378107285,8.845852205027139,18.285206797880473,2223.041140448383,1185.6679628793122,32016.273372861055,42687.26088434495,True,1,30
535,newsecondary0535 26-01-31 01-31-20.fits,2026-01-31 01:31:20,1173.9713090987523,1100.4433902363317,3.103607374118397,8.423407585669736,7.30843685647987,19.835609030200846,2597.9626546795553,884.5014624740601,31950.488779211526,42601.44152516727,True,1,28
536,newsecondary0536 26-01-31 01-32-20.fits,2026-01-31 01:32:20,1174.286954845418,1103.2237231390527,3.281401872308572,6.609081257983075,7.727110904714313,15.563197025536907,2466.0499556648633,1294.5644253694495,31989.09417861787,42651.527564591066,True,1,19
537,newsecondary0537 26-01-31 01-33-20.fits,2026-01-31 01:33:20,1175.3243071874895,1100.8395585735248,3.6867165921597485,7.2874826396206736,8.681554131565967,17.160710197593815,2259.0597905808077,1211.2676033343355,31991.860923330467,42655.171688463044,True,1,31
538,newsecondary0538 26-01-31 01-34-20.fits,2026-01-31 01:34:20,1172.35403940666,1103.172735301138,3.816332805876273,7.543581231321683,8.986776989786653,17.76377629483555,2115.6197731563757,1180.1289719900242,31944.024194074584,42590.963989447744,True,1,27
539,newsecondary0539 26-01-31 01-35-20.fits,2026-01-31 01:35:20,1174.397110092854,1103.0016214028376,3.2039304359339775,9.70307163891112,7.544679613422078,22.848987593679208,2471.9809566499057,970.295416168914,31996.473135063767,42660.03676992848,True,1,31
540,newsecondary0540 26-01-31 01-36-20.fits,2026-01-31 01:36:20,1176.0052215374285,1100.8717611055315,3.051920327917379,7.7697683217415525,7.186723164017272,18.296406189283488,2595.2100612089484,1072.8510332839785,32018.80152998339,42691.19971086946,True,1,30
541,newsecondary0541 26-01-31 01-37-20.fits,2026-01-31 01:37:20,1176.9387817790885,1102.976878455508,3.5610791597523854,8.0978054553575,8.385700587326888,19.068874607036815,2338.431734805165,1067.2731397423643,32011.403724067422,42681.4651692422,True,1,31
542,newsecondary0542 26-01-31 01-38-20.fits,2026-01-31 01:38:20,1177.3306123825355,1102.646901015493,4.846023479364322,8.579183896459496,11.41151322789773,20.202434209389544,1697.030690452767,997.6365941027673,32034.437833190488,42712.15174876184,True,1,28
543,newsecondary0543 26-01-31 01-39-19.fits,2026-01-31 01:39:19,1178.930520609173,1100.3526408013959,3.851399250183251,6.108093246173854,9.069352155748687,14.383460413008352,2119.972799825075,1325.9928659678094,31973.600974868565,42631.55251825906,True,1,28
544,newsecondary0544 26-01-31 01-40-19.fits,2026-01-31 01:40:19,1175.630657688585,1105.238128268953,3.6838411739730508,9.175643051223561,8.674783039182085,21.606988183070182,2160.5978037645355,896.3051494884712,32010.36072363728,42680.1394277542,True,1,26
545,newsecondary0545 26-01-31 01-41-19.fits,2026-01-31 01:41:19,1176.3871134460587,1101.9919591758912,4.1507534323086155,7.269021824796998,9.77427738438134,17.11723830079942,2039.6620161554508,1187.6795988541555,31864.41803582259,42485.6752077579,True,1,23
546,newsecondary0546 26-01-31 01-42-19.fits,2026-01-31 01:42:19,1177.0288786531842,1104.31532789383,3.9712080369888065,7.879366297716851,9.351480288489249,18.55448970000494,2101.8351441668583,920.8657859779239,31997.56659468119,42664.82886262751,True,1,31
547,newsecondary0547 26-01-31 01-43-19.fits,2026-01-31 01:43:19,1176.7655291538003,1103.7909996930136,3.4403399695309766,9.174185939740427,8.101381521972709,21.603556947741854,2349.3935792607886,950.7569366163234,32016.55387498053,42687.913648680864,True,1,29
548,newsecondary0548 26-01-31 01-44-19.fits,2026-01-31 01:44:19,1176.7406662610351,1102.341764508296,2.9987605611781842,9.54184936190709,7.061541479710646,22.46933814408459,2681.27546731841,929.3371223802691,32029.944231297293,42705.525841579845,True,1,29
549,newsecondary0549 26-01-31 01-45-19.fits,2026-01-31 01:45:19,1177.936819322342,1105.3670168050983,3.31922564422253,7.148302734049508,7.81617908099598,16.83296656608932,2429.434701475506,1066.0672744032636,32030.432077829348,42707.81433104308,True,1,30
550,newsecondary0550 26-01-31 01-46-19.fits,2026-01-31 01:46:19,1176.4196885260067,1104.140574992486,4.072101339251421,9.443247009283702,9.58906585906662,22.237147347639826,2015.348485946316,990.9716966342801,31968.849091617172,42623.64763172087,True,1,29
551,newsecondary0551 26-01-31 01-47-20.fits,2026-01-31 01:47:20,1174.948872635444,1103.562334716122,4.005243713850045,7.60188339516831,9.43162818260829,17.901067398930266,2050.343578951103,1120.8811875279625,31993.55835395379,42657.67978471446,True,1,31
552,newsecondary0552 26-01-31 01-48-20.fits,2026-01-31 01:48:20,1175.626393265329,1101.5181871205484,3.2451638354785666,9.860661316575817,7.641776849194446,23.220082925534005,2441.8758964410604,788.3263742200974,32018.183934130437,42691.10644393797,True,1,28
553,newsecondary0553 26-01-31 01-49-20.fits,2026-01-31 01:49:20,1177.1464020905564,1102.6478331307417,3.4443257185577694,8.861140280112473,8.110767243675463,20.86639075344001,2278.135334047736,1003.4838960409394,31917.553391202222,42555.38993419844,True,1,29
554,newsecondary0554 26-01-31 01-50-20.fits,2026-01-31 01:50:20,1176.7977762847318,1106.4281488733825,3.681270240196851,7.821175009749373,8.668728952791442,18.417459688652954,2288.8920150704957,1107.7436777944486,31964.92518318209,42619.59358562314,True,1,24
555,newsecondary0555 26-01-31 01-51-20.fits,2026-01-31 01:51:20,1176.0711217282649,1100.5819128038827,3.4372025996802256,8.100909157810783,8.093993580559484,19.076183267787616,2353.582860288993,882.6157106220878,31922.624238484972,42564.710716909554,True,1,24
556,newsecondary0556 26-01-31 01-52-20.fits,2026-01-31 01:52:20,1174.6905809680045,1104.8369069632474,2.9748725346158365,7.9567158408291725,7.005289475925398,18.73663395459982,2747.84173947629,1128.8364543756918,31942.565054004186,42589.045724533054,True,1,32
557,newsecondary0557 26-01-31 01-53-20.fits,2026-01-31 01:53:20,1174.9905374694808,1105.9954801918796,3.4183705518337875,8.255062377220227,8.049647496801711,19.439186358859033,2408.9244566798147,1130.7664802193376,31880.81555855103,42506.335781004425,True,1,25
558,newsecondary0558 26-01-31 01-54-20.fits,2026-01-31 01:54:20,1173.4687878368172,1103.162667240176,4.1393073957141615,9.23048454856897,9.747324027972564,21.736130040318663,1944.0624168489671,910.0225455412024,31972.123064007945,42629.042412481846,True,1,30
559,newsecondary0559 26-01-31 01-55-20.fits,2026-01-31 01:55:20,1176.7498528765652,1101.4311255575012,3.716890594946502,10.534084538699046,8.752608478167033,24.805873427779115,2207.370258397461,780.1997350596796,32002.310275300824,42669.72880609438,True,1,27
560,newsecondary0560 26-01-31 01-56-19.fits,2026-01-31 01:56:19,1173.0298573547168,1102.570698681538,3.4801171071675716,9.115196372477799,8.195049523013319,21.464647132304115,2327.149723642271,1005.7729103042647,31981.849704987155,42641.08780308885,True,1,30
561,newsecondary0561 26-01-31 01-57-19.fits,2026-01-31 01:57:19,1175.7880471738806,1104.458688988714,4.120044657434904,6.7172326603465145,9.701963745750383,15.817874115720542,1971.2817892082976,1242.980034496266,31960.16849697865,42613.26450237391,True,1,32
562,newsecondary0562 26-01-31 01-58-19.fits,2026-01-31 01:58:19,1176.136131512309,1102.7646456055343,3.2862441264663045,8.727895947447678,7.738513541868076,20.55262432799418,2535.4316146749698,1004.0762373097359,31944.428107551026,42592.014522067286,True,1,28
563,newsecondary0563 26-01-31 01-59-19.fits,2026-01-31 01:59:19,1177.3831588851833,1102.3254587178444,3.4734716731687225,8.500156998872553,8.179400721824898,20.016340086855205,2352.154635010132,970.6712620374151,31924.997874150682,42566.55975592638,True,1,30
564,newsecondary0564 26-01-31 02-00-20.fits,2026-01-31 02:00:20,1177.0563600965681,1102.0316978310568,3.4543182178765965,8.529074372565807,8.134297781371396,20.08443529807773,2360.554128995546,917.6529974849919,31920.100574643682,42560.55622188458,True,1,30
565,newsecondary0565 26-01-31 02-01-20.fits,2026-01-31 02:01:20,1177.8667707439824,1101.3158134429552,3.6876228791771104,10.993060862771417,8.683688274401002,25.886680075899353,2147.492862707722,833.7945824718379,31974.924633561186,42631.62518448562,True,1,30
566,newsecondary0566 26-01-31 02-02-20.fits,2026-01-31 02:02:20,1178.1488704836752,1101.9033134234055,2.740891522099212,9.502784064597714,6.454306297494613,22.37734639891538,2906.5114343493965,959.8423258743696,31926.602667794585,42567.31461221186,True,1,29
567,newsecondary0567 26-01-31 02-03-20.fits,2026-01-31 02:03:20,1175.2196105732232,1104.1956145856664,4.157883451953447,8.851627165757126,9.791067297562455,20.84398908106537,2022.8199203031145,889.8677788365521,31947.35633804874,42597.16350085645,True,1,28
568,newsecondary0568 26-01-31 02-04-20.fits,2026-01-31 02:04:20,1175.8001558171163,1103.5192359402508,3.9667184700885905,7.721063626767846,9.340908166359114,18.181715397272285,2099.284005695003,1130.6056384638462,31982.243685562964,42642.47296469706,True,1,29
569,newsecondary0569 26-01-31 02-05-20.fits,2026-01-31 02:05:20,1177.2805863814526,1104.7378235307938,3.2222902987763375,8.316488730924831,7.587913786467286,19.583834367855793,2460.105126461179,980.3431208861523,31983.66031030154,42644.5892119226,True,1,29
570,newsecondary0570 26-01-31 02-06-20.fits,2026-01-31 02:06:20,1174.837176793438,1104.2957264570264,3.5149659774303483,6.775956614823437,8.277112341254787,15.956158460846286,2329.6294988503414,1144.7058662175127,32001.198805110093,42668.822219446054,True,1,30
571,newsecondary0571 26-01-31 02-07-19.fits,2026-01-31 02:07:19,1179.720331716085,1102.0610620832801,4.274045823075595,8.434328983171575,10.064608777559215,19.861326955957928,1980.0048376133777,884.0320032093696,32004.218491063115,42673.589010348565,True,1,29
572,newsecondary0572 26-01-31 02-08-19.fits,2026-01-31 02:08:19,1182.3455344932597,1107.1080310615264,3.7961877469507166,7.538898993382554,8.939339001220425,17.752750467080883,2128.099604173857,1098.961403204337,31997.56241830917,42663.150559340174,True,1,29
573,newsecondary0573 26-01-31 02-09-19.fits,2026-01-31 02:09:19,1177.5397841621664,1102.73436641817,3.7088796392838805,9.86228452290028,8.733744119192838,23.223905284324072,2215.189937179721,901.5293062130728,32004.217538888846,42671.419352204,True,1,31
574,newsecondary0574 26-01-31 02-10-19.fits,2026-01-31 02:10:19,1177.1342501373574,1105.7585730219178,4.486548845161107,7.348042272423945,10.565015153595832,17.303317234838673,1903.6331422068242,1224.1903284848038,32017.984001512283,42690.059089629016,True,1,31
575,newsecondary0575 26-01-31 02-11-19.fits,2026-01-31 02:11:19,1175.9144242219381,1105.4102220663826,3.778993053754853,4.934369685034115,8.898848593014648,11.619552643911385,2169.5514359567846,1442.8603607805146,31993.06900351679,42658.81676601449,True,1,1
576,newsecondary0576 26-01-31 02-12-19.fits,2026-01-31 02:12:19,1176.2576480497028,1104.4021153072936,3.6342639273465265,6.863930536966099,8.558037545048503,16.163321216147818,2346.147588022762,1293.8023295066089,31988.291738047436,42650.599132622374,True,1,30
577,newsecondary0577 26-01-31 02-13-20.fits,2026-01-31 02:13:20,1176.5653036933684,1106.9229255246632,3.540086708116889,7.059954242931433,8.336267141421278,16.62492176825624,2316.9025491024536,1218.4823777309891,31988.570426256,42650.9109598357,True,1,27
578,newsecondary0578 26-01-31 02-14-20.fits,2026-01-31 02:14:20,1179.2734373611593,1106.2187937052288,3.370418376724489,9.15844594550965,7.9367287536515,21.56649209381855,2471.9363092805847,899.9891328053895,31978.679061685012,42638.35345246193,True,1,31
579,newsecondary0579 26-01-31 02-15-20.fits,2026-01-31 02:15:20,1175.6878613183287,1104.1963299786014,3.374336392741457,7.4752039701819095,7.945954976305009,17.602760149679295,2448.794965107789,1171.1030737469364,31911.934639370622,42548.61285419447,True,1,30
580,newsecondary0580 26-01-31 02-16-20.fits,2026-01-31 02:16:20,1177.079953816331,1103.7389339283263,3.872369375490266,8.759154801248565,9.118733027168457,20.626233303509203,2125.859647457586,951.7139258605174,31993.299826693357,42657.598879251345,True,1,29
581,newsecondary0581 26-01-31 02-17-20.fits,2026-01-31 02:17:20,1176.3589114696927,1106.4484218718922,3.267521236463166,7.0896080687093095,7.694424505187776,16.69475119160984,2452.4013226614466,1162.3321458263438,32008.063156759155,42677.12457887265,True,1,18
582,newsecondary0582 26-01-31 02-18-20.fits,2026-01-31 02:18:20,1181.02618139608,1105.5540446832404,3.4012681125519966,8.271832661018172,8.009374329962025,19.478677359307287,2376.063868719173,1143.3586100902212,31937.440724149623,42581.48000721835,True,1,16
583,newsecondary0583 26-01-31 02-19-20.fits,2026-01-31 02:19:20,1180.7463103475332,1104.2061550157657,2.900024070668647,6.296896570778911,6.829034812682781,14.828058266356825,2834.2854361022064,1377.755991710719,31943.131473361173,42590.25387262121,True,1,27
584,newsecondary0584 26-01-31 02-20-20.fits,2026-01-31 02:20:20,1176.9210360604643,1105.5145506358574,3.1597434411359004,7.519534945931796,7.440627192341888,17.70715161999091,2610.2604132095353,1068.5522488855745,31947.247279521594,42596.604013181386,True,1,28
585,newsecondary0585 26-01-31 02-21-20.fits,2026-01-31 02:21:20,1178.2866426825697,1104.5736053494109,3.485521789973992,8.935558072125593,8.20777657842291,21.04163126177945,2426.580477478577,946.3674441867172,31939.312573649036,42585.7521326781,True,1,27
586,newsecondary0586 26-01-31 02-22-20.fits,2026-01-31 02:22:20,1178.1114391566662,1108.5861135724444,4.183091212730793,8.740566247658984,9.850427037931295,20.582460604908324,1964.907174584354,962.727845057434,31958.552876084246,42611.15188165964,True,1,31
587,newsecondary0587 26-01-31 02-23-20.fits,2026-01-31 02:23:20,1177.32380270869,1108.2273146050234,3.3432144504733996,7.905560899890175,7.872668402811891,18.616173274274296,2473.03655509218,1078.8369261386395,31988.92456376257,42651.56298399547,True,1,28
588,newsecondary0588 26-01-31 02-24-20.fits,2026-01-31 02:24:20,1176.4628126019013,1106.470288619912,4.285939997032403,8.317870297504731,10.092617416811791,19.587087708531687,1986.785019464879,1069.3583753918317,32000.85164166226,42667.31279943558,True,1,30
589,newsecondary0589 26-01-31 02-25-20.fits,2026-01-31 02:25:20,1177.0559696634457,1105.7017025558077,3.321285508000576,8.082551024537524,7.8210296895105555,19.0329531675664,2414.2401697910373,1100.8498200190627,31981.93784711201,42641.45001883262,True,1,30
590,newsecondary0590 26-01-31 02-26-20.fits,2026-01-31 02:26:20,1175.7198516471717,1106.3836205455857,3.541641660010123,8.890666339274789,8.339928773308523,20.935919309406206,2285.9028003177796,1079.6757121882802,31940.131449466884,42584.90369529516,True,1,26
591,newsecondary0591 26-01-31 02-27-20.fits,2026-01-31 02:27:20,1178.515419324795,1104.0894808199034,4.092038898687807,8.092342362602293,9.636015223676418,19.05601000670899,1980.5133235761539,1035.7094550801348,32006.833116635557,42675.42034841906,True,1,29
592,newsecondary0592 26-01-31 02-28-20.fits,2026-01-31 02:28:20,1176.830587105947,1108.716153531511,3.81174510656323,9.23179944219741,8.975973783483726,21.739226378191997,2154.0351443335167,937.2742864769388,31910.94791487965,42547.360507476136,True,1,22
593,newsecondary0593 26-01-31 02-29-21.fits,2026-01-31 02:29:21,1177.8989307300542,1105.1763108030977,3.176167969754736,7.7345464269131945,7.4793040015637064,18.213464965317698,2613.751284743864,1064.8149498807556,31930.205127771365,42573.69174829247,True,1,30
594,newsecondary0594 26-01-31 02-30-21.fits,2026-01-31 02:30:21,1174.502221178846,1103.3425478823017,4.300978266497325,8.848431693780494,10.128029835190366,20.83646431960146,1922.706088887109,982.7444211540186,31991.831942367335,42655.226334828316,True,1,29
595,newsecondary0595 26-01-31 02-31-21.fits,2026-01-31 02:31:21,1176.4364465595875,1106.277501001377,4.00563524693015,10.488533414617065,9.432550172553613,24.698608727717172,1983.0544712633473,852.1283170211574,31954.50303500933,42604.72212879491,True,1,29
596,newsecondary0596 26-01-31 02-32-21.fits,2026-01-31 02:32:21,1174.956320289411,1106.6283079102986,3.599383927880274,9.793117148731577,8.475901423134703,23.061028565169455,2312.047789351539,937.1418843872467,31959.046670791053,42610.95901136313,True,1,30
597,newsecondary0597 26-01-31 02-33-21.fits,2026-01-31 02:33:21,1176.278439188208,1106.5889317698156,3.9937811892534603,8.359995921606874,9.404635999921592,19.68628597257685,1985.8832063707785,1019.3821087132152,31990.025645227586,42652.605677958236,True,1,30
598,newsecondary0598 26-01-31 02-34-21.fits,2026-01-31 02:34:21,1176.6740019979022,1106.2743840475093,4.068870445226522,6.753450479864442,9.581457685053417,15.903160563108672,2029.3844341040299,1295.4868475606527,32000.770838141245,42667.06043902511,True,1,30
599,newsecondary0599 26-01-31 02-35-21.fits,2026-01-31 02:35:21,1177.6222862275265,1106.7205173194052,5.1557229716173,8.10825775674664,12.140799800190951,19.09348789586467,1610.8624365396097,1113.9636362502367,31995.22764271878,42659.36593139543,True,1,31
600,newsecondary0600 26-01-31 02-36-21.fits,2026-01-31 02:36:21,1175.267729185131,1108.5807600556118,3.7698946906189432,7.412578366256559,8.877423585125237,17.455288122223713,2111.2395362935713,1057.0366265211771,31969.163336325862,42625.71072418683,True,1,29
601,newsecondary0601 26-01-31 02-37-20.fits,2026-01-31 02:37:20,1174.4964687138763,1111.7328929439882,2.94913325650834,7.783386404605598,6.94467810789324,18.328474323786633,2757.265098892323,1019.2625727388315,32008.33690061415,42678.03813254699,True,1,28
602,newsecondary0602 26-01-31 02-38-20.fits,2026-01-31 02:38:20,1177.8397130734152,1106.9003568288747,3.5410461491379857,8.246613416829401,8.33852645236978,19.41929057757104,2316.8527369282265,982.7239229984503,32010.80880204914,42681.20726477992,True,1,32
603,newsecondary0603 26-01-31 02-39-20.fits,2026-01-31 02:39:20,1179.0170628386559,1107.1519327712397,3.4779254031841105,8.70338594076297,8.18988845454029,20.49490767294919,2329.170638425959,1000.3492687160467,32051.930787857567,42735.12665994272,True,1,30
604,newsecondary0604 26-01-31 02-40-20.fits,2026-01-31 02:40:20,1178.5002755568694,1106.990925162625,3.984020684732407,4.586576129838368,9.3816517682258,10.800561408603862,1941.0832333434662,1719.3410967546115,32027.08852317471,42702.587967116,True,1,1
605,newsecondary0605 26-01-31 02-41-20.fits,2026-01-31 02:41:20,1175.567914946103,1107.3119358929398,3.2381266476973645,7.7306622539035486,7.625205538346624,18.204318436856216,2567.616842488815,1131.4164506962165,32041.17793960231,42721.013132138294,True,1,31
606,newsecondary0606 26-01-31 02-42-20.fits,2026-01-31 02:42:20,1177.5171338057482,1107.677259632022,4.372000161606942,6.784220666877542,10.295273617430576,15.975618816276471,1972.0311949135921,1232.6771925069254,31977.463175579556,42636.951483537836,True,1,29
607,newsecondary0607 26-01-31 02-43-21.fits,2026-01-31 02:43:21,1177.533464923521,1107.3124143242974,3.42086365084994,9.064833714781972,8.055518296339192,21.346052136440953,2458.611081065744,998.3125851911857,31960.315130864412,42612.92961571488,True,1,27
608,newsecondary0608 26-01-31 02-44-21.fits,2026-01-31 02:44:21,1177.3125635100853,1109.0803086507265,3.5604063170121636,7.885532770057897,8.38411616375506,18.569010632680765,2318.268236792224,1166.7111249951922,31907.713097289914,42542.39746490163,True,1,23
609,newsecondary0609 26-01-31 02-45-21.fits,2026-01-31 02:45:21,1178.627078910221,1107.5621382374638,3.4691506414432416,7.46302069875888,8.169225469702521,17.574070737918294,2366.915370924326,1161.3079280754653,31986.847457184318,42648.54238212218,True,1,29
610,newsecondary0610 26-01-31 02-46-21.fits,2026-01-31 02:46:21,1177.234560894413,1107.7577127816735,3.27336121315343,9.078367684093068,7.708176599360523,21.377922198663555,2516.3738805842813,981.8652585255056,32006.521566839452,42674.48949717736,True,1,30
611,newsecondary0611 26-01-31 02-47-21.fits,2026-01-31 02:47:21,1178.820431958037,1106.4326198930148,3.7949916360006806,9.563193583827035,8.936522375179198,22.519599945707263,2165.291481565591,893.3164364696169,31971.815345705305,42628.667170541274,True,1,30
612,newsecondary0612 26-01-31 02-48-21.fits,2026-01-31 02:48:21,1178.425192460692,1108.5530644067012,2.8953729971809086,7.805139584553895,6.818082371602942,18.379699147972048,2744.664775052845,1130.1870425801694,31989.068771414495,42650.964177488204,True,1,29
613,newsecondary0613 26-01-31 02-49-21.fits,2026-01-31 02:49:21,1177.7134089533738,1106.6260814927355,3.1729523995159186,9.872168178879495,7.471731912309134,23.247179515542115,2663.250288999391,876.8624002110671,31999.111139127217,42665.21568379884,True,1,30
614,newsecondary0614 26-01-31 02-50-21.fits,2026-01-31 02:50:21,1174.4336992286026,1110.721561364902,3.589414327173542,9.688795697016303,8.452424807549535,22.8153703195436,2216.9542843351624,894.6099878826365,32000.370885949,42666.245532123605,True,1,30
615,newsecondary0615 26-01-31 02-51-21.fits,2026-01-31 02:51:21,1174.2602470636766,1108.7875074991832,3.559135313920691,8.725417481898894,8.381123180197964,20.546787987638986,2297.5218496284238,940.077248161162,32007.40965333913,42676.513485073796,True,1,33
616,newsecondary0616 26-01-31 02-52-21.fits,2026-01-31 02:52:21,1176.2788830569689,1108.6212930106105,3.430252239530827,7.819748015787753,8.077626733159496,18.414099374667995,2397.141502597889,1112.0498173947678,31947.74479050807,42596.38296678898,True,1,29
617,newsecondary0617 26-01-31 02-53-20.fits,2026-01-31 02:53:20,1174.3227716586812,1111.636328656294,3.0786811511745005,8.627370975159748,7.249740087044672,20.315906108224382,2651.002592520352,1020.6348060930119,31990.07713095809,42652.60604299553,True,1,28
618,newsecondary0618 26-01-31 02-54-20.fits,2026-01-31 02:54:20,1176.6437015071933,1111.5428004736937,2.9639705455652794,8.313022165586249,6.979617253578438,19.57567123030909,2691.2423879914386,1078.8766912700532,31949.56142742935,42598.13618214868,True,1,32
619,newsecondary0619 26-01-31 02-55-20.fits,2026-01-31 02:55:20,1175.2397409974105,1111.9517640938798,3.0407776420644668,9.005504433445642,7.160484144015352,21.206342355492882,2677.952541187051,919.0740980627951,31949.87206019427,42599.65706008286,True,1,27
620,newsecondary0620 26-01-31 02-56-20.fits,2026-01-31 02:56:20,1176.9430537620813,1112.40927303606,3.3592608595888267,6.605131721921639,7.910454808647667,15.553896578850866,2519.3784184869305,1192.1629198213789,31959.35099535397,42613.22727532889,True,1,29
621,newsecondary0621 26-01-31 02-57-20.fits,2026-01-31 02:57:20,1174.06091685078,1110.2139114467645,3.23303941987067,10.455342491169635,7.613226032286685,24.620450075870078,2510.9421180101613,795.6076184358272,32012.725792711608,42683.376022685756,True,1,29
622,newsecondary0622 26-01-31 02-58-21.fits,2026-01-31 02:58:21,1175.7976252063002,1111.2252434408558,3.11419423187231,7.582696830089211,7.333367001332676,17.855886490886714,2630.933106776499,1175.3502742019236,31958.748302936157,42610.73719883852,True,1,25
623,newsecondary0623 26-01-31 02-59-21.fits,2026-01-31 02:59:21,1176.4375032429568,1110.5504770618663,3.2468499535095754,8.186466227322079,7.645747353732154,19.277654770066924,2419.929816003787,949.1015103527436,31923.357657450208,42564.58952198164,True,1,30
624,newsecondary0624 26-01-31 03-00-21.fits,2026-01-31 03:00:21,1176.312878097687,1109.188734664705,3.345078447470057,8.710830470525952,7.877057780303498,20.51243820086089,2467.9690189351195,985.3859904791457,32023.515974139405,42697.59839512953,True,1,28
625,newsecondary0625 26-01-31 03-01-21.fits,2026-01-31 03:01:21,1175.2801245565963,1112.1804504677575,3.2627742472478904,9.175697162772453,7.6832461998301,21.60711560603018,2518.67920252095,1011.5716516495407,31999.9212289821,42665.18970636545,True,1,28
626,newsecondary0626 26-01-31 03-02-21.fits,2026-01-31 03:02:21,1177.2380369596567,1108.4204015304429,3.2707318678815716,8.497074548651016,7.701984964409044,20.009081471285718,2469.023336074588,915.2446203993582,32003.269556329084,42671.41111010968,True,1,30
627,newsecondary0627 26-01-31 03-03-21.fits,2026-01-31 03:03:21,1176.7501831164268,1110.6249268235824,3.13686476431895,9.004222114054446,7.386752025569548,21.203322724086362,2578.6168806135006,990.083648491284,31983.17803021001,42643.17210721647,True,1,28
628,newsecondary0628 26-01-31 03-04-21.fits,2026-01-31 03:04:21,1177.7312207600098,1109.990983915575,3.4261258709524105,8.8522285312881,8.067909877717856,20.8454051886721,2424.725964519223,964.5222128345645,31933.85779138111,42578.17951592771,True,1,30
629,newsecondary0629 26-01-31 03-05-21.fits,2026-01-31 03:05:21,1178.7198808159574,1109.478718144862,3.1386225422556087,8.984645768032347,7.390891276289505,21.15722395206506,2574.293575329914,966.4143557336919,31973.956059287197,42631.16369377353,True,1,30
630,newsecondary0630 26-01-31 03-06-21.fits,2026-01-31 03:06:21,1180.241054304393,1108.227669643389,3.2577844148900974,9.411351166492357,7.671496042572624,22.16203837768161,2427.8256274738847,837.0932336686162,31988.944924197083,42651.96673622303,True,1,27
631,newsecondary0631 26-01-31 03-07-21.fits,2026-01-31 03:07:21,1179.4392458790971,1107.4132709836779,3.3758865698922245,8.28569498414726,7.949605364532985,19.51132063568236,2456.5514694387566,970.7692361440635,31972.940367929557,42630.90892021169,True,1,31
632,newsecondary0632 26-01-31 03-08-21.fits,2026-01-31 03:08:21,1178.9470841452464,1109.8711370141214,3.6451942043878294,7.85678800259222,8.583776380523103,18.501321878062832,2257.8877618672786,990.5653885811911,31976.822665078587,42636.34092519559,True,1,28
633,newsecondary0633 26-01-31 03-09-21.fits,2026-01-31 03:09:21,1177.5306724305376,1109.2584908433294,3.70153654561267,8.044232023910903,8.716452455023333,18.942718816785277,2220.825514959542,1033.9778209849096,31971.394423408183,42628.400707349145,True,1,30
634,newsecondary0634 26-01-31 03-10-21.fits,2026-01-31 03:10:21,1181.6015800107996,1108.3140458374496,4.020262752385748,7.975529426726402,9.466995315609255,18.780936563789528,2083.028148610731,1079.7498650620307,31987.031516785213,42649.069433094286,True,1,29
635,newsecondary0635 26-01-31 03-11-21.fits,2026-01-31 03:11:21,1177.1493597344875,1109.049332067732,3.375387106339744,9.369375641232523,7.948429217747842,22.06319356939905,2402.066794785215,901.6143147058816,31925.207367033985,42566.50519505425,True,1,28
636,newsecondary0636 26-01-31 03-12-22.fits,2026-01-31 03:12:22,1180.5463331315118,1110.4669996151936,4.386464917030943,5.844839333768597,10.329335513449484,13.763544823143631,1889.5821269161524,1329.3607941030305,31990.657637618933,42654.878985744195,True,1,28
637,newsecondary0637 26-01-31 03-13-22.fits,2026-01-31 03:13:22,1179.8408867927149,1111.4372692199736,4.223431144297731,7.429180557683926,9.945420317400297,17.494383295388317,1978.2326634194287,1161.597497687999,31990.98661172115,42654.29449890875,True,1,27
638,newsecondary0638 26-01-31 03-14-22.fits,2026-01-31 03:14:22,1179.6604256098635,1108.1037081708264,3.2006602719872768,8.143620646678094,7.536978965809849,19.176761137925478,2658.9085191131076,1092.4813823093755,31895.734928425583,42527.148222581774,True,1,27
639,newsecondary0639 26-01-31 03-15-22.fits,2026-01-31 03:15:22,1179.717006525216,1107.9990876493518,2.847172031532037,8.492671181147525,6.704577771503131,19.998712333222862,2785.7718770719052,1076.80392003635,31990.886380372725,42652.95063294529,True,1,29
640,newsecondary0640 26-01-31 03-16-22.fits,2026-01-31 03:16:22,1178.418024190447,1109.2372585469998,3.8025343549403736,8.741877514717668,8.954284120932423,20.585548402862504,2159.335946746931,980.1438522022287,31991.979630697373,42655.512069455406,True,1,29
641,newsecondary0641 26-01-31 03-17-22.fits,2026-01-31 03:17:22,1179.489562848154,1108.1940673087822,4.000126550852184,9.329403750814006,9.419578184607236,21.969066960603744,2058.79226149772,956.8274545210656,31988.482576906415,42650.418856861674,True,1,29
642,newsecondary0642 26-01-31 03-18-22.fits,2026-01-31 03:18:22,1180.508944046035,1109.791324416207,3.4888501918656885,7.8056039043414325,8.215614365915396,18.380792537515045,2362.434131954028,1188.3159596176104,31928.662006803595,42570.2169288123,True,1,24
643,newsecondary0643 26-01-31 03-19-22.fits,2026-01-31 03:19:22,1178.9395564876168,1108.3328610489816,3.5152270284460285,7.993486848209941,8.277727069419287,18.823223059856034,2420.466286111978,1103.8606728244758,31937.316119639076,42582.68172561201,True,1,29
644,newsecondary0644 26-01-31 03-20-22.fits,2026-01-31 03:20:22,1179.7161022894188,1111.2518951337202,3.3225527438556925,8.043022180692788,7.824013801903966,18.939869853723913,2520.7289303747457,1048.8003973699967,31940.72119963422,42587.55055271077,True,1,29
645,newsecondary0645 26-01-31 03-21-22.fits,2026-01-31 03:21:22,1180.8941133635592,1109.1974153138638,4.1139165703368,7.986885949890541,9.687533203414072,18.8076791321783,1964.2456982729882,1087.7764178051993,31960.86750821633,42613.707072225305,True,1,28
646,newsecondary0646 26-01-31 03-22-22.fits,2026-01-31 03:22:22,1179.2782554969199,1112.3069435452505,3.423758186483827,7.39562505322035,8.062334406870926,17.415366120856362,2418.232676423897,1111.473105509845,31978.539935094443,42638.12984539163,True,1,30
647,newsecondary0647 26-01-31 03-23-22.fits,2026-01-31 03:23:22,1179.4593029441412,1113.4523508455052,2.9053843216438078,8.705892875086462,6.841657239125485,20.500811052145725,2794.435730394254,891.6581144929551,32010.925891680257,42681.69385107371,True,1,31
648,newsecondary0648 26-01-31 03-24-22.fits,2026-01-31 03:24:22,1175.5337662811844,1112.2566538628648,3.454748156666891,8.193882725536344,8.135310209852918,19.29511928872581,2342.6503514225124,1036.5140601464236,31958.22422381443,42610.45011251333,True,1,31
649,newsecondary0649 26-01-31 03-25-23.fits,2026-01-31 03:25:23,1176.5894277862594,1113.820507492398,3.7705267659620016,7.756911117622711,8.87891200881304,18.266129787301384,2163.894895447595,1116.6270264406128,31908.924136060738,42544.584180512575,True,1,26
650,newsecondary0650 26-01-31 03-26-23.fits,2026-01-31 03:26:23,1174.3461438330605,1112.2424730971409,4.26972360621986,8.493125286342796,10.054430734668358,19.999781669239237,1894.589502997207,942.2030725871392,32006.101060028996,42674.91375351763,True,1,31
651,newsecondary0651 26-01-31 03-27-23.fits,2026-01-31 03:27:23,1173.8539057400274,1111.5226899561517,3.341642532995604,8.060458001539414,7.868966820026044,18.98092807415512,2450.517913948857,1108.3219910173111,32004.952868618962,42672.31009700747,True,1,29
652,newsecondary0652 26-01-31 03-28-23.fits,2026-01-31 03:28:23,1177.4466024275107,1112.993279140256,4.189498288030717,8.153744219614644,9.865514547277579,19.200600330403798,1975.315445239436,1065.5095653063343,31990.017050722803,42652.82442541547,True,1,29
653,newsecondary0653 26-01-31 03-29-23.fits,2026-01-31 03:29:23,1175.23647532014,1109.356202916682,3.025467209179178,8.320392355996713,7.124430829758972,19.593026702423348,2739.9424688266004,895.1842706109239,31935.589135391027,42581.87032901156,True,1,32
654,newsecondary0654 26-01-31 03-30-23.fits,2026-01-31 03:30:23,1175.81269956392,1110.5750420521663,2.9684956802462112,8.874976473744727,6.990273131431562,20.898972499552173,2752.596570353952,1060.9688300652265,31934.00083422778,42577.06245064261,True,1,28
655,newsecondary0655 26-01-31 03-31-22.fits,2026-01-31 03:31:22,1177.622690656691,1109.6167687448801,4.03538296613624,8.489290791045333,9.502600698034065,19.990752122850193,2078.5208673885536,1004.5775867485914,31997.380916374434,42662.993361536515,True,1,30
656,newsecondary0656 26-01-31 03-32-22.fits,2026-01-31 03:32:22,1175.245210915618,1110.5533226818523,3.596135801205285,8.562695599436621,8.468252669331639,20.163607237051654,2322.167732946454,1006.2083295538296,31997.164572569316,42662.544368541465,True,1,33
657,newsecondary0657 26-01-31 03-33-22.fits,2026-01-31 03:33:22,1176.8278670527704,1109.7232986113133,3.963241453957937,9.529579313446439,9.332720419077754,22.440444388015944,2130.053667250565,913.6467819011434,32022.41869296577,42696.21688068627,True,1,28
658,newsecondary0658 26-01-31 03-34-22.fits,2026-01-31 03:34:22,1174.897934017128,1107.8220013242383,4.552609505263969,8.254513341984437,10.720576120194027,19.437893479680362,1842.8535686587359,1069.4418947455417,31949.51269616712,42598.78558712699,True,1,30
659,newsecondary0659 26-01-31 03-35-22.fits,2026-01-31 03:35:22,1175.1899989928409,1110.2926487251225,4.315345660937607,8.493490949278861,10.161862463613206,20.000642739650807,1921.7818067892758,1035.697739747459,32038.482310474803,42717.32714488535,True,1,30
660,newsecondary0660 26-01-31 03-36-22.fits,2026-01-31 03:36:22,1176.4801557219416,1106.754006165202,4.578076896180726,9.482869545113019,10.780547242819447,22.330451289245655,1721.2844461481075,862.8862795674858,32039.885546548816,42719.45739093583,True,1,29
661,newsecondary0661 26-01-31 03-37-22.fits,2026-01-31 03:37:22,1175.6857868387801,1107.5186236566751,3.490021942190407,7.76710750756335,8.218373627067816,18.290140450720553,2330.5635179979945,1088.0693552109944,31925.925460241695,42567.49130866526,True,1,30
662,newsecondary0662 26-01-31 03-38-23.fits,2026-01-31 03:38:23,1175.5289415300138,1105.565128401323,4.1022397946635865,10.588354735878745,9.660036497997458,24.93366997594565,1986.2183348216593,852.2135661579513,32009.684079258026,42678.44976354913,True,1,29
663,newsecondary0663 26-01-31 03-39-23.fits,2026-01-31 03:39:23,1176.2586928260334,1105.423013220386,4.30638662509805,9.295081565636904,10.140765546434068,21.888244390959443,1889.929505457509,963.4912642562595,32006.14588586152,42673.807774806846,True,1,30
664,newsecondary0664 26-01-31 03-40-23.fits,2026-01-31 03:40:23,1180.247339629397,1109.6945986878577,3.6596541321511045,8.572691288692495,8.617826908269764,20.18714528647529,2222.174911824772,1017.5843796316942,32019.92790018495,42692.47509607864,True,1,33
665,newsecondary0665 26-01-31 03-41-23.fits,2026-01-31 03:41:23,1176.1386667617364,1108.8686371014735,3.3665075020536834,6.401317654560792,7.927519347583083,15.073951127570256,2440.123315659934,1335.2703832163245,31960.16466710475,42613.123775718974,True,1,28
666,newsecondary0666 26-01-31 03-42-23.fits,2026-01-31 03:42:23,1176.972809694758,1107.6245855948341,3.326521619982272,6.622805042019954,7.83335979096308,15.595514067280627,2386.099380041266,1261.4753948668563,31952.17741540165,42602.365411499864,True,1,27
667,newsecondary0667 26-01-31 03-43-23.fits,2026-01-31 03:43:23,1177.1115906530754,1106.6958616064376,3.3464708731974655,7.7927543189633655,7.880336692317616,18.350534076296437,2410.09312437946,1174.1080216648409,31960.71113997814,42612.88349587145,True,1,29
668,newsecondary0668 26-01-31 03-44-23.fits,2026-01-31 03:44:23,1178.862022276571,1107.110794663171,4.5186233681611565,10.002233273140822,10.640544883291154,23.553459406667532,1865.4415673827332,919.9159931396578,32018.66360304053,42690.55605746388,True,1,30
669,newsecondary0669 26-01-31 03-45-22.fits,2026-01-31 03:45:22,1176.7842065093148,1106.839006458626,3.88912487959726,6.842160889821147,9.158189224104206,16.112057614677635,2121.1626136214345,1184.666916679537,31999.771857459364,42666.547875093274,True,1,24
670,newsecondary0670 26-01-31 03-46-22.fits,2026-01-31 03:46:22,1177.9527423700044,1108.3371217153515,3.196200711373958,9.77137461015746,7.526477503085577,23.009828799505264,2622.8690739590593,897.6760765831772,31978.455398819595,42637.43983356326,True,1,29
671,newsecondary0671 26-01-31 03-47-22.fits,2026-01-31 03:47:22,1178.9870225657046,1109.2946371626451,3.3958388921491753,8.643837859832425,7.99658949292857,20.354682658330816,2366.241440012335,1004.8761034845834,32034.358913021282,42711.63964067388,True,1,31
672,newsecondary0672 26-01-31 03-48-22.fits,2026-01-31 03:48:22,1177.3755871168255,1110.6389609371895,4.165394442188372,8.700694119297731,9.808754327925689,20.4885689178052,1969.4441433927793,1024.131463622667,31975.11298057491,42632.57217126039,True,1,27
673,newsecondary0673 26-01-31 03-49-22.fits,2026-01-31 03:49:22,1177.1819900698833,1109.9836896042993,3.229466436743676,8.52113819717208,7.604812299998682,20.0657470331797,2537.4017284818005,1106.0606864889533,31999.15144699487,42663.94870843005,True,1,32
674,newsecondary0674 26-01-31 03-50-22.fits,2026-01-31 03:50:22,1177.740912181788,1110.0865655887915,3.8681611500704745,5.363570265726441,9.108823413595923,12.630242774664598,2154.6051892198298,1580.7176853967094,32026.509975827215,42701.82771480705,True,1,19
675,newsecondary0675 26-01-31 03-51-23.fits,2026-01-31 03:51:23,1178.7023742215783,1110.3691378522394,3.226164370518345,7.090880140569555,7.5970365282612535,16.697746691925065,2486.806285831042,1199.8021603985183,32033.657680471886,42710.91845446984,True,1,30
676,newsecondary0676 26-01-31 03-52-23.fits,2026-01-31 03:52:23,1178.4259527001857,1109.7481952089497,3.4669960441350876,6.782947855912152,8.16415178077231,15.972621575501634,2383.628928075658,1253.7992767183532,31991.548666497987,42655.08821620083,True,1,26
677,newsecondary0677 26-01-31 03-53-23.fits,2026-01-31 03:53:23,1180.417618054867,1107.628178548132,3.197869247022879,10.399451016655403,7.530406604277504,24.48883571133763,2511.453850724388,794.3371595692329,32011.307296950767,42681.44730966229,True,1,29
678,newsecondary0678 26-01-31 03-54-23.fits,2026-01-31 03:54:23,1178.2257338012366,1107.3076309768383,2.75363319366607,9.129648553945337,6.484310641107452,21.4986794189183,2909.3030114519283,838.8660149329016,31996.499620570903,42662.45414445469,True,1,29
679,newsecondary0679 26-01-31 03-55-23.fits,2026-01-31 03:55:23,1178.682602204135,1105.867853809076,4.187388815362379,12.620892652895806,9.86054711875373,29.71993100522288,1926.082597166035,648.9594071576643,31990.39405841283,42653.69732184358,True,1,29
680,newsecondary0680 26-01-31 03-56-23.fits,2026-01-31 03:56:23,1177.1530792169917,1109.5932289774726,4.161564984072064,7.8421910264241115,9.7997366431918,18.46694862598533,1881.5364990145704,864.2550522126884,31997.344428498047,42664.482995207596,True,1,30
681,newsecondary0681 26-01-31 03-57-22.fits,2026-01-31 03:57:22,1177.3473085811966,1108.5296088997652,3.140629523972311,12.002632086700196,7.395617357066007,28.26403863089327,2536.9881599468044,705.0837092482813,31978.894227554265,42637.88721942376,True,1,28
682,newsecondary0682 26-01-31 03-58-22.fits,2026-01-31 03:58:22,1181.5483128982607,1109.5640689477323,3.921051879706922,6.327822601125865,9.233371563940143,14.900883502531068,2039.4218870506872,1309.2383454181654,31988.166781732158,42650.51775573526,True,1,9
683,newsecondary0683 26-01-31 03-59-22.fits,2026-01-31 03:59:22,1181.7039817637472,1107.0828673171995,4.031426836909987,9.008019568144157,9.493284725631353,21.212265045096895,1983.3813513581995,917.4020980742655,31987.39404291461,42649.51300612715,True,1,29
684,newsecondary0684 26-01-31 04-00-22.fits,2026-01-31 04:00:22,1178.7282854653383,1107.1063782640963,3.3821564943174294,9.186585117704064,7.964369908250287,21.632754780552535,2362.417274013576,926.0232905104884,32000.406974281257,42666.5427642841,True,1,29
685,newsecondary0685 26-01-31 04-01-22.fits,2026-01-31 04:01:22,1179.9295704811434,1109.1435243941644,4.307229348238713,8.210174391674249,10.142750007778112,19.3334832307143,1916.3793913281104,987.560002946785,31990.018740129388,42653.546891961676,True,1,28
686,newsecondary0686 26-01-31 04-02-23.fits,2026-01-31 04:02:23,1179.3564395267563,1109.8227855336636,3.96847086033985,9.138612474844466,9.345034730049496,21.51978783953364,2082.976504926757,810.5207950882184,32005.181184504123,42674.68277540858,True,1,30
687,newsecondary0687 26-01-31 04-03-23.fits,2026-01-31 04:03:23,1178.9735576928867,1109.3297983669681,3.985716362310585,8.663472210150088,9.385644783776804,20.40091802003001,2085.2070289223343,1048.599916750818,31991.73970010887,42654.65560426705,True,1,29
688,newsecondary0688 26-01-31 04-04-23.fits,2026-01-31 04:04:23,1179.618008317559,1107.8885044975555,3.9487466149514105,9.41616975221568,9.29858768163569,22.17338527993159,2127.4260001330226,842.6463968994356,31894.939294958982,42527.1868074021,True,1,29
689,newsecondary0689 26-01-31 04-05-23.fits,2026-01-31 04:05:23,1179.1564194191617,1109.2922609302116,3.8191672440971924,6.5642826517315624,8.993451581725678,15.457704369546397,2163.7889290725807,1150.489367182779,31948.640256666942,42599.104731851294,True,1,29
690,newsecondary0690 26-01-31 04-06-23.fits,2026-01-31 04:06:23,1177.7711468807488,1108.712530840364,3.434495905199823,9.098468357301938,8.087619802141258,21.425255666854415,2373.7953491249696,930.8429129932551,32022.943281263615,42696.84966638859,True,1,29
691,newsecondary0691 26-01-31 04-07-23.fits,2026-01-31 04:07:23,1176.1645612966183,1111.8676667845664,3.7765006849531724,9.282506306590863,8.89297951300084,21.858631918886367,2134.5859153788747,873.7743408423892,32025.762116046,42700.95226315402,True,1,31
692,newsecondary0692 26-01-31 04-08-23.fits,2026-01-31 04:08:23,1177.2316499346773,1110.0867958776564,3.129274035868989,8.43131125596566,7.368877226059193,19.854220751443005,2571.9184191375243,1002.4924036417116,32048.55017756019,42730.879198466806,True,1,31
693,newsecondary0693 26-01-31 04-09-23.fits,2026-01-31 04:09:23,1177.0817344681054,1111.293963560169,3.259135432103515,11.446406063614647,7.674677444987961,26.954226442163577,2511.0095425928284,799.2674881124955,32017.59006775811,42688.875776099936,True,1,31
694,newsecondary0694 26-01-31 04-10-22.fits,2026-01-31 04:10:22,1178.617018089173,1110.4650888878405,3.45730968037781,8.919739297053063,8.141342137233211,21.00438089315082,2394.642009987358,988.0100856525652,32016.266812068097,42687.667492482244,True,1,30
695,newsecondary0695 26-01-31 04-11-22.fits,2026-01-31 04:11:22,1179.3170786108083,1112.2500321246887,4.879069637088128,8.798930580209465,11.489330982517004,20.71989810511305,1684.2192690706454,866.8620921019344,32025.096055133596,42700.888783240116,True,1,28
696,newsecondary0696 26-01-31 04-12-22.fits,2026-01-31 04:12:22,1177.8752006420857,1111.5030142310322,3.405319314277408,10.134305544520986,8.018914180991487,23.86446583870631,2378.5562957199472,837.6254889960576,31988.20600055521,42650.43973895199,True,1,28
697,newsecondary0697 26-01-31 04-13-22.fits,2026-01-31 04:13:22,1178.6883927083638,1112.4984712067576,4.3271700972078495,7.485422259519495,10.189706883163566,17.626822382237368,1913.7380204800777,1087.2895599237452,32009.813439788224,42679.93467072423,True,1,29
698,newsecondary0698 26-01-31 04-14-22.fits,2026-01-31 04:14:22,1179.2350444881204,1109.7626172766538,3.575380674619093,8.555401351906026,8.419378081209318,20.14643059675319,2213.824903838043,995.3585531677049,32021.885944632875,42695.07372726547,True,1,30
699,newsecondary0699 26-01-31 04-15-23.fits,2026-01-31 04:15:23,1180.6577452810839,1112.1548149259345,3.2815357137077035,6.788733420967926,7.727426077123843,15.986245540066802,2401.4361782960173,1185.6628944781642,32002.484479189927,42669.76171534809,True,1,30
700,newsecondary0700 26-01-31 04-16-23.fits,2026-01-31 04:16:23,1175.6948080983043,1109.0058304458998,4.093325437431108,7.628493953971068,9.639044790897852,17.963730476208475,2096.746051738121,1134.3967237553845,31956.57347680214,42608.672990856714,True,1,26
701,newsecondary0701 26-01-31 04-17-23.fits,2026-01-31 04:17:23,1181.228202023901,1107.5087078334657,3.3087436046287984,8.59903585426284,7.791495764047853,20.24918199755797,2512.726546999165,950.4273926233394,31989.26310686925,42652.5328860395,True,1,32
702,newsecondary0702 26-01-31 04-18-23.fits,2026-01-31 04:18:23,1179.9829975684909,1108.8637148676496,3.5642369139665275,7.883406009825275,8.39313653024763,18.56400249505401,2308.0404836269686,1086.808022315167,32000.605117813873,42667.03335292479,True,1,29
703,newsecondary0703 26-01-31 04-19-23.fits,2026-01-31 04:19:23,1178.6473721888015,1112.232671739113,3.596631188958877,8.388944047381871,8.469419218343859,19.754453599417893,2246.281307294648,1039.643286064846,32015.0057238978,42685.845894001286,True,1,29
704,newsecondary0704 26-01-31 04-20-23.fits,2026-01-31 04:20:23,1178.813233931602,1111.425594252503,3.8516739243652323,7.050717901574535,9.06999896401827,16.603171846486266,2121.897961024373,1215.0684559746064,32014.68776250744,42685.742002342864,True,1,29
705,newsecondary0705 26-01-31 04-21-23.fits,2026-01-31 04:21:23,1179.3785097996374,1110.663446826222,3.8391036533584315,8.290926610315374,9.040398237879984,19.523640173851145,2116.9839180487274,951.6031845127101,31982.986816416276,42644.28884997205,True,1,32
706,newsecondary0706 26-01-31 04-22-23.fits,2026-01-31 04:22:23,1176.7162823201513,1111.0985430820501,3.9059751440444788,8.211386954183885,9.197868564588589,19.336338597217846,2073.408056161106,997.0352252685074,32031.465902350228,42708.50726788391,True,1,28
707,newsecondary0707 26-01-31 04-23-23.fits,2026-01-31 04:23:23,1179.4897153706836,1109.5736779487966,3.438745778660143,8.447177600549232,8.097627489354466,19.89158313770977,2334.8302989869458,1016.1243713675625,32005.561173896065,42673.36658917068,True,1,29
708,newsecondary0708 26-01-31 04-24-22.fits,2026-01-31 04:24:22,1178.8221795098339,1111.940363301326,3.195893648641819,7.556652622860979,7.525754425608853,17.794557069648732,2559.3069500976408,1069.9480858883887,31997.126776027875,42662.95696694725,True,1,30
709,newsecondary0709 26-01-31 04-25-22.fits,2026-01-31 04:25:22,1178.2684983784493,1111.7062894076173,3.822085260906449,7.818648327017699,9.000322986199851,18.411509805508974,2082.591235039542,921.6084380214637,31979.759119142316,42640.65118709634,True,1,31
710,newsecondary0710 26-01-31 04-26-22.fits,2026-01-31 04:26:22,1178.0061908486898,1107.1010275492704,3.6170449704484384,8.861900713699995,8.51749000019036,20.868181437694826,2253.8649655303957,955.5057216626301,31988.883154601852,42651.4376966795,True,1,29
711,newsecondary0711 26-01-31 04-27-22.fits,2026-01-31 04:27:22,1179.2049623190737,1109.285499495311,3.3866624347366563,9.022720498793984,7.974980587071197,21.24688309127172,2383.09972743141,963.6709466035526,31998.631025852133,42664.03653979072,True,1,30
712,newsecondary0712 26-01-31 04-28-22.fits,2026-01-31 04:28:22,1178.9739051064867,1109.7333021789675,3.4183806879347696,6.449059994231775,8.049671365495481,15.186375746024163,2371.2046768067644,1231.714740287348,31932.194472447696,42576.46854073002,True,1,28
713,newsecondary0713 26-01-31 04-29-22.fits,2026-01-31 04:29:22,1178.1556332116477,1108.7553585373757,3.3287619404887123,8.795969422536103,7.8386353425989395,20.71292511166732,2467.9621720536425,915.7275548481,31820.700771851,42427.80804102533,True,1,29
714,newsecondary0714 26-01-31 04-30-22.fits,2026-01-31 04:30:22,1179.4686698159796,1109.559687115487,3.096024642053006,7.851825547395787,7.290580887016189,18.489636189093705,2593.0646718001863,1176.8442113975425,31980.892093607887,42639.626447338684,True,1,27
715,newsecondary0715 26-01-31 04-31-22.fits,2026-01-31 04:31:22,1178.184060358761,1107.6889437260575,3.448675884659151,6.871902898917691,8.121011102010211,16.18209469387767,2451.8892513538253,1307.7167932345458,31989.720881357745,42652.276840500286,True,1,28
716,newsecondary0716 26-01-31 04-32-22.fits,2026-01-31 04:32:22,1178.6689832222276,1109.290565572397,3.1326839216657896,6.618607612569137,7.376906893484765,15.585629876272238,2603.549365352282,1305.712156483872,31986.967089529335,42648.662925630444,True,1,30
717,newsecondary0717 26-01-31 04-33-23.fits,2026-01-31 04:33:23,1180.732642057398,1109.9903447635322,3.023234183974057,8.328027337241245,7.119172457244894,19.611005709301406,2723.4002197550585,985.0661893154654,31964.40653343176,42619.2471596682,True,1,30
718,newsecondary0718 26-01-31 04-34-23.fits,2026-01-31 04:34:23,1176.3905998018158,1112.466862082719,4.123153819778529,6.31031631534908,9.709285263560407,14.859659349869856,1946.0034404687422,1204.342098171245,31870.644536303236,42494.73928884028,True,1,25
719,newsecondary0719 26-01-31 04-35-23.fits,2026-01-31 04:35:23,1177.4318534420356,1109.1635622183517,3.455930615760355,8.922540984494717,8.138094688228636,21.01097836289834,2229.3688408129974,957.9329947489377,31999.757550958777,42665.256870256984,True,1,30
720,newsecondary0720 26-01-31 04-36-23.fits,2026-01-31 04:36:23,1178.9881365915282,1107.778824119066,3.3366559736118275,8.044910879423746,7.85722437003339,18.9443173993546,2439.44907907885,984.9079287322818,31969.94677570051,42626.87435164787,True,1,29
721,newsecondary0721 26-01-31 04-37-23.fits,2026-01-31 04:37:23,1179.2754899985525,1106.466526545155,3.1743427232911916,7.365260329107832,7.47500587460423,17.34386265985437,2560.5619622783183,1094.405535062255,31909.958283805594,42546.69810593626,True,1,26
722,newsecondary0722 26-01-31 04-38-23.fits,2026-01-31 04:38:23,1175.473553365957,1110.1421281204116,3.3625071181144675,8.36522353141837,7.918099163295198,19.69859605294856,2455.134327542145,1033.248179264755,31952.171976954778,42602.395745509835,True,1,29
723,newsecondary0723 26-01-31 04-39-22.fits,2026-01-31 04:39:22,1175.39071445417,1111.2028120146686,3.984967832050501,9.305482708216795,9.383882129716046,21.912737209997793,2101.1425780961968,929.7339788266694,31962.093764477366,42615.76573861932,True,1,29
724,newsecondary0724 26-01-31 04-40-22.fits,2026-01-31 04:40:22,1174.5699903266268,1107.7031300432811,4.986342894045302,9.797801744566927,11.741940198295513,23.072059945345405,1699.9877606264183,916.9652783512335,31881.483414054484,42507.990143943985,True,1,27
725,newsecondary0725 26-01-31 04-41-22.fits,2026-01-31 04:41:22,1178.5960024715255,1111.1508308125246,3.080940923249017,10.79978122061461,7.255061443622944,25.431541300252096,2596.5746799144467,867.0473752382064,31876.244306131797,42499.9002717452,True,1,32
726,newsecondary0726 26-01-31 04-42-22.fits,2026-01-31 04:42:22,1175.0555502517914,1113.8366672289924,3.290948587957566,9.555456962566623,7.749591702088774,22.501381594882435,2452.0786985461937,867.0635919070312,31914.233545401145,42552.0334935132,True,1,29
727,newsecondary0727 26-01-31 04-43-22.fits,2026-01-31 04:43:22,1176.7961035535268,1112.1109868879091,4.100048733936203,9.011104995207932,9.654876944276735,21.219530670594153,1957.2722086927245,1044.8502391083866,31964.567719919665,42617.63089252696,True,1,28
728,newsecondary0728 26-01-31 04-44-22.fits,2026-01-31 04:44:22,1177.727862652138,1108.9067372998006,3.6920333050352823,7.6421293803055335,8.694074033618948,17.995839451463418,2165.632568872599,1026.849513908793,31950.503099583242,42600.86198229764,True,1,29
729,newsecondary0729 26-01-31 04-45-22.fits,2026-01-31 04:45:22,1177.1571095436227,1110.685133955607,2.922985584644577,6.95818522290636,6.883105046057558,16.385274039938043,2722.156037993829,1098.6857735707554,31947.12160603226,42596.56439275294,True,1,29
730,newsecondary0730 26-01-31 04-46-23.fits,2026-01-31 04:46:23,1178.703097154109,1112.312378916412,4.054133869236186,7.194051186298118,9.546755700516254,16.94069593847349,2030.3750557455764,1235.0432386285129,31998.634995846536,42664.003959526555,True,1,30
731,newsecondary0731 26-01-31 04-47-23.fits,2026-01-31 04:47:23,1180.0789595580472,1111.0325850781242,3.3769375005366573,9.691357388867763,7.952080117080433,22.82140264286461,2431.3936533317624,903.1811947303751,31968.297807269508,42623.697712307854,True,1,29
732,newsecondary0732 26-01-31 04-48-23.fits,2026-01-31 04:48:23,1179.8115077135512,1111.5987749605674,2.9692769024219725,9.277892031963265,6.992112769070667,21.847766132500023,2707.0295199349125,881.0303828243823,31949.81902850542,42599.583105863916,True,1,28
733,newsecondary0733 26-01-31 04-49-23.fits,2026-01-31 04:49:23,1179.8618514512955,1110.571003846889,2.9445511194325684,8.25489769295046,6.933887999658133,19.43879855703948,2755.2913809908036,1058.312182638274,32001.52024821003,42667.89014744326,True,1,29
734,newsecondary0734 26-01-31 04-50-23.fits,2026-01-31 04:50:23,1180.5721335246874,1110.603443530728,3.485756401222104,9.729725965584416,8.208329045692754,22.91175373641629,2332.191965601205,891.9540689332507,31941.1186277193,42587.450259778954,True,1,29
735,newsecondary0735 26-01-31 04-51-23.fits,2026-01-31 04:51:23,1180.7610672987823,1109.2350348187695,3.141803416506263,9.744454042743344,7.398381662735669,22.9464357077349,2524.584040989715,1028.154292248879,31961.913217314224,42613.19320310062,True,1,29
736,newsecondary0736 26-01-31 04-52-22.fits,2026-01-31 04:52:22,1181.0197206042128,1109.0227200871286,2.7545141670459854,6.777499643682746,6.486385174881615,15.959792016134246,2958.242049728751,1327.403577560392,31912.574340387553,42549.00574864571,True,1,24
737,newsecondary0737 26-01-31 04-53-22.fits,2026-01-31 04:53:22,1179.7831873558248,1110.6282044712525,3.872896575828384,10.176094837200552,9.119974489092405,23.962872102775815,2147.6856553320026,908.9283462348071,31953.50866376495,42603.4770268161,True,1,29
738,newsecondary0738 26-01-31 04-54-22.fits,2026-01-31 04:54:22,1180.0873303107269,1112.4049978628118,3.5246705370862124,8.905365918207705,8.299964832860615,20.97053417253095,2289.961005849716,893.330441175501,31914.649346282047,42553.01526895176,True,1,29
739,newsecondary0739 26-01-31 04-55-22.fits,2026-01-31 04:55:22,1179.2672697934854,1111.9667782249312,3.444006590325444,8.579361152253123,8.110015754117049,20.202851614885475,2374.1700438795383,941.3993286772112,31935.55407394895,42580.8677746647,True,1,29
740,newsecondary0740 26-01-31 04-56-22.fits,2026-01-31 04:56:22,1179.7472641133697,1110.7823373954861,3.0769356611313263,9.568286254273604,7.245629772102603,22.53159226815758,2635.958629085011,919.6954055310682,31938.41147856902,42583.659927651475,True,1,30
741,newsecondary0741 26-01-31 04-57-22.fits,2026-01-31 04:57:22,1176.3465205959174,1111.6862576030292,3.0885130498836766,7.606363153089433,7.272892439205754,17.91161642267981,2654.825292274687,973.2080444966219,31913.00424201294,42551.69984519219,True,1,28
742,newsecondary0742 26-01-31 04-58-22.fits,2026-01-31 04:58:22,1176.2100549206534,1112.398632690848,3.3157030659802893,8.311669537873591,7.8078840431409615,19.57248603545786,2466.7104889158522,1109.1861901833827,31901.605551427056,42534.132674799104,True,1,30
743,newsecondary0743 26-01-31 04-59-22.fits,2026-01-31 04:59:22,1179.8676960340736,1111.3948073377612,4.1548204386229814,9.108672150302105,9.783854452373678,21.449283763146557,2024.172485139045,981.7970335522327,31954.808670006267,42605.72456562565,True,1,29
744,newsecondary0744 26-01-31 05-00-23.fits,2026-01-31 05:00:23,1178.0694840166802,1111.2982061642851,4.134966880732166,7.009551493128361,9.737102896287203,16.506232362695286,2061.5824703932326,1164.1292983244907,31930.388525713726,42574.32142610824,True,1,30
745,newsecondary0745 26-01-31 05-01-23.fits,2026-01-31 05:01:23,1177.1255312115413,1109.9651662575855,3.7568036300892222,9.318791289072033,8.846596493379137,21.944076522966622,2198.898822102317,885.6166844026117,31958.369277488364,42611.16929258771,True,1,30
746,newsecondary0746 26-01-31 05-02-23.fits,2026-01-31 05:02:23,1178.524207050086,1113.4623372472988,3.440448082782665,8.649571529321085,8.101636109224918,20.368184418174295,2353.345463485562,1007.9303788499295,32003.70791918867,42670.80905285388,True,1,17
747,newsecondary0747 26-01-31 05-03-23.fits,2026-01-31 05:03:23,1177.3333869712765,1112.569460333913,4.314902645212413,7.799493303294696,10.160819241303258,18.366403171683004,1947.6541847992492,1167.9992067501553,31923.630575191637,42563.93061343806,True,1,30
748,newsecondary0748 26-01-31 05-04-23.fits,2026-01-31 05:04:23,1178.1501227471304,1113.408696467434,3.2665423696960243,8.503278420420525,7.692119450103096,20.02369047288536,2483.363387919071,997.44869539999,31975.69799460201,42633.78745961021,True,1,29
749,newsecondary0749 26-01-31 05-05-23.fits,2026-01-31 05:05:23,1179.7078060004803,1110.6128936023742,3.869247560544819,6.886960950841826,9.111381714758041,16.21755369638774,2104.225543256352,1245.237060846118,32010.298846540878,42679.83868776637,True,1,30
750,newsecondary0750 26-01-31 05-06-23.fits,2026-01-31 05:06:23,1177.5088565734277,1113.8944520412779,3.3271663439664123,7.928737283268015,7.834877999924446,18.670749486423755,2455.990963842316,1128.0870255570164,32002.73113845783,42669.311702852465,True,1,27
751,newsecondary0751 26-01-31 05-07-22.fits,2026-01-31 05:07:22,1178.41010204351,1109.7741158481533,3.7290374966040805,5.862669119549925,8.78121224567532,13.80553076010011,2081.2295218833024,1071.4933419206684,31983.29672096837,42646.302898690206,True,1,29
752,newsecondary0752 26-01-31 05-08-22.fits,2026-01-31 05:08:22,1175.846459550428,1111.9058101744283,3.2937741538344154,8.359477823288398,7.7562454012541355,19.685065944271205,2482.7711709278137,1043.1927987914532,31975.342815299602,42633.090447480376,True,1,30
753,newsecondary0753 26-01-31 05-09-22.fits,2026-01-31 05:09:22,1178.4659565045984,1114.729578314733,3.437047384426349,7.340872729223033,8.093628076568361,17.286434250795452,2373.9969812607683,1092.6890333040612,31957.869238437455,42610.67057853914,True,1,29
754,newsecondary0754 26-01-31 05-10-22.fits,2026-01-31 05:10:22,1177.9412369156137,1113.3746987153077,3.416127617449617,8.331226726435089,8.044365789954178,19.618539695106925,2451.454779179965,1073.6587056018293,31909.16561946774,42544.81866013323,True,1,26
755,newsecondary0755 26-01-31 05-11-22.fits,2026-01-31 05:11:22,1178.6136758494122,1114.1866172249022,3.142046696088157,9.924795527666385,7.398954542371659,23.371107451382322,2606.5624087709,842.6937319958859,31739.833666206858,42319.554349825296,True,1,29
756,newsecondary0756 26-01-31 05-12-22.fits,2026-01-31 05:12:22,1176.945678056852,1113.826850483286,3.6093508348517336,6.363326586306651,8.499371695458054,14.984488998513266,2390.0016152176618,1318.3715916270976,31991.56671926684,42655.72804597856,True,1,28
757,newsecondary0757 26-01-31 05-13-22.fits,2026-01-31 05:13:22,1177.6980146584779,1112.9485385597156,2.86265789138821,6.475939946358637,6.741044184706987,15.24967319610197,2865.125400461704,1281.7559851753645,31991.907388554253,42655.74925123892,True,1,27
758,newsecondary0758 26-01-31 05-14-22.fits,2026-01-31 05:14:22,1178.48192650806,1112.5218784178044,3.0348078455002487,9.304866901013039,7.146426347401174,21.911287094850515,2744.0679906203445,1024.433123045836,31950.395256141426,42598.97391097501,True,1,30
759,newsecondary0759 26-01-31 05-15-23.fits,2026-01-31 05:15:23,1179.3367718386464,1111.9058475578145,3.1567801449333714,7.207204228629903,7.433649163044809,16.97166898620952,2571.1837548659078,1107.631585114643,31961.547664337497,42615.569325760735,True,1,30
760,newsecondary0760 26-01-31 05-16-23.fits,2026-01-31 05:16:23,1180.2215880513209,1112.3159444199132,3.121472923593356,6.461813609386302,7.350507010498995,15.216408214636653,2542.496039111426,1276.1927890649224,31952.254075777942,42602.60547320845,True,1,25
761,newsecondary0761 26-01-31 05-17-23.fits,2026-01-31 05:17:23,1180.0202688661188,1113.5157771861416,3.8521327167789607,7.354928360282534,9.071079337590625,17.31953273255992,2217.5356701358733,1278.8781679489164,31924.475607797882,42564.85365773809,True,1,1
762,newsecondary0762 26-01-31 05-18-23.fits,2026-01-31 05:18:23,1180.5507127653475,1109.9271280734351,4.883606659434228,8.068614299169402,11.500014853682352,19.000134687307455,1650.563237019082,1006.6888787961344,31966.175083880094,42621.48698574453,True,1,29
763,newsecondary0763 26-01-31 05-19-23.fits,2026-01-31 05:19:23,1178.6439645720334,1110.7379907597042,3.5329915215169514,8.70488483015796,8.31955925379251,20.498437287741794,2375.6887777595207,978.2717522458864,31919.253914423945,42558.84732389458,True,1,30
764,newsecondary0764 26-01-31 05-20-23.fits,2026-01-31 05:20:23,1179.7689895866272,1111.7370468122579,3.117767518220587,9.46110213473145,7.341781447652234,22.279192954950723,2587.510889227149,890.8912473443469,31904.478157597074,42538.83801367152,True,1,29
765,newsecondary0765 26-01-31 05-21-23.fits,2026-01-31 05:21:23,1179.1776338534353,1110.263441874932,3.9161612817950218,9.828049486090379,9.221855085945013,23.143287933401744,2025.6750124245052,885.7450069691251,31965.709970530916,42619.95084123532,True,1,29
766,newsecondary0766 26-01-31 05-22-23.fits,2026-01-31 05:22:23,1177.1081019552532,1110.6171767931157,4.010550724140625,6.410069944029931,9.444125236819733,15.094561194252096,2139.347913374011,1377.4478585442032,31891.82531687352,42522.11195084819,True,1,22
767,newsecondary0767 26-01-31 05-23-23.fits,2026-01-31 05:23:23,1180.4717197825858,1113.3143648786172,3.5491760257106497,5.394066098995191,8.357670848686718,12.702054974135773,2238.8092894495007,1413.8194656692654,32003.32234242404,42671.508673904485,True,1,13
768,newsecondary0768 26-01-31 05-24-23.fits,2026-01-31 05:24:23,1180.0184318919426,1112.6343891065433,3.234453123152489,6.8372214053170675,7.6165550491124385,16.100426017555307,2593.5386028413996,1273.6711809145168,32006.229436707796,42674.56036462831,True,1,32
769,newsecondary0769 26-01-31 05-25-23.fits,2026-01-31 05:25:23,1177.8635127092298,1114.25546127742,3.705766499547098,8.041628046603568,8.72641323533768,18.93658691882516,2187.2507450168323,1120.8301419933725,31963.760676513946,42617.176959540106,True,1,28
770,newsecondary0770 26-01-31 05-26-23.fits,2026-01-31 05:26:23,1178.0229493258169,1112.7346142150307,3.424311754485826,8.964867683043892,8.063637959898323,21.110650121081918,2355.8812629521467,956.6828941280471,32032.347742342212,42709.14033608055,True,1,31
771,newsecondary0771 26-01-31 05-27-23.fits,2026-01-31 05:27:23,1180.3259532212385,1112.269854896277,2.9616222067975917,7.958330854451211,6.974087338375765,18.740437021049996,2790.6038796247744,1095.7676147627874,31985.51019795243,42646.75925676124,True,1,28
772,newsecondary0772 26-01-31 05-28-24.fits,2026-01-31 05:28:24,1180.7116179071088,1110.7925601222967,3.7628472880395787,9.326915975813566,8.860828220265946,21.963208698165182,2130.7152269100325,861.5850500807443,32029.480697300125,42705.9505695279,True,1,29
773,newsecondary0773 26-01-31 05-29-24.fits,2026-01-31 05:29:24,1179.6859318753845,1109.8056593906874,3.0698526971264513,8.883590485669783,7.228950666485691,20.91925694750143,2673.6494682155235,1029.4877747628148,32005.776358783136,42673.159213481136,True,1,30
774,newsecondary0774 26-01-31 05-30-24.fits,2026-01-31 05:30:24,1180.1050404218943,1110.685288522632,3.22076380767163,7.381914259230147,7.584319174615359,17.38307966833494,2440.2500144551227,1229.5717165902502,31994.997389248852,42658.427137421815,True,1,27
775,newsecondary0775 26-01-31 05-31-24.fits,2026-01-31 05:31:24,1178.8295514633844,1112.3384640326829,3.098873544587579,7.252723589403564,7.29728953981094,17.07885888939633,2601.3714337075994,1210.3715127254693,32007.084592801657,42675.188059922184,True,1,29
776,newsecondary0776 26-01-31 05-32-24.fits,2026-01-31 05:32:24,1178.6939206964225,1112.7407670574544,3.4956971468636477,8.891302317444492,8.231737712792016,20.937416923548422,2341.2870846185824,866.2666935498675,31963.425028892176,42618.521784710785,True,1,31
777,newsecondary0777 26-01-31 05-33-24.fits,2026-01-31 05:33:24,1178.7436105084407,1111.8203453167348,3.7942497081561184,6.085811979749292,8.934775268618857,14.33099204020312,2225.363226036982,1462.933413043576,31994.806355771983,42659.149250684786,True,1,14
778,newsecondary0778 26-01-31 05-34-24.fits,2026-01-31 05:34:24,1178.9417718143222,1111.53886012428,3.9961955565157563,8.661588085694769,9.410321400346913,20.39648124599529,2051.7080702442495,1063.3632359524936,31999.055589468924,42664.103351285,True,1,29
779,newsecondary0779 26-01-31 05-35-24.fits,2026-01-31 05:35:24,1177.1498827679848,1114.841354699035,3.7664146926003776,8.548533328373471,8.86922881603445,20.13025763726899,2227.2912283230253,1026.4144420905488,31998.135470688518,42663.68363994515,True,1,30
780,newsecondary0780 26-01-31 05-36-24.fits,2026-01-31 05:36:24,1177.1478352720524,1112.4200523150766,3.4287985951695172,8.76324584021092,8.074203662279139,20.63586696406276,2302.8060157416803,883.9350909482795,32045.114590659843,42727.012502611295,True,1,29
781,newsecondary0781 26-01-31 05-37-23.fits,2026-01-31 05:37:23,1178.5867187945782,1114.2892161328127,3.754014131332122,8.229114214361852,8.840027725790327,19.378083104828402,2177.1469487683185,923.9785607131043,31995.61428465049,42661.553389379114,True,1,29
782,newsecondary0782 26-01-31 05-38-23.fits,2026-01-31 05:38:23,1177.561331480383,1113.5694191069579,3.832506653502411,6.045699196581834,9.02486349038196,14.236533654338409,2222.6654517582083,1286.9082749645472,32018.007171105062,42691.6279729735,True,1,30
783,newsecondary0783 26-01-31 05-39-23.fits,2026-01-31 05:39:23,1178.6721541822162,1111.4477205894098,3.1302386542202263,8.256777871206465,7.371148728688492,19.443226038484955,2586.758180996213,1066.9982514709864,32043.270217441495,42723.441196602056,True,1,27
784,newsecondary0784 26-01-31 05-40-23.fits,2026-01-31 05:40:23,1177.8714442372593,1113.1430359993287,3.8620549135319506,9.662648631817813,9.094444325395306,22.753798686295465,2079.4492174468933,944.2635621138228,31996.706173228125,42660.865383298995,True,1,28
785,newsecondary0785 26-01-31 05-41-23.fits,2026-01-31 05:41:23,1176.8249509812151,1113.0969778298004,3.2277223627286706,9.094261931511966,7.600705319548131,21.415350291086256,2536.559067959821,949.621305628641,32013.57849583226,42684.192641591224,True,1,30
786,newsecondary0786 26-01-31 05-42-23.fits,2026-01-31 05:42:23,1179.8991521598066,1114.8832497918488,3.7031973139804215,9.304039910501608,8.720363265665867,21.909339681017148,2195.3772143016363,910.843990641061,32007.40444644176,42676.094910663065,True,1,28
787,newsecondary0787 26-01-31 05-43-24.fits,2026-01-31 05:43:24,1179.073487083762,1112.2790551554308,3.071365015212015,7.728762800137043,7.23251190342804,18.19984556505224,2629.9262810245264,1099.975739102336,32029.305093129635,42705.193426426486,True,1,28
788,newsecondary0788 26-01-31 05-44-24.fits,2026-01-31 05:44:24,1181.194078081656,1112.772859755036,2.959198705224621,8.529109217130417,6.968380428292569,20.084517350756933,2776.641220253248,1041.3160695736985,31918.701757380535,42557.41172039128,True,1,28
789,newsecondary0789 26-01-31 05-45-24.fits,2026-01-31 05:45:24,1181.2589870497898,1113.1814909902096,3.24494870093388,9.307876934916985,7.641270246056241,21.91837518302375,2443.686166614223,936.6862389155143,32005.51479535404,42673.00247438175,True,1,30
790,newsecondary0790 26-01-31 05-46-24.fits,2026-01-31 05:46:24,1180.5299697710104,1113.8228224000202,4.541839869161754,7.7528580670212275,10.695215565222842,18.256585582501486,1786.142852746766,1048.5913192522921,32001.967319405183,42669.267574911544,True,1,31
791,newsecondary0791 26-01-31 05-47-24.fits,2026-01-31 05:47:24,1183.2788062573754,1112.8645168263413,3.2576087600978987,8.349388830045275,7.671082407146948,19.66130818074812,2545.2074968373645,1028.7668488795903,32017.456333884424,42689.55716553978,True,1,30
792,newsecondary0792 26-01-31 05-48-24.fits,2026-01-31 05:48:24,1182.0623924579545,1112.9851685058195,3.6806520402840137,7.383012010754644,8.667273203244857,17.38566467562929,2273.7602439540096,1292.9599517797246,31973.112742204965,42629.29932083892,True,1,27
793,newsecondary0793 26-01-31 05-49-24.fits,2026-01-31 05:49:24,1182.0934873379747,1112.8789663794953,3.5044781532913203,7.17309244229293,8.252415402743445,16.8913418679714,2351.2033709315056,1225.9066706722506,31961.93365454071,42615.197458341776,True,1,29
794,newsecondary0794 26-01-31 05-50-24.fits,2026-01-31 05:50:24,1182.3471037030963,1112.2194633471756,3.150384855517261,7.341064553698179,7.418589407333977,17.286885962914653,2591.1249799524758,1215.927186180436,32026.49664000077,42701.01148905357,True,1,29
795,newsecondary0795 26-01-31 05-51-24.fits,2026-01-31 05:51:24,1181.6666445832798,1113.4083511498707,3.9783911703242896,10.127392541490956,9.368395274853775,23.848186960599833,2061.0380190315786,805.1343077808481,32034.779942922512,42713.09885569773,True,1,31
796,newsecondary0796 26-01-31 05-52-24.fits,2026-01-31 05:52:24,1181.5644316303085,1113.5849311794748,3.3637959038318868,10.374008923366269,7.921134021736327,24.428924160072828,2386.1826420675998,867.1351516728633,31983.55332513983,42643.488273971634,True,1,30
797,newsecondary0797 26-01-31 05-53-24.fits,2026-01-31 05:53:24,1181.9420052332891,1109.6134259054722,3.6684309071868433,9.867376871689238,8.638494634054648,23.2358968493286,2278.097772690068,964.4557583195557,31978.46141840932,42636.45334347369,True,1,28
798,newsecondary0798 26-01-31 05-54-24.fits,2026-01-31 05:54:24,1181.2869512305645,1112.8711894406636,3.8934218509303697,8.864478429943885,9.168307818332336,20.87425149557634,2157.534366299539,917.548474337541,31954.54893619079,42606.409010518655,True,1,28
799,newsecondary0799 26-01-31 05-55-24.fits,2026-01-31 05:55:24,1180.2190844383738,1116.2085474678552,3.3693876356327364,9.149979626876055,7.934301543867404,21.54655543699254,2302.794616531991,984.2113169212759,32006.15009717948,42673.259529379764,True,1,29
800,newsecondary0800 26-01-31 05-56-24.fits,2026-01-31 05:56:24,1179.3070968997392,1113.9976738220685,2.79611864243475,8.253387699984101,6.584356227490075,19.435242795334442,2984.1472460865466,1129.306771226082,31977.17269255831,42634.971041052515,True,1,31
801,newsecondary0801 26-01-31 05-57-24.fits,2026-01-31 05:57:24,1177.1594689296016,1115.5870269629088,4.157098539054433,10.53420027553253,9.789218968934252,24.806145967194553,1997.6057820700182,860.7912751859617,31922.375905476063,42562.183398756104,True,1,29
802,newsecondary0802 26-01-31 05-58-25.fits,2026-01-31 05:58:25,1177.6569005227964,1115.6097247080718,3.42243741532372,10.004692644506603,8.059224228468208,23.55925078365785,2399.4844051866053,917.2689280546342,31999.901757340584,42665.29150608906,True,1,31
803,newsecondary0803 26-01-31 05-59-25.fits,2026-01-31 05:59:25,1178.753217386318,1113.8016599208638,3.512153103510858,8.419916542307703,8.270488529365027,19.82738825131386,2298.708323788944,1016.8914979150592,32003.095273244857,42670.16352553669,True,1,28
804,newsecondary0804 26-01-31 06-00-25.fits,2026-01-31 06:00:25,1179.8861006218444,1114.2785967909058,3.180439758848328,7.888151067227574,7.489363296149441,18.575176251339766,2495.9018014209864,1048.899140177297,31993.82840316705,42658.00487201776,True,1,27
805,newsecondary0805 26-01-31 06-01-25.fits,2026-01-31 06:01:25,1174.898129088417,1116.074825860998,4.492098862281159,7.799954546849466,10.578084445160394,18.367489317251415,1827.7975326240378,1112.2487076747352,31992.323286855324,42655.83167335806,True,1,28
806,newsecondary0806 26-01-31 06-02-25.fits,2026-01-31 06:02:25,1174.3877105545544,1115.8181008089564,3.4016641557389877,9.608250580441052,8.010306940397449,22.62570106450284,2418.719214365848,846.7433630455528,32007.90096010988,42677.319839496864,True,1,29
807,newsecondary0807 26-01-31 06-03-25.fits,2026-01-31 06:03:25,1175.4758717073487,1116.6173569431314,5.364747460716211,8.868787119435098,12.63301485702342,20.88439768395806,1565.3898757261854,899.5465504261325,32005.235545080366,42674.18899340299,True,1,29
808,newsecondary0808 26-01-31 06-04-24.fits,2026-01-31 06:04:24,1177.9332102678725,1117.7218891706088,3.0492570385717426,8.769533549481697,7.18045159688045,20.650673387890908,2683.3049783491683,984.2214904561264,31983.642187655565,42644.27720246623,True,1,29
809,newsecondary0809 26-01-31 06-05-24.fits,2026-01-31 06:05:24,1176.497859217181,1117.123218964985,4.046443068488887,6.710959801358694,9.528645248754172,15.80310266163637,2076.5742518099855,1239.068703016266,31965.492845529458,42620.769821476584,True,1,27
810,newsecondary0810 26-01-31 06-06-24.fits,2026-01-31 06:06:24,1176.8064311012872,1117.7999154803663,3.405202452912171,7.392922629925793,8.018638993506137,17.40900240031218,2448.129005636632,1194.6591542868237,31996.038119975958,42660.74506283305,True,1,30
811,newsecondary0811 26-01-31 06-07-24.fits,2026-01-31 06:07:24,1178.338430291966,1117.1337400638656,3.1900914751655125,7.805345950005716,7.5120913512021,18.3801851014746,2518.1725308053424,1026.9436378646164,32010.755691314327,42681.03021812766,True,1,31
812,newsecondary0812 26-01-31 06-08-24.fits,2026-01-31 06:08:24,1181.846355301041,1116.7278983683675,3.6694202414302266,8.437809792726517,8.640824338162203,19.86952363607084,2204.1555124652996,1003.6332753813547,32037.620547281294,42716.336780830294,True,1,30
813,newsecondary0813 26-01-31 06-09-24.fits,2026-01-31 06:09:24,1176.6337454612033,1117.014895996214,4.049449643838286,10.032962417248207,9.535725192653834,23.625821011178246,2023.359090422593,884.2976089187083,31955.838335038097,42606.90940390543,True,1,30
814,newsecondary0814 26-01-31 06-10-25.fits,2026-01-31 06:10:25,1178.0028018679561,1117.144536166152,3.634938553165974,8.812753659342897,8.559626167451032,20.752448968940506,2237.765528214219,992.6292464497249,32000.262628930166,42666.225578422076,True,1,32
815,newsecondary0815 26-01-31 06-11-25.fits,2026-01-31 06:11:25,1176.7567858980954,1116.6193466512736,3.397731754916129,9.391260908361234,8.001046844114686,22.114729435124595,2361.2863432896906,928.2974292633296,32052.396711905636,42735.63297684241,True,1,28
816,newsecondary0816 26-01-31 06-12-25.fits,2026-01-31 06:12:25,1178.4547806552662,1117.839361753748,3.4255182871833667,8.646718164256852,8.066479127279475,20.361465256925246,2330.3264155624775,946.4292591246588,32025.240219870793,42700.06120859562,True,1,29
817,newsecondary0817 26-01-31 06-13-25.fits,2026-01-31 06:13:25,1179.3421952410815,1116.0558853849727,3.9004610531650594,4.889671551225189,9.18488387285561,11.51429658244265,2099.979000149538,1759.1612863300988,31979.13290617224,42638.314137443675,True,1,1
818,newsecondary0818 26-01-31 06-14-25.fits,2026-01-31 06:14:25,1180.9513987489595,1117.7477744257549,3.5215146813360785,9.457233799017127,8.292533360480974,22.270083720469728,2248.9290289544974,844.6606704023371,32027.684573683542,42703.4910846892,True,1,33
819,newsecondary0819 26-01-31 06-15-25.fits,2026-01-31 06:15:25,1181.2968335061244,1116.3506770467116,4.93553715777301,10.422698716676067,11.622301832118962,24.54357986134715,1636.4971265509628,804.0445994601428,32024.269669187226,42698.63511640842,True,1,31
820,newsecondary0820 26-01-31 06-16-25.fits,2026-01-31 06:16:25,1181.312715090851,1115.3483815623263,3.107619170833411,10.732771504442828,7.317883915800975,25.27374547739895,2574.0525242724893,880.0482928222132,31949.120386513765,42596.96244862043,True,1,30
821,newsecondary0821 26-01-31 06-17-25.fits,2026-01-31 06:17:25,1181.5230103437852,1114.1336300448015,4.0089843078454575,6.729595680594547,9.440436608329009,15.846986803617732,2055.675625969362,1359.173178216956,31988.5607434162,42650.24673783823,True,1,6
822,newsecondary0822 26-01-31 06-18-24.fits,2026-01-31 06:18:24,1178.4770966829392,1115.1352296890532,3.5797301137981665,5.8963468688874725,8.429620227772844,13.884835799311695,2283.349008843258,1447.7097309301648,32009.085412409742,42678.31323186158,True,1,14
823,newsecondary0823 26-01-31 06-19-24.fits,2026-01-31 06:19:24,1179.6210005248904,1116.7133103801166,3.5959093584687936,8.461570592108204,8.467719437436697,19.925476042740797,2241.5981738449623,1027.0097137856444,31918.760074308513,42557.5350367887,True,1,30
824,newsecondary0824 26-01-31 06-20-24.fits,2026-01-31 06:20:24,1180.7412701036653,1115.467801334611,3.430355934792467,8.076514576598662,8.077870916840181,19.018738418959177,2321.303697208046,1018.2046128267481,32008.7785397047,42678.035304042794,True,1,29
825,newsecondary0825 26-01-31 06-21-24.fits,2026-01-31 06:21:24,1177.69009707396,1116.0119345860185,3.5905274843658344,8.594584758766631,8.455046092419215,20.23870046866115,2281.538140548878,1022.797598817822,32051.30088278087,42734.296004243704,True,1,30
826,newsecondary0826 26-01-31 06-22-25.fits,2026-01-31 06:22:25,1182.1830983994641,1117.312634685453,4.192381492380273,9.833817167792317,9.872303974673832,23.156869785886826,1960.781908852603,854.190191497122,31982.45048180087,42643.03572376067,True,1,30
827,newsecondary0827 26-01-31 06-23-25.fits,2026-01-31 06:23:25,1181.3002707210126,1115.9410911759842,3.2230780407363637,8.082105898771403,7.589768777025068,19.031904976489777,2486.885910855474,981.4426066028752,32010.28599657349,42680.48874271264,True,1,32
828,newsecondary0828 26-01-31 06-24-25.fits,2026-01-31 06:24:25,1179.3537103461401,1118.115895633689,3.4164114664990786,9.024213590001022,8.045034203385612,21.250399052375112,2379.9288542038767,909.8248154358994,32031.176337243443,42708.1324305481,True,1,30
829,newsecondary0829 26-01-31 06-25-25.fits,2026-01-31 06:25:25,1180.743781369638,1117.400983521734,4.2478530491491,6.421708890053167,10.00292950848214,15.121968817650647,1996.5464742642055,1309.8958033418078,32044.61697349123,42726.24527807842,True,1,30
830,newsecondary0830 26-01-31 06-26-25.fits,2026-01-31 06:26:25,1177.3336944466757,1115.9584617646776,3.2202186951254452,9.054868967212524,7.583035532664806,21.32258694912074,2581.184547084752,1000.0104379403008,32032.959860758616,42709.65512987154,True,1,31
831,newsecondary0831 26-01-31 06-27-25.fits,2026-01-31 06:27:25,1178.9763463952172,1117.446668598753,3.1976748816159213,9.464124356594207,7.529948908721139,22.286309743573675,2429.96176465818,813.6314224002991,32042.11879920683,42722.915219981194,True,1,28
832,newsecondary0832 26-01-31 06-28-24.fits,2026-01-31 06:28:24,1177.6778923076647,1116.537894607016,4.1555981068641135,8.46410505030457,9.785685721136279,19.93144423570489,1991.3895906356815,1118.7960768254527,31984.80000433712,42644.860192327076,True,1,31
833,newsecondary0833 26-01-31 06-29-24.fits,2026-01-31 06:29:24,1175.0416292596533,1117.8493636102996,3.9131059514999587,8.103403569952235,9.214660332922008,19.082057159498877,2057.314268370738,1038.897565007143,32014.483957322947,42685.503952355946,True,1,30
834,newsecondary0834 26-01-31 06-30-24.fits,2026-01-31 06:30:24,1174.2298609156792,1117.360267455103,3.80489976828208,8.523506261719126,8.959854243684257,20.07132339904301,2083.6299647622554,926.3715955746293,32028.169924031896,42704.26791580074,True,1,31
835,newsecondary0835 26-01-31 06-31-24.fits,2026-01-31 06:31:24,1175.950474895654,1116.664261980001,4.452024320626545,7.929627997461144,10.483716111176681,18.672846958060127,1865.7718902301447,1089.0931762398075,32020.721368791797,42693.8701121797,True,1,28
836,newsecondary0836 26-01-31 06-32-25.fits,2026-01-31 06:32:25,1176.806897139762,1118.9838362386665,3.8473527927675564,7.133313244960887,9.059823476714845,16.797669016718665,2131.806123962088,1039.2728745377403,32013.92558276962,42686.250624553264,True,1,30
837,newsecondary0837 26-01-31 06-33-25.fits,2026-01-31 06:33:25,1174.5675677925938,1117.2358438164858,3.7001756171744646,8.472580951714884,8.713247713457193,19.951403458245604,2276.1508328905743,1042.5995299792676,32029.187029741854,42705.05230281954,True,1,29
838,newsecondary0838 26-01-31 06-34-25.fits,2026-01-31 06:34:25,1178.1229074881605,1118.6068582447315,3.3193095037853704,9.207291145931524,7.816376555175524,21.68151375087553,2424.7364481443296,1019.3028115319307,31925.886776933847,42566.12564245648,True,1,29
839,newsecondary0839 26-01-31 06-35-25.fits,2026-01-31 06:35:25,1180.3431742566847,1115.8063838898659,3.0920788432106003,6.992596573421015,7.281289240808432,16.466306577906536,2622.8334782580628,1243.7896086082449,32004.36582749681,42671.730480595485,True,1,29
840,newsecondary0840 26-01-31 06-36-25.fits,2026-01-31 06:36:25,1180.0602875490647,1117.3606745484028,3.4976478507966235,5.694626618124134,8.236331269515308,13.409820909325514,2289.6508659007627,1323.236375192791,31986.262321409075,42648.95972788339,True,1,30
841,newsecondary0841 26-01-31 06-37-25.fits,2026-01-31 06:37:25,1181.1881209759617,1117.7130010572887,4.182735751627678,5.479446142776847,9.849589991000451,12.903109612678435,1956.0207021155716,1467.7855560104592,31912.538956906017,42550.23099857412,True,1,12
842,newsecondary0842 26-01-31 06-38-24.fits,2026-01-31 06:38:24,1178.826022475943,1117.190338364629,3.354902442267981,7.745358219340829,7.9001915201759285,18.238924790849005,2430.4938928388547,1139.3254872168563,32027.52036182141,42702.49603841796,True,1,30
843,newsecondary0843 26-01-31 06-39-24.fits,2026-01-31 06:39:24,1180.772916314239,1113.7527669255396,3.5787523748001218,9.516564731157093,8.42731782838144,22.40979738876329,2280.2521307076154,919.3127051017649,32008.514570187228,42677.26093825022,True,1,31
844,newsecondary0844 26-01-31 06-40-24.fits,2026-01-31 06:40:24,1181.8177925189852,1113.5085483984017,3.9197734566728175,9.078848243766789,9.230361107753405,21.379053830216066,2042.9126459463412,864.399945546314,31993.62366338455,42658.37118980224,True,1,32
845,newsecondary0845 26-01-31 06-41-24.fits,2026-01-31 06:41:24,1180.9871196784397,1115.2721214665735,3.206760375753288,8.519753410712035,7.551343612434822,20.062486110265496,2496.259413482431,929.5266745064656,31988.801958661235,42651.84627729143,True,1,31
846,newsecondary0846 26-01-31 06-42-24.fits,2026-01-31 06:42:24,1178.744645390609,1114.648045445236,3.370833819329358,8.59855013311471,7.937707046225006,20.248038211662056,2334.201524006376,994.0168894681192,31974.25321518426,42631.46223622489,True,1,28
847,newsecondary0847 26-01-31 06-43-25.fits,2026-01-31 06:43:25,1179.0391507679738,1117.0769919004215,3.5988623421591504,6.862626606913008,8.474673182623398,16.16025069552148,2333.3034035346595,1168.160536669292,32001.897471613403,42669.68736591728,True,1,28
848,newsecondary0848 26-01-31 06-44-25.fits,2026-01-31 06:44:25,1177.4087228018373,1113.0710986206818,4.366446935673139,7.798016852438893,10.282196769687072,18.362926395612256,1933.5671480609358,1090.6131450360856,31988.4571731552,42651.19654308394,True,1,29
849,newsecondary0849 26-01-31 06-45-25.fits,2026-01-31 06:45:25,1179.7839527526044,1115.248313043745,4.543595976975157,5.9687907543399294,10.699350883103078,14.055428112915067,1883.8252206583222,1430.6812153620626,31980.478362113645,42640.66348046092,True,1,22
850,newsecondary0850 26-01-31 06-46-25.fits,2026-01-31 06:46:25,1179.7027472209354,1116.9248097310788,2.880640331769988,8.3611514372584,6.783389595776572,19.68900700399541,2843.0589792137525,972.649585963897,31968.89202918686,42625.26333299095,True,1,28
851,newsecondary0851 26-01-31 06-47-25.fits,2026-01-31 06:47:25,1179.8607457821583,1115.7108695995792,3.1002828570781604,7.494786012386398,7.300608217113474,17.648872335185068,2505.642857142801,1066.085116610707,31945.341823393723,42593.50300405135,True,1,29
852,newsecondary0852 26-01-31 06-48-25.fits,2026-01-31 06:48:25,1180.8853433260153,1114.8792200304026,2.9500480571309513,5.459890471522857,6.946832298736571,12.857059526015505,2774.888132883895,1177.5709144292728,31908.612116977027,42547.081205399256,True,1,28
853,newsecondary0853 26-01-31 06-49-25.fits,2026-01-31 06:49:25,1179.5710444894908,1112.5448762964013,2.925227989231477,8.146529189747435,6.888385505327861,19.183610233447,2787.4521986247205,1111.2555945735094,31989.434074273213,42651.41965259795,True,1,27
854,newsecondary0854 26-01-31 06-50-24.fits,2026-01-31 06:50:24,1182.2452270047097,1113.6436080592334,3.9187431372281947,7.985842583899862,9.22793489087242,18.805222193029145,2147.950573922067,1018.0435774497877,31961.72956852269,42616.009914117734,True,1,31
855,newsecondary0855 26-01-31 06-51-24.fits,2026-01-31 06:51:24,1182.9700275908735,1112.2568216123245,3.2328332436690497,8.963281863877057,7.612740524434302,21.106915802320064,2571.3891183911273,929.923468628081,31943.035771387174,42590.685615455055,True,1,31
856,newsecondary0856 26-01-31 06-52-24.fits,2026-01-31 06:52:24,1180.4552303216637,1112.0469606570402,3.18525500274752,10.273036241086677,7.500702329004972,24.191151663840305,2567.7624790359955,892.4864594318678,31998.806844821254,42663.79982709592,True,1,31
857,newsecondary0857 26-01-31 06-53-24.fits,2026-01-31 06:53:24,1183.1298817109634,1112.4532407658642,4.030527837071635,8.209047978121687,9.491167742791523,19.330830729501734,2075.2343964775914,1052.090471826558,31976.572466887363,42635.07875544464,True,1,28
858,newsecondary0858 26-01-31 06-54-24.fits,2026-01-31 06:54:24,1179.7596019382531,1114.2094394122864,3.372679799609596,8.01130513579124,7.942053997591642,18.865181920620604,2458.672509662054,1118.2339765671948,31865.02864524751,42485.845852060134,True,1,28
859,newsecondary0859 26-01-31 06-55-24.fits,2026-01-31 06:55:24,1180.3300349030287,1113.899322316216,2.847051178995562,9.026812107248542,6.704293185527747,21.25651809287693,2856.237978380316,972.2517969013181,31887.198480157116,42515.43363773246,True,1,28
860,newsecondary0860 26-01-31 06-56-24.fits,2026-01-31 06:56:24,1178.670921046655,1116.536760798239,3.566877089001759,10.759994906670919,8.399353667342984,25.337851690659598,2322.731068595505,804.4989846550959,31955.71097407849,42607.13560191333,True,1,30
861,newsecondary0861 26-01-31 06-57-24.fits,2026-01-31 06:57:24,1176.3441376032797,1114.6720836575462,3.23524212976745,9.783332964166068,7.618413017705011,23.03798857123031,2570.9479153362604,831.0161590700155,32001.206701726547,42668.517408253225,True,1,32
862,newsecondary0862 26-01-31 06-58-24.fits,2026-01-31 06:58:24,1178.643906952846,1115.0056390084274,3.341919388102672,9.471978271804929,7.8696187639817365,22.304804300543857,2464.9532763799084,881.3346837431039,31962.66057506308,42616.73853382145,True,1,32
863,newsecondary0863 26-01-31 06-59-25.fits,2026-01-31 06:59:25,1179.8150290160872,1113.7135053362515,3.341154109932386,7.622647267110932,7.867816671606322,17.94996258079321,2358.7440405881807,1129.3440954776145,31987.93419933318,42649.64066900456,True,1,26
864,newsecondary0864 26-01-31 07-00-25.fits,2026-01-31 07:00:25,1178.8671736989004,1111.2677588688487,3.201970776698691,8.011641314565038,7.540064968573395,18.865973561135856,2427.714807057718,1121.4756295575155,31973.026927323794,42629.14058356189,True,1,29
865,newsecondary0865 26-01-31 07-01-25.fits,2026-01-31 07:01:25,1178.8709095473805,1113.2114316230484,3.5081447912059605,9.24450309840889,8.26104967520271,21.769141202483972,2305.3066534446766,955.1216119822014,31983.45834142187,42643.6540189091,True,1,31
866,newsecondary0866 26-01-31 07-02-25.fits,2026-01-31 07:02:25,1178.8381523984901,1113.538215844355,3.3579804493467558,7.4884135791129,7.907439672943775,17.633866401577013,2423.980886286396,1032.3484183764049,31966.441684748905,42622.4496548241,True,1,31
867,newsecondary0867 26-01-31 07-03-25.fits,2026-01-31 07:03:25,1181.6970876175708,1115.6147220923751,3.1529780520907598,7.809605279070327,7.424695918605958,18.390215054934327,2500.057865811178,1033.561546533459,31994.846135348536,42659.55104372055,True,1,31
868,newsecondary0868 26-01-31 07-04-24.fits,2026-01-31 07:04:24,1177.0959068671689,1115.7706356915216,3.1429307551933907,9.263418421838928,7.401036342473656,21.81368338525527,2569.691141195446,960.5804074709747,31972.44852019928,42628.87159160809,True,1,32
869,newsecondary0869 26-01-31 07-05-24.fits,2026-01-31 07:05:24,1180.0136536175416,1114.7620243437436,3.8633928446423003,6.245187404201821,9.097594912392829,14.70629248438925,2064.5524565815635,1332.0451797221779,31918.232132998823,42557.200967444835,True,1,27
870,newsecondary0870 26-01-31 07-06-24.fits,2026-01-31 07:06:24,1177.097555576188,1114.7138756760557,4.21224839106717,7.956973865997502,9.919086945934339,18.737241557438324,1964.9270399605903,1090.8601557703973,32001.910199633203,42668.69372553372,True,1,30
871,newsecondary0871 26-01-31 07-07-24.fits,2026-01-31 07:07:24,1178.0410175363231,1110.875505903672,3.2673851684734725,8.69682285821056,7.6941040895581585,20.47945279459758,2415.4557692276253,943.2311749563294,31999.61154601825,42665.747860760624,True,1,31
872,newsecondary0872 26-01-31 07-08-24.fits,2026-01-31 07:08:24,1177.9554874439516,1116.62812609634,3.562670331281452,5.952927402117058,8.389447509938616,14.018072773119263,2203.1992048644393,1327.846345939379,31969.095984472868,42625.39000723952,True,1,18
873,newsecondary0873 26-01-31 07-09-24.fits,2026-01-31 07:09:24,1181.3357397764582,1115.4523247170036,3.3328014593063178,8.835758646752703,7.848147682482917,20.8066215744288,2448.3876495345953,941.9816068471781,31965.888479363464,42620.974293407926,True,1,30
874,newsecondary0874 26-01-31 07-10-25.fits,2026-01-31 07:10:25,1180.5649049117678,1115.8989175465708,4.097519345217834,6.395042884008382,9.648920689021045,15.05917517209547,2005.2354054356945,1397.8298741150047,31988.202280733938,42650.004523484626,True,1,16
875,newsecondary0875 26-01-31 07-11-25.fits,2026-01-31 07:11:25,1179.641784652116,1114.7013722804163,4.59274540638769,10.824709691644554,10.815088944685545,25.49024336352538,1766.9780287236206,891.9304046756977,31901.184031301094,42532.926844238464,True,1,28
876,newsecondary0876 26-01-31 07-12-25.fits,2026-01-31 07:12:25,1180.0002282378841,1114.4191762454868,2.9017144651329523,7.813968038619546,6.8330153874513355,18.400488568572477,2757.0109720065325,975.4921560011543,32015.427402340396,42687.72341290592,True,1,32
877,newsecondary0877 26-01-31 07-13-25.fits,2026-01-31 07:13:25,1180.7558893437417,1113.045437955851,3.5849674911527982,5.831902930836782,8.441953308950922,13.733081922209196,2311.7244667986765,1450.9017410492038,32000.517139580214,42667.13174863329,True,1,1
878,newsecondary0878 26-01-31 07-14-25.fits,2026-01-31 07:14:25,1180.3361912726991,1112.641039934064,5.2389955368460965,5.802978726674592,12.336891705992867,13.664970626461503,1586.4657160240122,1424.722467029637,31961.919441420054,42615.94913285849,True,1,3
879,newsecondary0879 26-01-31 07-15-25.fits,2026-01-31 07:15:25,1179.855437537536,1111.841624744471,3.514515958491141,9.589680468900644,8.276052627636098,22.58197179360903,2258.063782380994,911.5701348418414,31847.42762152523,42462.19798967575,True,1,29
880,newsecondary0880 26-01-31 07-16-24.fits,2026-01-31 07:16:24,1180.110773993143,1113.326197385416,3.87483793909482,7.488804240470527,9.124546050226895,17.63478633877277,2140.122798408799,1156.871594661935,31991.517925017444,42654.87891618834,True,1,27
881,newsecondary0881 26-01-31 07-17-24.fits,2026-01-31 07:17:24,1179.7165136893059,1113.7840189110386,3.039263326331423,8.098134867645044,7.156918202972674,19.069650313694602,2647.7997057553416,1094.4915267039805,32011.646704666793,42681.14346773065,True,1,30
882,newsecondary0882 26-01-31 07-18-24.fits,2026-01-31 07:18:24,1181.0096960028156,1114.6577380493445,2.702457761722009,7.293430845618577,6.36380170815246,17.17471715230965,3046.815140213601,1211.671699800438,31905.675810361943,42540.123104185,True,1,29
883,newsecondary0883 26-01-31 07-19-24.fits,2026-01-31 07:19:24,1180.3131090653683,1114.7370061979555,4.1044146088730225,8.997105944307867,9.665157794092057,21.186565424923273,2014.9275566936078,898.7788123371696,31991.197121240642,42655.166347924394,True,1,28
884,newsecondary0884 26-01-31 07-20-24.fits,2026-01-31 07:20:24,1180.12632823416,1116.2551374789923,3.35852611724254,7.9322743252335375,7.908724622642698,18.679078583744282,2497.38685076311,1101.718977903233,31980.811943540582,42640.62923439946,True,1,25
885,newsecondary0885 26-01-31 07-21-24.fits,2026-01-31 07:21:24,1181.8112846811337,1111.9702970378016,3.3160778547054006,9.753045630949233,7.808766603143505,22.966667351860774,2399.340878395771,917.1611502935395,31957.948402740774,42609.323005439765,True,1,32
886,newsecondary0886 26-01-31 07-22-24.fits,2026-01-31 07:22:24,1181.4746972004793,1112.0243523909803,3.37970250124522,8.071485506975824,7.958591196173481,19.006895865003465,2410.147456574007,1018.2654121335718,31985.580268278598,42647.34580065581,True,1,30
887,newsecondary0887 26-01-31 07-23-25.fits,2026-01-31 07:23:25,1181.734560523962,1112.4421908317165,4.035493981878905,8.71825812336467,9.502862120130208,20.529928986653033,1983.1528431760132,793.1248443034243,31889.206963920697,42520.345936075144,True,1,29
888,newsecondary0888 26-01-31 07-24-25.fits,2026-01-31 07:24:25,1181.0380665870393,1113.0184265960224,3.112192083321071,10.29981465067081,7.328652301791088,24.254209999503068,2588.529396359787,769.6452542008101,31951.95046330122,42602.766691032426,True,1,31
889,newsecondary0889 26-01-31 07-25-25.fits,2026-01-31 07:25:25,1180.6688429217215,1113.2172561682619,3.1528936126694838,9.6613117175383,7.424497078964146,22.75065049375158,2542.635586432855,926.8079847295402,31837.745067368058,42449.117899460245,True,1,28
890,newsecondary0890 26-01-31 07-26-25.fits,2026-01-31 07:26:25,1179.88834891512,1114.6679343744586,3.2185235327885926,7.741043994492037,7.579043730414404,18.228765567696296,2515.5665922913913,944.5353971558242,31906.279440230992,42542.71775240142,True,1,31
891,newsecondary0891 26-01-31 07-27-25.fits,2026-01-31 07:27:25,1179.0781979058934,1115.0241345210823,3.1083682205289778,7.119798024148225,7.319647793038819,16.765843103835987,2641.5260214864657,1183.4914400164414,31977.95350597006,42636.99362065156,True,1,29
892,newsecondary0892 26-01-31 07-28-25.fits,2026-01-31 07:28:25,1181.83754721599,1113.0217285983736,3.4690370460108833,9.8791822227867,8.16895797290138,23.26369632673153,2259.125592004289,962.4653617289986,31919.654929917364,42557.384798900064,True,1,29
893,newsecondary0893 26-01-31 07-29-25.fits,2026-01-31 07:29:25,1178.7321100781064,1117.127563184588,3.8013582104275754,7.857255709875401,8.951514512257832,18.502423244548474,2127.9729425931127,1120.7194837617624,31952.090823340342,42601.863777668055,True,1,28
894,newsecondary0894 26-01-31 07-30-24.fits,2026-01-31 07:30:24,1179.959479666718,1113.2798676209006,3.2544888379694314,8.517815437753608,7.663735551979898,20.057922532696267,2514.6981770897564,968.08970477327,31906.239047433202,42541.572180682735,True,1,29
895,newsecondary0895 26-01-31 07-31-24.fits,2026-01-31 07:31:24,1178.899455822389,1113.9598204870183,3.392167953093669,7.721127048691116,7.987945092056577,18.181864744488497,2434.5466316442044,1112.1310427988255,31954.635911827118,42605.757623852696,True,1,30
896,newsecondary0896 26-01-31 07-32-24.fits,2026-01-31 07:32:24,1175.5614158401154,1114.874138081096,3.4002473226465812,9.478716465664492,8.006970553430987,22.32067153451166,2441.7490136375804,783.2035087668808,31957.462419769603,42611.08301581405,True,1,31
897,newsecondary0897 26-01-31 07-33-24.fits,2026-01-31 07:33:24,1177.171166525259,1117.2814469422538,2.845463318440295,9.074570184618706,6.7005540596634905,21.36897977078033,2837.6384523538463,859.4573898690007,31947.15605337804,42596.56290557813,True,1,28
898,newsecondary0898 26-01-31 07-34-24.fits,2026-01-31 07:34:24,1175.6084218321132,1114.7488870359746,3.5727149040435426,9.171029780272384,8.413100671222558,21.596124760161192,2334.8371759215756,999.6651989371358,31942.74554005933,42589.26200305492,True,1,31
899,newsecondary0899 26-01-31 07-35-24.fits,2026-01-31 07:35:24,1175.2301640359378,1112.1889279042,3.448643248702873,7.745723268886423,8.12093425020618,18.2397844168364,2379.610190107082,1111.339149460246,31967.54110300858,42622.87017954279,True,1,29
900,newsecondary0900 26-01-31 07-36-25.fits,2026-01-31 07:36:25,1175.8044038133235,1113.9195295635186,3.476356775214931,9.832625303951609,8.18619461795527,23.154063161023778,2365.6171337271885,733.3281276664447,31891.983089502213,42523.95054247088,True,1,31
901,newsecondary0901 26-01-31 07-37-25.fits,2026-01-31 07:37:25,1176.010353526785,1109.4766643167186,3.325581358794987,7.544289892672454,7.831145645071698,17.765445064789485,2424.2097605961626,1046.527080591378,31927.980631362345,42570.85566276992,True,1,30
902,newsecondary0902 26-01-31 07-38-25.fits,2026-01-31 07:38:25,1177.3319902181781,1112.2791338635639,3.4784588266809875,8.702141500654013,8.191144570883226,20.491977240435777,2369.4210186751343,956.4546348231158,31967.776055771767,42623.59661648158,True,1,31
903,newsecondary0903 26-01-31 07-39-25.fits,2026-01-31 07:39:25,1177.6120810622135,1112.0098640356603,3.4640401966082215,7.991168229673096,8.15719129176599,18.81776313044869,2398.6288653407755,1017.1779399999443,31945.031079861536,42593.60752168611,True,1,29
904,newsecondary0904 26-01-31 07-40-25.fits,2026-01-31 07:40:25,1179.9763948704574,1107.8133713924365,3.0654448315035254,7.87151013474178,7.218570936161022,18.535989849954213,2682.627777860719,1039.9383068445877,31943.587914385535,42591.49898630063,True,1,31
905,newsecondary0905 26-01-31 07-41-25.fits,2026-01-31 07:41:25,1177.4663848554026,1112.6264539759932,4.0452783780631245,6.335899837794159,9.525902612393333,14.919903941346027,2057.3229094763797,1252.5031049825784,31899.137626098614,42532.6821317987,True,1,27
906,newsecondary0906 26-01-31 07-42-25.fits,2026-01-31 07:42:25,1175.6511330013655,1113.172178067611,4.16890936646593,7.963813825520306,9.817031342071248,18.753348431229824,1961.0505841503048,1016.8487188208808,31931.583412626387,42575.54441325489,True,1,30
907,newsecondary0907 26-01-31 07-43-25.fits,2026-01-31 07:43:25,1177.4934953565378,1113.903853651014,4.9869798583531875,8.189512068189195,11.74344013461569,19.284827177194785,1688.102688015039,1043.8300118796608,31956.604885948112,42608.63898771743,True,1,28
908,newsecondary0908 26-01-31 07-44-25.fits,2026-01-31 07:44:25,1176.0876557367926,1112.3729102561872,3.99493575239899,9.338322925160343,9.407354788359939,21.990070011139625,2049.776765723256,856.1531737142152,31967.1230349724,42623.08046264443,True,1,30
909,newsecondary0909 26-01-31 07-45-25.fits,2026-01-31 07:45:25,1179.5332729162487,1111.769734117795,3.0551526708959016,9.116686069016941,7.194334750055512,21.4681550995755,2624.92960337683,973.2712288142294,31851.0941135815,42467.02503414524,True,1,27
910,newsecondary0910 26-01-31 07-46-25.fits,2026-01-31 07:46:25,1183.4375954604402,1108.8005003064482,3.773489225651162,6.060934367178114,8.88588806827167,14.272409739447996,2154.4272320416435,1242.6751931317235,31977.64307260184,42637.62841836199,True,1,30
911,newsecondary0911 26-01-31 07-47-26.fits,2026-01-31 07:47:26,1184.03284031209,1109.8606751357602,4.427262505081265,7.18806431070659,10.425406491579297,16.92659792382345,1796.6471921886475,1161.0156569968694,31916.8494233277,42555.29477672062,True,1,28
912,newsecondary0912 26-01-31 07-48-26.fits,2026-01-31 07:48:26,1182.0290611064959,1106.8714715912627,3.459962583704878,7.45607041123188,8.147589247165321,17.557704061530984,2334.1681396474496,1047.3181020602663,32014.5108538167,42686.35907757471,True,1,27
913,newsecondary0913 26-01-31 07-49-26.fits,2026-01-31 07:49:26,1179.574036970802,1110.418730998728,3.680957249240993,7.3395836494390805,8.667991915414675,17.283398699880554,2200.0992751489653,1194.4479052580486,31954.32528651954,42604.90535777147,True,1,29
914,newsecondary0914 26-01-31 07-50-26.fits,2026-01-31 07:50:26,1181.4274154573595,1108.5664586247344,3.179267156648925,8.312642175653808,7.486602028985439,19.57477642239927,2472.094028771495,999.74843383545,31943.78444715559,42591.130935061876,True,1,29
915,newsecondary0915 26-01-31 07-51-26.fits,2026-01-31 07:51:26,1181.8057471517761,1109.4669707940027,3.5997303356616235,8.717447757439167,8.476717151121978,20.52802072072785,2263.4082935068145,1015.499024163627,31969.933582690563,42625.66919931942,True,1,30
916,newsecondary0916 26-01-31 07-52-25.fits,2026-01-31 07:52:25,1179.7651018589502,1105.6882839353125,3.258902525443334,7.808982687216163,7.674128991715946,18.38874896315627,2543.848534917385,1024.259440878449,31900.646861291847,42534.57197698605,True,1,28
917,newsecondary0917 26-01-31 07-53-25.fits,2026-01-31 07:53:25,1182.389050954149,1109.6787890906958,3.4467583631416416,9.811669326172648,8.116495683904002,23.10471560448666,2372.778648603896,956.5393094150859,31941.44359747123,42587.03532581349,True,1,31
918,newsecondary0918 26-01-31 07-54-25.fits,2026-01-31 07:54:25,1179.8426399860527,1110.6827853754182,2.8208475125113748,8.93374624484591,6.642588266437477,21.03736473458312,2821.5982208895157,922.7139624979366,31976.574073203752,42635.06591041301,True,1,30
919,newsecondary0919 26-01-31 07-55-25.fits,2026-01-31 07:55:25,1180.0451484471075,1110.9522932876039,3.5273079457382868,8.433209469424064,8.306175455621458,19.858690702544603,2364.0582761055643,1012.30974606345,31939.820148358434,42586.17122614715,True,1,29
920,newsecondary0920 26-01-31 07-56-25.fits,2026-01-31 07:56:25,1181.0760852917504,1109.3417121260159,2.722527296969664,10.9181944120705,6.411061852048093,25.710383057088514,2978.9052049744546,822.4395895592519,31935.16545783535,42579.099584389245,True,1,32
921,newsecondary0921 26-01-31 07-57-25.fits,2026-01-31 07:57:25,1180.2760895780693,1111.2746023787347,3.6543407949913247,8.611055603121539,8.605314955419907,20.27748634310667,2203.543941446072,1194.5861270252897,31865.59466609164,42484.578805684534,True,1,27
922,newsecondary0922 26-01-31 07-58-25.fits,2026-01-31 07:58:25,1178.9012055325936,1110.2835666679578,2.840316849174137,9.973190860169934,6.688435050674405,23.485069750447618,2824.7371149153096,846.1722992104156,31927.278915624986,42569.16896550623,True,1,32
923,newsecondary0923 26-01-31 07-59-25.fits,2026-01-31 07:59:25,1180.1484320827321,1110.8404233761455,3.077255291542915,8.471303987249128,7.246382444202815,19.948396436724853,2642.9560960075223,1115.1186593081393,31953.043775202554,42602.36477006242,True,1,29
924,newsecondary0924 26-01-31 08-00-25.fits,2026-01-31 08:00:25,1179.2686208210462,1112.8756177099149,3.9797092584442564,8.589023102946026,9.37149913517979,20.225603770051226,2120.2662100921048,940.6453103427143,31980.269275719038,42640.821701455214,True,1,27
925,newsecondary0925 26-01-31 08-01-25.fits,2026-01-31 08:01:25,1178.3648498055031,1112.8485695992354,3.7595936169993345,6.400236119772816,8.853166410480442,15.07140430777213,2230.776445860113,1332.730800465018,31956.948448180454,42609.08023799676,True,1,27
926,newsecondary0926 26-01-31 08-02-26.fits,2026-01-31 08:02:26,1178.7787706424324,1112.4441977295483,3.1865238910929516,9.50810459503214,7.5036903327157,22.38987529063256,2572.291707149431,904.2674611693953,31981.457175065367,42641.42558474486,True,1,28
927,newsecondary0927 26-01-31 08-03-26.fits,2026-01-31 08:03:26,1178.9285479209184,1110.533469656985,2.8644120252208425,9.042646704346149,6.745174854217737,21.293805719527363,2812.965545910513,975.0398445278378,31928.88883560354,42570.87253420888,True,1,28
928,newsecondary0928 26-01-31 08-04-26.fits,2026-01-31 08:04:26,1178.7813382227966,1107.6535173809493,2.9969789157621283,7.903949590604112,7.057346025371781,18.61237893086873,2688.890878498722,978.2559027172042,31924.4487702468,42566.352641945196,True,1,29
929,newsecondary0929 26-01-31 08-05-26.fits,2026-01-31 08:05:26,1179.0950655634076,1109.597824408893,3.7858416037373295,7.603988930120422,8.91497569579278,17.906025554841012,2165.3042633161626,1069.020440203199,31971.201742790698,42628.35754674789,True,1,30
930,newsecondary0930 26-01-31 08-06-26.fits,2026-01-31 08:06:26,1179.4046391821216,1107.9491604804807,3.8432389698763587,8.705091061626327,9.050136164108947,20.49892292573742,2079.973775066046,1003.0360921792227,31962.74167592047,42616.03771792157,True,1,2
931,newsecondary0931 26-01-31 08-07-25.fits,2026-01-31 08:07:25,1180.8067715930022,1107.764291328716,3.5204743033326733,7.827594752319619,8.290083457504146,18.43257702714131,2354.2094182516003,1226.5348105392245,31870.66058290647,42492.521254839194,True,1,30
932,newsecondary0932 26-01-31 08-08-25.fits,2026-01-31 08:08:25,1177.6669507475826,1108.5347773807496,2.982795520271,8.770590252125055,7.02394668136267,20.65316173245713,2780.8492193148995,1017.4756331054767,31974.434127675424,42631.767590155985,True,1,29
933,newsecondary0933 26-01-31 08-09-25.fits,2026-01-31 08:09:25,1179.980580697344,1110.7432678645446,2.751345049661879,10.056792491209032,6.478922473740466,23.681936547015766,2940.539878240578,823.6962409283177,31953.23505968102,42604.06416529324,True,1,29
934,newsecondary0934 26-01-31 08-10-25.fits,2026-01-31 08:10:25,1180.3341548719793,1109.2868511411516,3.1851645434705094,10.046234566384937,7.500489313686208,23.657074534006057,2444.9222352123425,810.6877031470037,31871.231745141744,42494.51549375295,True,1,31
935,newsecondary0935 26-01-31 08-11-25.fits,2026-01-31 08:11:25,1180.1715448465498,1108.2803114040214,3.461291490059501,8.19821445373396,8.150718582487157,19.305319729115187,2317.0447023035654,1109.5807412585937,31959.698658806752,42611.54334010587,True,1,30
936,newsecondary0936 26-01-31 08-12-25.fits,2026-01-31 08:12:25,1181.7517915515016,1106.9926714256428,4.168443424291352,6.238064527999891,9.815934132098727,14.689519392730672,1999.6502075463072,1234.4810847097285,31949.54597939511,42600.21297604682,True,1,22
937,newsecondary0937 26-01-31 08-13-25.fits,2026-01-31 08:13:25,1182.299032436744,1110.6795848238608,5.000593340994943,7.254892350951656,11.775497436423176,17.08396593256267,1600.0641131981392,1232.124789165718,31930.537342018364,42572.84075025797,True,1,26
938,newsecondary0938 26-01-31 08-14-25.fits,2026-01-31 08:14:25,1180.5989921145642,1109.3184919889102,3.170014341010835,8.721598932794207,7.464813313247889,20.537795991664332,2563.563587306405,1013.3225695507477,31954.19938339638,42604.682066730966,True,1,29
939,newsecondary0939 26-01-31 08-15-25.fits,2026-01-31 08:15:25,1179.3863766647214,1111.030751226657,3.19509634632194,8.80113805291254,7.523876922124052,20.72509630608311,2590.4136402961913,950.9548559764135,31950.338189579517,42600.331179052,True,1,30
940,newsecondary0940 26-01-31 08-16-25.fits,2026-01-31 08:16:25,1180.299277906102,1110.0854046477557,3.2026297273415443,9.928177270270645,7.541616678755872,23.379070846653967,2478.414714317423,909.0611818716396,31982.889960193632,42642.450553469294,True,1,29
941,newsecondary0941 26-01-31 08-17-26.fits,2026-01-31 08:17:26,1181.636351399433,1110.0647292714202,3.027344903792825,10.496596620419774,7.128852462673635,24.717596126368605,2631.708769492554,832.0938661197952,31944.68343618598,42591.922182679395,True,1,28
942,newsecondary0942 26-01-31 08-18-26.fits,2026-01-31 08:18:26,1180.2932467003316,1109.077202124022,3.2816455546274903,9.574056813979295,7.727684732723521,22.54518089782359,2486.7813848278415,909.1881470697326,31945.176338996127,42592.867158350076,True,1,28
943,newsecondary0943 26-01-31 08-19-26.fits,2026-01-31 08:19:26,1181.6581837269791,1109.5487992879591,2.8202537503439458,7.73605741593378,6.641190063383634,18.217023072551193,2889.5894513240937,1090.1604260046781,32002.97011766239,42670.26041194897,True,1,28
944,newsecondary0944 26-01-31 08-20-26.fits,2026-01-31 08:20:26,1179.608539245803,1109.4261128224105,3.0612632271612292,9.96833692932185,7.208724010435395,23.473639616789356,2563.3626647800775,853.7563741602318,31999.22807385053,42664.782027590845,True,1,29
945,newsecondary0945 26-01-31 08-21-26.fits,2026-01-31 08:21:26,1179.7094612806793,1108.1055803396162,3.253615596788753,7.084427481759579,7.66167922614349,16.682551841615584,2553.500414173543,1138.1697175114389,31907.876411897487,42544.150901256355,True,1,29
946,newsecondary0946 26-01-31 08-22-26.fits,2026-01-31 08:22:26,1180.3656941494596,1112.4364721176894,3.130123961158048,9.291398629027654,7.3708786471666485,21.8795717380074,2528.4379231030916,864.4016065181656,31886.96671734643,42515.804534479146,True,1,26
947,newsecondary0947 26-01-31 08-23-25.fits,2026-01-31 08:23:25,1179.1234487009208,1111.9007640965417,3.4236821416342265,7.994523349191376,8.062155334934767,18.825663833143814,2346.6775843437545,1119.9370966617114,31955.875019773775,42606.648274818785,True,1,29
948,newsecondary0948 26-01-31 08-24-25.fits,2026-01-31 08:24:25,1178.4712751671289,1109.623694437407,3.4278295526611173,6.891375390585057,8.07192174155587,16.22794890758268,2450.406761479542,1212.4970814931328,31951.945364010837,42602.65030037201,True,1,30
949,newsecondary0949 26-01-31 08-25-25.fits,2026-01-31 08:25:25,1181.8276443474394,1110.9226545108029,3.3335248137344955,7.345005012353637,7.8498510519900515,17.29616503394314,2397.188995361502,1040.462209758236,32006.497419117284,42675.779755602554,True,1,28
950,newsecondary0950 26-01-31 08-26-25.fits,2026-01-31 08:26:25,1180.186316325935,1110.3049910825523,4.02446864491493,10.200524509219214,9.476899435644219,24.020399584138893,2082.363389575844,776.2573595889534,31987.569998819985,42650.689267570604,True,1,29
951,newsecondary0951 26-01-31 08-27-25.fits,2026-01-31 08:27:25,1181.7530739050328,1108.0195620186764,3.0346448288017362,8.283925973577178,7.146042472411842,19.50715493413206,2579.107436455942,958.7088362643805,31929.80958140342,42572.9309034262,True,1,27
952,newsecondary0952 26-01-31 08-28-26.fits,2026-01-31 08:28:26,1179.563897925573,1109.3760643281698,3.6125893537575724,9.392832060786903,8.506997824693734,22.11842921635036,2280.8239555046475,929.6264763296826,32021.657864308105,42694.90923848447,True,1,31
953,newsecondary0953 26-01-31 08-29-26.fits,2026-01-31 08:29:26,1178.2090496463036,1109.807354903908,3.717682915589572,9.948077835169276,8.754474250699428,23.425933095784703,2133.3680901734683,824.0259952768242,32016.795703957985,42688.71758123793,True,1,31
954,newsecondary0954 26-01-31 08-30-26.fits,2026-01-31 08:30:26,1180.942096719896,1108.0064257248866,3.024892993821389,7.3528257420358525,7.123078655924287,17.31458144496559,2620.6432746674895,1098.0049588812267,32029.477832896457,42705.78183597031,True,1,30
955,newsecondary0955 26-01-31 08-31-26.fits,2026-01-31 08:31:26,1179.528519498472,1109.2114990465163,4.0851310231129565,9.082739056705417,9.61974841980418,21.388215994515413,1937.0048913627304,943.6972854670328,32015.381270852817,42686.326026722694,True,1,30
956,newsecondary0956 26-01-31 08-32-26.fits,2026-01-31 08:32:26,1180.4422763093228,1109.5009210275352,3.5069475370197303,8.679113732315287,8.258230357045978,20.437750989959415,2365.897614922632,983.545342181192,31986.91755696341,42648.914950726255,True,1,29
957,newsecondary0957 26-01-31 08-33-26.fits,2026-01-31 08:33:26,1181.2037898294814,1111.1249417205213,3.0342950997618137,7.388274246461342,7.145218923458303,17.3980562937531,2724.1373643283214,1096.5977947969943,31955.07624233231,42606.97962173037,True,1,27
958,newsecondary0958 26-01-31 08-34-25.fits,2026-01-31 08:34:25,1180.9520612351948,1108.2608718659087,3.311957990858928,8.730471799285894,7.799065065175033,20.558689995535843,2470.721302334036,1100.8535169906556,31928.80765757067,42569.90219600996,True,1,29
959,newsecondary0959 26-01-31 08-35-25.fits,2026-01-31 08:35:25,1181.5386123737173,1112.5321213793952,4.172232990969263,7.943176082988754,9.824857879673853,18.704750261432338,1924.7451626154416,1019.5109629146664,31930.289181547476,42573.63165395753,True,1,28
960,newsecondary0960 26-01-31 08-36-25.fits,2026-01-31 08:36:25,1179.894066939695,1109.001793011094,3.043109650120714,9.118879421745653,7.165975603331376,21.473320050546896,2640.2154571302754,920.9823958531556,32002.6217525143,42669.693166069046,True,1,29
961,newsecondary0961 26-01-31 08-37-25.fits,2026-01-31 08:37:25,1180.4189206564536,1109.2869963621586,3.7256797605467677,8.383270602612424,8.773305381501636,19.741093657950422,2234.1087735846195,923.1603364552967,31969.521178417603,42626.78186497385,True,1,28
962,newsecondary0962 26-01-31 08-38-25.fits,2026-01-31 08:38:25,1179.6687541683689,1109.5934155280277,3.373700874743889,8.659100426292582,7.944458445785357,20.39062325576981,2377.142746937481,894.338173417383,31927.527554520188,42570.392108514374,True,1,26
963,newsecondary0963 26-01-31 08-39-25.fits,2026-01-31 08:39:25,1179.6217023902113,1110.7985515104226,3.1424521033298403,6.271596097756091,7.399909203470776,14.768480205333924,2586.558495656036,1218.7934993185952,31960.093666671826,42614.08275890027,True,1,30
964,newsecondary0964 26-01-31 08-40-25.fits,2026-01-31 08:40:25,1179.8614813692748,1110.4417897196652,3.0317769040849045,9.32693512784901,7.139289025801007,21.96325379776215,2672.1559974527036,955.7340390139683,31930.70325991435,42573.223118013,True,1,29
965,newsecondary0965 26-01-31 08-41-25.fits,2026-01-31 08:41:25,1178.9900001709188,1110.8442546617016,2.9177309926257213,6.324989606902167,6.870731427443098,14.894212310945647,2798.3329460704535,1294.0410815503747,31937.004600553428,42582.646994688315,True,1,27
966,newsecondary0966 26-01-31 08-42-26.fits,2026-01-31 08:42:26,1179.8328107453701,1112.4855743927517,3.215614578580954,7.756343965158304,7.572193666736179,18.26479424530961,2520.8534900197574,1152.3972680709635,31933.42632619796,42576.82859035325,True,1,29
967,newsecondary0967 26-01-31 08-43-26.fits,2026-01-31 08:43:26,1179.5968722254354,1110.3304777650583,3.7112687577222454,9.363595940025629,8.739370063181454,22.049583413142766,2224.6631145165966,968.8535158112527,31977.356276250448,42635.423346844196,True,1,30
968,newsecondary0968 26-01-31 08-44-26.fits,2026-01-31 08:44:26,1178.623263528086,1113.194290511468,3.971690167954176,9.60338890364068,9.352615620150832,22.614252690520864,2119.138653262491,807.1049309771331,31973.636499740656,42632.37359459053,True,1,29
969,newsecondary0969 26-01-31 08-45-26.fits,2026-01-31 08:45:26,1177.8828344664792,1111.9966232897405,3.7194236304187562,7.009567523362064,8.758573320871873,16.506270111010934,2183.811785583005,1108.59695061486,31878.48258441485,42505.09698043453,True,1,30
970,newsecondary0970 26-01-31 08-46-26.fits,2026-01-31 08:46:26,1176.623595592838,1111.9830205703188,3.8479032042362653,6.544367064222552,9.061119596674377,15.410806744871612,2129.378794204131,1403.5708799041834,31973.651458938006,42630.25638295704,True,1,26
971,newsecondary0971 26-01-31 08-47-26.fits,2026-01-31 08:47:26,1176.137756430965,1109.582118403879,2.949884147381247,8.35821934465386,6.946446320772392,19.682102453556354,2794.522005556164,1026.804731065997,31860.8667319753,42480.718861087196,True,1,28
972,newsecondary0972 26-01-31 08-48-25.fits,2026-01-31 08:48:25,1178.9264759258665,1110.7789054169277,3.045811256253608,7.439754075454204,7.172337399606894,17.519282026980257,2580.5820281964525,1112.9659267677134,31933.96951677023,42578.08417410747,True,1,23
973,newsecondary0973 26-01-31 08-49-25.fits,2026-01-31 08:49:25,1178.65595956373,1111.1486831352768,3.3082325531068277,7.195387596789393,7.790292329679873,16.943842944686732,2521.647149700464,1038.7268082098688,31955.31644200178,42608.20800142681,True,1,28
974,newsecondary0974 26-01-31 08-50-25.fits,2026-01-31 08:50:25,1178.6160250550852,1111.763221428474,3.270720524449052,7.123261002360773,7.701958252666767,16.7739977943464,2583.807757145673,1195.1533132742074,31807.443558009283,42409.844186248956,True,1,25
975,newsecondary0975 26-01-31 08-51-25.fits,2026-01-31 08:51:25,1177.4190204347478,1111.4434850371524,3.5956630681441544,6.221206363930604,8.467139468043339,14.649821450057894,2231.341453094921,1382.2291371301326,31970.92937507599,42627.163153620444,True,1,21
976,newsecondary0976 26-01-31 08-52-25.fits,2026-01-31 08:52:25,1178.1027354448108,1111.0232315043338,2.912439308758275,9.824099685484455,6.858270464200068,23.13398686376104,2827.327084547574,910.952675693665,32008.318045394695,42676.83562583873,True,1,30
977,newsecondary0977 26-01-31 08-53-25.fits,2026-01-31 08:53:25,1179.606228442424,1115.7383608195357,3.1883656586783076,6.646552464141939,7.5080273639439845,15.651434972911288,2615.539253928332,1184.2991342604296,31977.2374560178,42636.91978365927,True,1,29
978,newsecondary0978 26-01-31 08-54-25.fits,2026-01-31 08:54:25,1179.6108182405526,1111.978120689117,3.053654014256027,7.3484785403533746,7.190805683359317,17.304344567303897,2700.799419960559,1135.544856061907,31985.971090705298,42647.836096975756,True,1,30
979,newsecondary0979 26-01-31 08-55-25.fits,2026-01-31 08:55:25,1178.5645795914622,1112.605439233298,3.7404344733676207,7.658219911053308,8.808050075010856,18.033729755803463,2194.7912020573594,1193.3318959048897,31990.945950484893,42653.39631179911,True,1,29
980,newsecondary0980 26-01-31 08-56-26.fits,2026-01-31 08:56:26,1176.1984822282088,1113.8988038052366,4.732690501476001,7.252663117892422,11.144634459803262,17.078716489869738,1804.807625694655,1175.1652362393088,31998.77908726501,42665.062660891315,True,1,30
981,newsecondary0981 26-01-31 08-57-26.fits,2026-01-31 08:57:26,1175.8648007009888,1116.153013387323,4.185465632461902,8.812568983941963,9.856018369109428,20.75201409160456,2009.6194627712714,1080.661397997183,31936.829191861863,42581.00481913569,True,1,30
982,newsecondary0982 26-01-31 08-58-26.fits,2026-01-31 08:58:26,1175.1669500203775,1115.658876339222,4.292086457065298,7.9886385202493875,10.107091224103232,18.81180611998964,1978.992395746198,1108.426880111368,31985.114461111098,42646.3540398671,True,1,28
983,newsecondary0983 26-01-31 08-59-25.fits,2026-01-31 08:59:25,1177.967841069573,1113.2717770475836,3.41825604964861,9.128557538481315,8.049377864760855,21.496110273834184,2447.587702096535,909.7451403170834,32025.83192167754,42701.188941453875,True,1,32
984,newsecondary0984 26-01-31 09-00-25.fits,2026-01-31 09:00:25,1179.179974472689,1112.993544116497,3.517152846534834,10.651031116803798,8.28226202445789,25.08126157409796,2310.163646252389,967.020620473925,31924.515874745215,42563.217239377474,True,1,28
985,newsecondary0985 26-01-31 09-01-25.fits,2026-01-31 09:01:25,1177.6610487261064,1109.784461472981,3.103878608675239,9.645883414610099,7.309075565051226,22.71431961675544,2677.98868496648,889.322220006105,32007.636776725074,42676.50586129597,True,1,29
986,newsecondary0986 26-01-31 09-02-25.fits,2026-01-31 09:02:25,1178.9299092051656,1114.2727146005943,4.5967095816841965,6.4589734564366825,10.824423864135776,15.209720165539935,1806.744404172249,1252.5332639727555,31987.37432611888,42650.10965993028,True,1,25
987,newsecondary0987 26-01-31 09-03-25.fits,2026-01-31 09:03:25,1178.2851305334066,1111.3439367431317,3.5356939357018122,6.304916451069385,8.325922952884996,14.846943641223582,2413.349145775947,1320.4947854329596,31976.261682864853,42635.282814984545,True,1,27
988,newsecondary0988 26-01-31 09-04-26.fits,2026-01-31 09:04:26,1178.9459510111506,1113.3263808970923,2.9877726702625917,7.8659670447214465,7.035666973929996,18.52293687046292,2762.3780758039225,1092.3787379791468,31965.04432877227,42619.621660419325,True,1,27
989,newsecondary0989 26-01-31 09-05-26.fits,2026-01-31 09:05:26,1179.0758676826515,1112.6597841956604,3.2383492798429137,7.147253992067303,7.625729796985632,16.83049696744756,2556.5258399594427,1146.7801385691828,31956.849080242446,42609.23860603339,True,1,32
990,newsecondary0990 26-01-31 09-06-26.fits,2026-01-31 09:06:26,1177.453840515699,1113.7347024905848,3.8634943266242354,8.303720905830458,9.0978338841981,19.553768437392115,2133.8051075572635,1071.4755387465254,31969.531055962045,42625.19904412205,True,1,30
991,newsecondary0991 26-01-31 09-07-26.fits,2026-01-31 09:07:26,1176.8325808706643,1113.588428319842,3.9955971913861186,9.771791754218825,9.408912358145395,23.010811098702632,2069.482383440064,924.8976012967127,31974.91325116056,42632.225991381936,True,1,29
992,newsecondary0992 26-01-31 09-08-26.fits,2026-01-31 09:08:26,1173.2809674321138,1112.1329621448942,3.045341852682147,9.075001256578778,7.1712320386676085,21.36999486767276,2665.1346319006734,982.9767878861518,32045.52800470501,42726.3336334261,True,1,31
993,newsecondary0993 26-01-31 09-09-26.fits,2026-01-31 09:09:26,1174.022579237341,1115.735003998094,3.7363421815173865,8.297575995726092,8.798413464131807,19.53929827990344,2249.3570532392546,1071.1465948874152,31930.13324631266,42572.887493605114,True,1,28
994,newsecondary0994 26-01-31 09-10-26.fits,2026-01-31 09:10:26,1176.6268724905613,1114.4526001369654,2.9688722352510517,8.725719889357489,6.991159850705016,20.54750010278425,2789.6089531644557,974.5333150906092,32025.266637051413,42700.069894315115,True,1,29
995,newsecondary0995 26-01-31 09-11-25.fits,2026-01-31 09:11:25,1175.8421955474507,1112.9666978295932,3.431482056517087,10.07250928493607,8.080522730850461,23.71894676792781,2370.1798331787945,906.5587751355865,31995.000392279548,42658.713565146136,True,1,29
996,newsecondary0996 26-01-31 09-12-25.fits,2026-01-31 09:12:25,1172.4852922657767,1115.1799162414623,3.480455866847568,7.9933009369590735,8.195847241098221,18.822785272315894,2409.498464950378,1139.7664884323117,32001.155490587338,42667.27333937075,True,1,32
997,newsecondary0997 26-01-31 09-13-25.fits,2026-01-31 09:13:25,1176.7249581895423,1115.1650221794596,3.7680304795430857,8.028402162712545,8.873033703515638,18.905442342325326,2209.2302855020566,1118.6104875047297,31973.475966683676,42630.45516277909,True,1,29
998,newsecondary0998 26-01-31 09-14-25.fits,2026-01-31 09:14:25,1178.1984841783299,1113.0579383873771,4.059754948325543,7.574477194637494,9.559992330230575,17.83653072856216,2083.736543457287,1174.3024976902848,32000.144783571526,42666.298469387206,True,1,29
999,newsecondary0999 26-01-31 09-15-25.fits,2026-01-31 09:15:25,1176.3344131210856,1110.8867146014463,3.13554421566613,7.554264573314693,7.383642371131449,17.78893364270861,2637.346843774389,1201.1318368254572,31900.333870857,42532.74160903637,True,1,32
1000,newsecondary1000 26-01-31 09-16-25.fits,2026-01-31 09:16:25,1174.3783499545552,1110.3250047245335,3.23272863056491,10.253596000436842,7.6124941793997,24.145373395477844,2484.1334388824625,813.1690168864837,32024.94384575872,42699.528789804266,True,1,31
1001,newsecondary1001 26-01-31 09-17-26.fits,2026-01-31 09:17:26,1177.1038530226647,1111.848925817563,3.4981749368377306,7.752663552373622,8.237572462290363,18.256127535510252,2334.348571890513,1056.82114942643,32023.568663041526,42698.05645383014,True,1,30
1002,newsecondary1002 26-01-31 09-18-26.fits,2026-01-31 09:18:26,1176.429676452792,1109.5302179264327,3.559128369046986,6.78034641391045,8.381106826270154,15.96649564773004,2372.7866038078764,1174.0263194191416,31994.43842345178,42659.87627264729,True,1,28
1003,newsecondary1003 26-01-31 09-19-26.fits,2026-01-31 09:19:26,1173.6443195646689,1113.2304534517461,3.984321641595626,7.285130869861828,9.382360467479998,17.15517220302439,2102.164205145145,1137.977601672183,32022.974242950888,42697.40908438023,True,1,30
1004,newsecondary1004 26-01-31 09-20-26.fits,2026-01-31 09:20:26,1175.7429287192308,1113.0929512955354,3.715837438523483,9.124023719440517,8.750128484311556,21.48543394587637,2223.483700574435,940.1290780070439,31990.650068110634,42653.79307826883,True,1,28
1005,newsecondary1005 26-01-31 09-21-25.fits,2026-01-31 09:21:25,1173.0429579084896,1113.197833645173,3.8080116459379116,8.397821466159641,8.967182155565892,19.77535832310392,2173.2951332518874,1032.6157601891057,32014.22465735995,42685.12253829027,True,1,27
1006,newsecondary1006 26-01-31 09-22-25.fits,2026-01-31 09:22:25,1173.5402618710204,1110.9459962255494,3.679494026931371,7.010311856630995,8.66454629018964,16.508022881912797,2249.1132508633414,1228.3794986387593,31993.22922458675,42657.20607674841,True,1,31
1007,newsecondary1007 26-01-31 09-23-25.fits,2026-01-31 09:23:25,1174.4741509828787,1111.3814936727615,3.5084055017137667,7.581859309462315,8.261663601532442,17.85391428052637,2356.0661799960217,1075.3698588951754,31997.69989258412,42663.745216104486,True,1,30
1008,newsecondary1008 26-01-31 09-24-25.fits,2026-01-31 09:24:25,1173.698809183673,1112.6471497346809,3.978246048788501,7.144667269285137,9.368053539752335,16.82440570078918,2119.3354196367345,1172.689017434047,31978.270069844046,42637.76146240786,True,1,23
1009,newsecondary1009 26-01-31 09-25-25.fits,2026-01-31 09:25:25,1175.3243172322357,1112.1698362114432,2.9199088091720746,7.095769963257067,6.87585979350085,16.709261344406265,2883.6712274293113,1285.761920056814,31984.98844405674,42645.74426440857,True,1,29
1010,newsecondary1010 26-01-31 09-26-25.fits,2026-01-31 09:26:25,1174.9222910972298,1111.215269034532,3.7263984595280415,6.822231934217078,8.774997788269083,16.06512851054464,2244.7446146982784,1225.0661040378593,32003.595880993707,42671.47036525335,True,1,30
1011,newsecondary1011 26-01-31 09-27-25.fits,2026-01-31 09:27:25,1177.4541947085982,1112.3148180402936,3.375960001529339,9.716742018500383,7.949778282824002,22.88117887755919,2474.3926281027243,907.6182230651101,32008.27623637532,42677.10124186444,True,1,28
1012,newsecondary1012 26-01-31 09-28-25.fits,2026-01-31 09:28:25,1176.406115181659,1110.828970943607,3.557833893369787,6.661162700660351,8.37805856899768,15.685839450727489,2294.095719514728,1141.603334701275,32001.11106140978,42668.86706885355,True,1,30
1013,newsecondary1013 26-01-31 09-29-26.fits,2026-01-31 09:29:26,1178.2753287971416,1111.784993911317,3.243260378015569,8.394005501690447,7.637294549405715,19.766372413480735,2548.0065493623415,938.7157273144348,31959.27106604208,42612.85689777007,True,1,28
1014,newsecondary1014 26-01-31 09-30-26.fits,2026-01-31 09:30:26,1177.6679427718086,1111.3809002563385,3.6829923717504025,6.602512382705649,8.672784262693925,15.547728506360318,2299.851734631976,1362.5646962778374,31978.210268247818,42636.93543925094,True,1,18
1015,newsecondary1015 26-01-31 09-31-26.fits,2026-01-31 09:31:26,1176.7643932283017,1111.7257998751722,4.104278441337582,9.597227619683078,9.66483714405012,22.59974397555438,2040.0947040212234,911.2177584140991,31990.644177817245,42653.71251220428,True,1,29
1016,newsecondary1016 26-01-31 09-32-26.fits,2026-01-31 09:32:26,1175.4215645308034,1111.297116926767,4.091385832123015,6.837751621682296,9.634477369438907,16.10167458168035,2021.3325640026246,1256.3915330976827,32019.85920343103,42692.73190531797,True,1,30
1017,newsecondary1017 26-01-31 09-33-26.fits,2026-01-31 09:33:26,1177.6117898483994,1115.3551831505904,4.084761278597873,4.827445926527884,9.618877738008521,11.367766434090864,2024.2244160383607,1777.5481814569114,32029.585652197387,42705.71120283291,True,1,1
1018,newsecondary1018 26-01-31 09-34-26.fits,2026-01-31 09:34:26,1179.5509698623123,1113.5017560758465,3.537028062146626,8.588536245493136,8.32906458057985,20.224457308362087,2288.405437582603,1008.7209269015334,31982.24188429422,42642.25513666107,True,1,31
1019,newsecondary1019 26-01-31 09-35-25.fits,2026-01-31 09:35:25,1176.9476732237586,1113.3793002306152,3.035422505533724,7.827565761445523,7.1478737611688805,18.432508758849863,2694.600564930282,1087.1417766018253,31993.71128767858,42657.85566416348,True,1,27
1020,newsecondary1020 26-01-31 09-36-25.fits,2026-01-31 09:36:25,1176.530114104489,1111.4562254303128,2.8348031166087373,7.340014066562232,6.675451202706462,17.284412254749878,2839.6051890861772,1142.1602386301558,32018.450362705164,42690.836806283136,True,1,30
1021,newsecondary1021 26-01-31 09-37-25.fits,2026-01-31 09:37:25,1178.3555277976975,1114.5661871649481,3.381127053405931,9.377457948478074,7.961945760156715,22.082225948510974,2362.1269733795507,948.9654152115572,31987.715830919904,42649.111526468005,True,1,28
1022,newsecondary1022 26-01-31 09-38-25.fits,2026-01-31 09:38:25,1176.549017998385,1115.5181856551205,2.9920442173793473,8.802476578682576,7.045725698703826,20.72824829339718,2708.9796576222184,1016.077418805194,31979.630712949147,42638.426297561666,True,1,29
1023,newsecondary1023 26-01-31 09-39-25.fits,2026-01-31 09:39:25,1176.082424502564,1110.4435623585744,3.480406425375203,8.320683771567396,8.19573081532804,19.593712933650625,2358.8598077742445,1017.2915996677045,32040.6219545417,42720.5007666032,True,1,29
1024,newsecondary1024 26-01-31 09-40-25.fits,2026-01-31 09:40:25,1176.962653594653,1115.0903187623612,3.2493913812857165,8.012406843781273,7.65173195880241,18.867776244679302,2546.3124072576547,1138.8666334105458,32035.74816508624,42713.23346681396,True,1,28
1025,newsecondary1025 26-01-31 09-41-25.fits,2026-01-31 09:41:25,1176.9025755603564,1112.822687888174,3.1583552031648554,8.109765242744773,7.437358141740398,19.097037754110673,2632.826035865213,1033.341382819768,32025.331552361436,42700.358571980134,True,1,29
1026,newsecondary1026 26-01-31 09-42-25.fits,2026-01-31 09:42:25,1177.7836544241866,1110.9381625755498,3.317775549529803,7.759673635844217,7.812764368946354,18.272635020584147,2431.025518307553,1087.8324592914819,32040.659161435495,42720.394540673304,True,1,31
1027,newsecondary1027 26-01-31 09-43-25.fits,2026-01-31 09:43:25,1176.8973251101647,1113.2314783757017,3.7066393651033858,6.917358469048354,8.728468676646244,16.289134381579665,2302.3542550703337,1059.220502459603,31940.042608811204,42588.27979140396,True,1,29
1028,newsecondary1028 26-01-31 09-44-25.fits,2026-01-31 09:44:25,1176.0557532392363,1110.8174622902545,4.246957155933037,6.959384741894731,10.000819841178748,16.388098691296253,1964.5284916890269,1196.549376000087,31990.45236407471,42653.9571430152,True,1,30
1029,newsecondary1029 26-01-31 09-45-26.fits,2026-01-31 09:45:26,1177.7028196333347,1114.2898368466604,3.099208861540038,7.925904485633327,7.298079150892029,18.664078757770074,2701.1546060670935,1053.8327805943181,31997.756908199244,42663.70020152505,True,1,31
1030,newsecondary1030 26-01-31 09-46-26.fits,2026-01-31 09:46:26,1177.0362265824658,1110.6383483710176,3.682895301394384,9.189649639380777,8.672555679473795,21.639971177625288,2250.8196746978406,947.5187931843433,32029.29831082742,42705.19232032934,True,1,29
1031,newsecondary1031 26-01-31 09-47-26.fits,2026-01-31 09:47:26,1174.4389104904149,1113.925846048577,3.6611398788119676,8.14755056252095,8.621325574288601,19.18601538252752,2261.77273758993,989.390613762702,32000.526021433594,42667.65112839488,True,1,31
1032,newsecondary1032 26-01-31 09-48-26.fits,2026-01-31 09:48:26,1177.3520907744455,1115.4360019170622,3.7403510504703497,9.189512894102482,8.807853629100148,21.639649167102895,2194.1812378594163,911.4394797069236,32010.11577216338,42679.936868042576,True,1,29
1033,newsecondary1033 26-01-31 09-49-25.fits,2026-01-31 09:49:25,1175.9125103377828,1110.8422654636324,3.8007141246852973,7.514419434577763,8.949997806241196,17.695105511313848,2184.2478368428688,1174.6710627752695,32014.057376554698,42684.732543587714,True,1,28
1034,newsecondary1034 26-01-31 09-50-25.fits,2026-01-31 09:50:25,1177.544632840909,1110.4017668164545,3.5102924529378203,6.914402197508664,8.266107032098839,16.282172894099446,2310.3640995910578,1148.075711151373,31987.906678297695,42650.76375513327,True,1,30
1035,newsecondary1035 26-01-31 09-51-25.fits,2026-01-31 09:51:25,1176.233534328679,1112.8906993978085,3.080186750781305,7.103308185099484,7.253285503178566,16.727012500304678,2559.2264749168717,1265.6594034617583,32005.05961083207,42671.98481859217,True,1,26
1036,newsecondary1036 26-01-31 09-52-25.fits,2026-01-31 09:52:25,1176.51067162941,1113.6757266277068,3.5150718267638283,8.098976293408901,8.277361597387019,19.07163171994974,2374.8609940748,1067.0800775418675,31942.401292813465,42589.48872225201,True,1,28
1037,newsecondary1037 26-01-31 09-53-25.fits,2026-01-31 09:53:25,1177.274080931459,1114.4821111838305,3.9294862313030556,9.06261572860933,9.253232944145557,21.340829178142013,2179.083858780624,927.392287415846,31876.806537096687,42502.61254717854,True,1,31
1038,newsecondary1038 26-01-31 09-54-25.fits,2026-01-31 09:54:25,1178.8038014043823,1116.7626333528535,3.4279232870799747,10.629288364133691,8.072142469244305,25.030061304276245,2348.4699150667566,792.3219426106824,32020.210919410496,42693.13561297175,True,1,30
1039,newsecondary1039 26-01-31 09-55-26.fits,2026-01-31 09:55:26,1177.0607307456066,1114.881134768901,3.9658904343216843,7.021606901456988,9.3389582911372,16.53462067987857,2134.207281539918,1271.4700349519785,31911.46829377336,42548.02644919508,True,1,25
1040,newsecondary1040 26-01-31 09-56-26.fits,2026-01-31 09:56:26,1177.8310407582908,1114.1762065698044,3.2199460350160605,8.105513720749471,7.5823934671737465,19.087026184894246,2527.86097707487,1050.6051086794005,31996.941014209533,42662.103045371456,True,1,27
1041,newsecondary1041 26-01-31 09-57-26.fits,2026-01-31 09:57:26,1178.4967466189205,1113.9439297298854,3.5220891457317802,8.300020812584503,8.293886120755129,19.545055383648055,2353.6990385936233,1074.727578404546,31974.38665409841,42631.70278849144,True,1,31
1042,newsecondary1042 26-01-31 09-58-26.fits,2026-01-31 09:58:26,1178.350427052688,1113.1636392798823,4.145094949309045,8.2691675184235,9.760952675189486,19.472401428102486,2064.5787318562207,1030.1899387375881,31909.457017310662,42545.9930563979,True,1,26
1043,newsecondary1043 26-01-31 09-59-25.fits,2026-01-31 09:59:25,1178.7796855137656,1110.069445194578,3.5227657702267106,8.637275836415133,8.29547944967875,20.339230274051815,2398.7743196975525,1037.9776221225347,31986.4298567902,42647.90911920909,True,1,29
1044,newsecondary1044 26-01-31 10-00-25.fits,2026-01-31 10:00:25,1177.2930196058223,1111.5657947309646,3.0392700451489056,9.150097400155568,7.156934024578761,21.546832771871905,2719.7653514585554,970.352934903712,32016.648517202004,42688.07463425451,True,1,29
1045,newsecondary1045 26-01-31 10-01-25.fits,2026-01-31 10:01:25,1177.943772521618,1114.7480906231258,3.731359813367846,7.73020714386483,8.786680883741546,18.203246734614346,2243.2776459977563,1082.9203383816482,32013.985080261165,42685.312508760784,True,1,29
1046,newsecondary1046 26-01-31 10-02-25.fits,2026-01-31 10:02:25,1179.0209893624199,1113.3229661142093,3.5252909091564173,9.229966762380808,8.301425697446911,21.73491074702374,2360.0104052337397,933.7109197830265,31967.454686157733,42622.88815558747,True,1,27
1047,newsecondary1047 26-01-31 10-03-25.fits,2026-01-31 10:03:25,1177.9138397085528,1113.1818257701752,3.52678414528549,7.849882385033896,8.304941999815616,18.485060391413175,2395.775893989107,1145.129089803525,31948.94465048097,42597.89691138824,True,1,29
1048,newsecondary1048 26-01-31 10-04-25.fits,2026-01-31 10:04:25,1177.16702115883,1112.861167523701,2.9094238933948438,6.838807543590048,6.851169703658166,16.10416108775471,2910.8676307560904,1239.7630451805694,31960.060762305675,42613.402031756596,True,1,27
1049,newsecondary1049 26-01-31 10-05-25.fits,2026-01-31 10:05:25,1176.4870955814056,1117.5412666647874,3.3702695607119653,8.782915533535958,7.936378318722188,20.68218555218417,2440.2708239178996,888.0581367434112,31974.404151394894,42633.086395010214,True,1,30
1050,newsecondary1050 26-01-31 10-06-25.fits,2026-01-31 10:06:25,1176.062042113568,1112.5689369799718,4.594441813294863,8.437976122572291,10.819083677675087,19.86991531292576,1746.4195314775095,999.7141669019131,31978.724251001255,42637.7680946738,True,1,28
1051,newsecondary1051 26-01-31 10-07-25.fits,2026-01-31 10:07:25,1175.898483362634,1113.383780434913,3.451533722448562,8.809223344976779,8.127740795722163,20.74413571390591,2390.8534643184503,1084.7419430603636,31993.33257112105,42656.09584711954,True,1,29
1052,newsecondary1052 26-01-31 10-08-25.fits,2026-01-31 10:08:25,1175.8074888685776,1114.1673391912386,3.082542471658707,6.453609053801302,7.25883280192117,15.197087962684526,2592.4600845522873,1045.4365646414053,31974.577010114004,42634.37406527465,True,1,28
1053,newsecondary1053 26-01-31 10-09-25.fits,2026-01-31 10:09:25,1174.318728896106,1115.6567848830243,3.0312467891301673,7.709475125204652,7.138040700479421,18.154426561499402,2745.951898788185,1054.6533264174489,31890.85327307798,42521.386341319376,True,1,30
1054,newsecondary1054 26-01-31 10-10-26.fits,2026-01-31 10:10:26,1175.533507204474,1115.930241233376,3.701487065498886,6.689350188675884,8.716335938259563,15.752215912525534,2273.2048766505827,1317.0500991166882,31932.971308640565,42576.784506242875,True,1,26
1055,newsecondary1055 26-01-31 10-11-26.fits,2026-01-31 10:11:26,1175.672794140547,1115.926555512258,3.0209357513667627,7.4513310394317465,7.113760062069085,17.546543693815174,2665.7239141246064,1115.4926801790882,31976.49273570103,42634.98978560638,True,1,30
1056,newsecondary1056 26-01-31 10-12-26.fits,2026-01-31 10:12:26,1176.3210951548779,1115.8604569215956,3.0919214126034844,6.550820098184969,7.280918520059093,15.426002478597578,2657.4378640823074,1130.7786479376493,31920.62116728551,42561.871441398194,True,1,29
1057,newsecondary1057 26-01-31 10-13-26.fits,2026-01-31 10:13:26,1176.8453254269814,1112.3642112733455,3.4580892334270805,8.776694077885866,8.1431778443798,20.66753514371006,2380.280445963022,988.1124791222275,31994.013266103848,42658.11554253194,True,1,31
1058,newsecondary1058 26-01-31 10-14-25.fits,2026-01-31 10:14:25,1174.8618573497977,1116.2213060603353,3.069118459227275,9.84639776782717,7.22722166836289,23.186494835027418,2627.150748986868,928.3737719918133,31985.296668143434,42645.672102055716,True,1,29
1059,newsecondary1059 26-01-31 10-15-25.fits,2026-01-31 10:15:25,1177.5897748637142,1114.6674653094333,3.0168634614044825,10.36466027950399,7.104170552036729,24.406909786112077,2742.798953455928,856.5743642774174,31985.35514216261,42646.36208712666,True,1,29
1060,newsecondary1060 26-01-31 10-16-25.fits,2026-01-31 10:16:25,1176.7588859717182,1113.1108531804753,3.381367543867897,6.1151639431652285,7.962512071917192,14.40011063201598,2480.552496549362,1489.8723442023415,31957.425252688103,42608.96788935608,True,1,11
1061,newsecondary1061 26-01-31 10-17-25.fits,2026-01-31 10:17:25,1176.3732885627976,1111.7470539605727,3.4068940856957424,10.046670265210835,8.022622484293723,23.658100526334877,2435.0010642860384,881.0849577626662,31979.20699707137,42638.225515070946,True,1,30
1062,newsecondary1062 26-01-31 10-18-25.fits,2026-01-31 10:18:25,1174.6412147911196,1114.2871985060513,3.7836684377498044,6.66347104844547,8.909858280964176,15.69127519436279,2167.5924077636605,1269.9696303836558,31967.025081415566,42622.36362861839,True,1,23
1063,newsecondary1063 26-01-31 10-19-25.fits,2026-01-31 10:19:25,1177.7986645302863,1112.8498124403534,3.671425642080808,11.825732756379564,8.64554669581251,27.8474725419017,2179.243689855362,745.776627589554,31998.872931974685,42664.10861884939,True,1,29
1064,newsecondary1064 26-01-31 10-20-26.fits,2026-01-31 10:20:26,1175.5524822234836,1112.1422891716331,3.1501051118453813,7.80398296514107,7.417930661327965,18.376975517394254,2641.2487526320133,1095.6680100403862,31980.696498209283,42640.631629676514,True,1,32
1065,newsecondary1065 26-01-31 10-21-26.fits,2026-01-31 10:21:26,1175.8464887744037,1110.4232255423187,4.501474385541851,10.21690728405259,10.600162115267326,24.058978070709756,1895.5086519269523,783.5679386368265,31956.677463181626,42609.58273330269,True,1,29
1066,newsecondary1066 26-01-31 10-22-26.fits,2026-01-31 10:22:26,1176.8611115719052,1111.5505207335314,2.919873781682722,7.417413699823786,6.875777310066796,17.46667446263223,2816.7338975587663,1148.923031943651,31985.13434300277,42646.46215018576,True,1,22
1067,newsecondary1067 26-01-31 10-23-26.fits,2026-01-31 10:23:26,1177.7746893835879,1113.451388146152,3.8537740847921054,8.945339890781918,9.074944463889251,21.064665684428224,2079.255950882502,1043.574617199173,31934.08234220618,42577.07165637191,True,1,27
1068,newsecondary1068 26-01-31 10-24-25.fits,2026-01-31 10:24:25,1175.8482149848794,1111.2765255122604,3.707432014224655,6.957962851121928,8.730335222685685,16.384750394402612,2290.750445090764,1136.0086606960128,31958.948188091665,42612.6897339055,True,1,29
1069,newsecondary1069 26-01-31 10-25-25.fits,2026-01-31 10:25:25,1176.7467445278276,1111.984826983491,3.3186111387574413,8.230799671439044,7.814732031209008,19.382052052938814,2485.2008750887326,1014.1372550269703,32003.554705082497,42671.27765997048,True,1,30
1070,newsecondary1070 26-01-31 10-26-25.fits,2026-01-31 10:26:25,1174.332127714393,1114.9626132441463,3.3932469586929197,7.868788037652309,7.990485956070393,18.529579801163408,2422.823082982893,1040.9555704963616,31987.121301980886,42649.53398164063,True,1,28
1071,newsecondary1071 26-01-31 10-27-25.fits,2026-01-31 10:27:25,1175.010217243429,1112.1270287533646,4.235759571314541,8.729495560552358,9.974451544463182,20.556391128997376,1900.3215498609106,1025.878576071436,31949.09466975649,42597.624554958384,True,1,30
1072,newsecondary1072 26-01-31 10-28-25.fits,2026-01-31 10:28:25,1175.4875017504753,1113.8604372100367,3.2930062394898028,8.934254423833728,7.754437101162575,21.0385614046501,2532.8165990016237,915.9186475453115,31808.83883648717,42411.98823806292,True,1,28
1073,newsecondary1073 26-01-31 10-29-25.fits,2026-01-31 10:29:25,1175.6037087940294,1113.83914622637,3.6699969665213215,6.647872330195317,8.642182421967185,15.654543019950538,2265.2526575561988,1249.4658993896257,31987.42176699691,42649.90494809876,True,1,25
1074,newsecondary1074 26-01-31 10-30-25.fits,2026-01-31 10:30:25,1174.999546031935,1112.425181181166,3.3449399447666526,8.722838009705084,7.87673163136123,20.540713794811403,2376.6845930191375,1071.0434208337874,31986.932344911078,42647.44739164196,True,1,30
1075,newsecondary1075 26-01-31 10-31-25.fits,2026-01-31 10:31:25,1177.2451134953278,1114.1902729251024,3.3633738377546107,6.995705417652917,7.920140132077229,16.4736273466207,2438.938847248496,1249.614924420939,32015.677071785893,42686.874594248264,True,1,31
1076,newsecondary1076 26-01-31 10-32-25.fits,2026-01-31 10:32:25,1177.8147244894305,1112.7477567202477,2.9611927594280476,9.032510933289442,6.973076067101676,21.269937802671187,2679.8880763285806,1026.1768770579044,31959.495847705133,42610.94196397923,True,1,30
1077,newsecondary1077 26-01-31 10-33-26.fits,2026-01-31 10:33:26,1177.695152803797,1112.9848292806942,3.9456698791127023,7.027612242953334,9.291342522409433,16.548762178411422,2173.344986257679,1233.6175134702517,31976.1353803701,42634.72586054939,True,1,32
1078,newsecondary1078 26-01-31 10-34-26.fits,2026-01-31 10:34:26,1178.7569187453068,1111.597014482105,3.361163008287703,6.7563640982012645,7.91493402653241,15.91002160997179,2481.468576778482,1237.6470600032533,31927.46495566292,42569.92571440391,True,1,25
1079,newsecondary1079 26-01-31 10-35-26.fits,2026-01-31 10:35:26,1177.4025826311731,1113.867817946568,3.0846451790485636,10.551350843820778,7.26378429943164,24.84653246918339,2626.6225795087053,782.1283667558532,31914.64614186254,42552.66770717984,True,1,29
1080,newsecondary1080 26-01-31 10-36-26.fits,2026-01-31 10:36:26,1176.9099663862378,1113.18300275497,3.5921017481607316,7.966074872207215,8.458753200359606,18.75867278929091,2333.7985682336734,1058.879828919321,31843.562241039785,42458.01610045317,True,1,23
1081,newsecondary1081 26-01-31 10-37-25.fits,2026-01-31 10:37:25,1179.0932721666513,1112.9175628679666,3.092288190560434,6.779275252827479,7.281782216144194,15.963973256140404,2743.5085310656436,1253.8773079242274,31987.839687500087,42650.43143446881,True,1,29
1082,newsecondary1082 26-01-31 10-38-25.fits,2026-01-31 10:38:25,1177.1005305739354,1111.6826198185634,3.3972784147232353,7.1602024018596735,7.999979309541241,16.86098814237791,2432.013774796077,1129.9745001927809,31911.960905046017,42549.50218941895,True,1,28
1083,newsecondary1083 26-01-31 10-39-25.fits,2026-01-31 10:39:25,1176.5880312870054,1114.913368263715,3.1660961693119685,9.440666148902476,7.455586723991526,22.23106988588069,2559.1777361370923,925.7199611238539,31910.527309665435,42546.54863148101,True,1,28
1084,newsecondary1084 26-01-31 10-40-25.fits,2026-01-31 10:40:25,1178.7009396156436,1111.2922374876543,3.1857558103253694,8.723424758563862,7.501881640727995,20.542095482785452,2574.892083973781,986.949962967503,31915.18487070119,42553.05554211613,True,1,28
1085,newsecondary1085 26-01-31 10-41-25.fits,2026-01-31 10:41:25,1176.2661880334801,1114.6814037297886,3.0779192458818363,7.568479810211849,7.247945937189091,17.822407967498897,2668.0265915752148,1073.7637887167443,31940.059661579133,42586.85608771441,True,1,27
1086,newsecondary1086 26-01-31 10-42-26.fits,2026-01-31 10:42:26,1177.9870308733075,1114.388764612589,3.2752002454059337,7.406898085097296,7.712507189372177,17.441912082288468,2581.952651542344,1172.1655279451738,31836.392715539394,42448.23260073461,True,1,26
1087,newsecondary1087 26-01-31 10-43-26.fits,2026-01-31 10:43:26,1176.5332802689775,1114.3572868472047,3.267557207898281,6.558601655513105,7.694509211444233,15.444326645775428,2529.757558831284,1310.177673873939,31979.063615343388,42638.330097748134,True,1,27
1088,newsecondary1088 26-01-31 10-44-26.fits,2026-01-31 10:44:26,1177.6225758914516,1113.6513957383893,3.553580617888438,8.821360050172242,8.36804287063716,20.772715470580817,2296.9578544529822,1012.8394310408471,31983.085970257038,42643.11894320971,True,1,29
1089,newsecondary1089 26-01-31 10-45-26.fits,2026-01-31 10:45:26,1173.9640776984133,1111.9402281310715,3.8447912907060533,9.027379981320454,9.05379160031503,21.25785533412452,2185.6721523813853,924.0583319308109,31971.55851329586,42628.824147944,True,1,30
1090,newsecondary1090 26-01-31 10-46-25.fits,2026-01-31 10:46:25,1175.2947275409424,1113.155516844869,3.4204094950108437,9.526762026079217,8.054448841065721,22.433810183250998,2349.8487544265554,939.2160995650756,32010.35112389147,42679.29448121433,True,1,31
1091,newsecondary1091 26-01-31 10-47-25.fits,2026-01-31 10:47:25,1175.255457058645,1109.9982140931081,4.227211470451935,0.10085923722843769,9.95432230520497,0.23750535355205685,1955.9509585024523,465.5403801406334,31980.832812558016,42651.53216675245,False,1,29
1092,newsecondary1092 26-01-31 10-48-25.fits,2026-01-31 10:48:25,1175.7156088900483,1111.6709103710532,3.7617309638089993,8.657934004051194,8.858199477591024,20.38787654129482,2193.5082303085783,1005.0625620560024,31976.652715262644,42634.956228770294,True,1,29
1093,newsecondary1093 26-01-31 10-49-25.fits,2026-01-31 10:49:25,1176.1009384643733,1112.424885583221,3.909532776744989,6.223463579324693,9.206246149384606,14.655136786113847,2128.8848819967134,1251.9604206813522,31923.07772768867,42564.78885308281,True,1,18
1094,newsecondary1094 26-01-31 10-50-25.fits,2026-01-31 10:50:25,1175.606067722291,1112.3749028188568,4.119515400249317,5.664715277960477,9.700717440320785,13.339385085934397,2047.6019103340404,1343.8006388836345,31938.76167849074,42586.07660693931,True,1,22
1095,newsecondary1095 26-01-31 10-51-25.fits,2026-01-31 10:51:25,1172.7716195065702,1113.6082422662378,2.930708252736987,7.769153227674433,6.9012905396826865,18.294957753444653,2748.4908226403377,1137.995812966369,31972.25812007728,42628.66370264768,True,1,31
1096,newsecondary1096 26-01-31 10-52-25.fits,2026-01-31 10:52:25,1173.6217357865817,1113.305878749886,4.734601492267869,8.492459859393245,11.149134499225823,19.99821470851993,1804.9020064149063,996.1186361689605,31974.85595246896,42633.252152249166,True,1,30
1097,newsecondary1097 26-01-31 10-53-26.fits,2026-01-31 10:53:26,1173.2220086174093,1112.1541799477884,3.70444312521458,9.514550445170329,8.723296926932388,22.405054107745233,2248.236867597177,956.8441546757219,31953.113284181425,42603.151132375475,True,1,29
1098,newsecondary1098 26-01-31 10-54-26.fits,2026-01-31 10:54:26,1176.4154719721964,1112.6067928609534,6.011129984459451,4.870710759639777,14.155129380691696,11.469647330347668,1360.8458761018019,1462.2233713970363,31980.914053094304,42642.58314050926,True,1,5
1099,newsecondary1099 26-01-31 10-55-26.fits,2026-01-31 10:55:26,1172.9913348506673,1112.381755979098,4.772748728220216,6.5655117331427375,11.238964375108935,15.460598635090408,1806.4303726721726,1270.1947361119785,31991.942421972122,42656.28705116689,True,1,30
1100,newsecondary1100 26-01-31 10-56-25.fits,2026-01-31 10:56:25,1176.394669898139,1114.9194250798873,3.2013989173965562,8.30171444354903,7.538718342825791,19.54904357979221,2478.9476852627986,1036.3286934626603,31991.84997925767,42654.9396670163,True,1,26
1101,newsecondary1101 26-01-31 10-57-25.fits,2026-01-31 10:57:25,1172.9054225503203,1111.9918832828885,3.58882060828952,7.941721866934693,8.451026706420327,18.70132584431843,2349.2508639652615,1064.5352333260519,32039.19387228558,42718.8952448754,True,1,28
1102,newsecondary1102 26-01-31 10-58-25.fits,2026-01-31 10:58:25,1176.898112726293,1112.2594222192818,3.162845094802935,7.642692486526936,7.447931028569765,17.997165465281057,2686.9644548205983,1126.1805424889862,32015.947353030533,42687.78977424703,True,1,28
1103,newsecondary1103 26-01-31 10-59-25.fits,2026-01-31 10:59:25,1178.349267000052,1113.1747138674516,3.9961565466552362,6.259539539027073,9.410229539145407,14.74008917916474,2090.9513461676775,1161.1017397096475,31937.80833076242,42585.147078274684,True,1,28
1104,newsecondary1104 26-01-31 11-00-25.fits,2026-01-31 11:00:25,1177.797205600517,1112.2818010631397,3.058710505675019,8.258901922918971,7.202712810710286,19.448227798034246,2717.6623136120497,986.9883630183072,32015.58663059833,42687.65656877674,True,1,29
1105,newsecondary1105 26-01-31 11-01-25.fits,2026-01-31 11:01:25,1176.7636718743138,1112.9999803069306,4.6872213829554195,8.667731566954085,11.037562868081109,20.410948038811,1754.5805544423376,992.0681372884076,32025.501242137583,42700.18495512679,True,1,28
1106,newsecondary1106 26-01-31 11-02-25.fits,2026-01-31 11:02:25,1176.0829276799143,1114.0993367981168,3.179901883757339,6.300122560549847,7.488096697103457,14.835654891734492,2564.227270831709,1276.1274920082108,32025.372675639148,42700.64419302961,True,1,29
1107,newsecondary1107 26-01-31 11-03-25.fits,2026-01-31 11:03:25,1178.6980671687452,1112.4693461638444,3.2633273773861076,8.31228915775261,7.684548721767084,19.573945128769275,2524.780267192289,1028.4461337512598,31997.13943942971,42662.45343742229,True,1,28
1108,newsecondary1108 26-01-31 11-04-25.fits,2026-01-31 11:04:25,1174.7028360321897,1112.1515264777852,3.4637206512834293,7.794527044340999,8.156438820029875,18.354708525550024,2385.72003823313,1145.0169423890095,32004.343965296575,42671.60580231149,True,1,28
1109,newsecondary1109 26-01-31 11-05-26.fits,2026-01-31 11:05:26,1174.6625968759897,1114.029330294794,3.4457614230399667,8.434894316510096,8.114148069368882,19.862658214235605,2360.4959840757488,941.016167387778,31964.81628955538,42620.008209109736,True,1,26
1110,newsecondary1110 26-01-31 11-06-26.fits,2026-01-31 11:06:26,1175.1822354621077,1110.6070128239628,3.6853205915139426,6.518384933561274,8.678266801262348,15.34962350277782,2205.647523014379,1229.7061092529702,31989.212510170313,42652.42881955686,True,1,28
1111,newsecondary1111 26-01-31 11-07-26.fits,2026-01-31 11:07:26,1175.5535782048876,1115.7098997859716,3.177473795103568,8.521828602855372,7.482378985270445,20.06737281432192,2600.657046723367,957.3645275907403,32013.876322561046,42685.30384882599,True,1,30
1112,newsecondary1112 26-01-31 11-08-25.fits,2026-01-31 11:08:25,1175.9239249760312,1113.7763201926175,3.225233838159198,8.338427060711156,7.594845292009384,19.635495186591132,2637.8608661012336,1075.220933664185,32004.7717257572,42672.43850040899,True,1,28
1113,newsecondary1113 26-01-31 11-09-25.fits,2026-01-31 11:09:25,1175.4452958144257,1114.29567141274,3.204106174153123,7.841880379213357,7.5450934453032,18.466217107706516,2667.43411103282,1064.765721315028,31953.032598217116,42604.2974495111,True,1,31
1114,newsecondary1114 26-01-31 11-10-25.fits,2026-01-31 11:10:25,1175.848738336655,1112.1505702147024,3.241704361349062,9.691666939158427,7.633630410169023,22.82213157809401,2594.9166413500193,848.892250599451,31973.87050994702,42632.06559434419,True,1,30
1115,newsecondary1115 26-01-31 11-11-25.fits,2026-01-31 11:11:25,1175.9180442158658,1112.9902067622547,3.4810245750022717,8.37665191015823,8.197186446460691,19.72550782828739,2345.5399494875433,1060.3733729224712,31891.134519824594,42520.587540359,True,1,30
1116,newsecondary1116 26-01-31 11-12-26.fits,2026-01-31 11:12:26,1176.1992799947777,1113.6554858453153,3.909232686541406,7.606596031449084,9.205539490957893,17.91216480930917,2115.3437893327664,1137.3421577574813,31972.75955270369,42629.85360128722,True,1,28
1117,newsecondary1117 26-01-31 11-13-26.fits,2026-01-31 11:13:26,1177.0370376384467,1113.849308810926,3.9036437493047567,8.665516591122444,9.19237854952261,20.40573216932339,2149.144745146178,986.5923784075654,31975.923091624878,42634.35802510855,True,1,30
1118,newsecondary1118 26-01-31 11-14-26.fits,2026-01-31 11:14:26,1175.9536742646865,1113.453956423695,3.824085236149291,5.45481032085173,9.005032567991261,12.845096685383359,2157.656282419259,1285.0326998519984,31980.146857945205,42641.796560811476,True,1,23
1119,newsecondary1119 26-01-31 11-15-26.fits,2026-01-31 11:15:26,1176.8207041088028,1114.0354734633,3.0945927347838995,9.548161492909726,7.287209003076271,22.484202076696455,2621.3096270952074,932.6994235904484,32025.67612572271,42699.87811705165,True,1,28
1120,newsecondary1120 26-01-31 11-16-25.fits,2026-01-31 11:16:25,1176.8364715531645,1112.840347102398,3.475414907285867,7.710842723465553,8.183976688476138,18.157647009297722,2369.143587896501,1161.6372494607324,31980.7357376614,42640.048160346734,True,1,31
1121,newsecondary1121 26-01-31 11-17-25.fits,2026-01-31 11:17:25,1173.4603543963776,1111.28923154183,3.7761822755178533,8.382122560665081,8.892229716080024,19.738390225760284,2245.5737960351257,1040.773179494555,31984.872899042217,42646.18233270838,True,1,30
1122,newsecondary1122 26-01-31 11-18-25.fits,2026-01-31 11:18:25,1175.0157622230681,1110.112026485919,3.9106375187424702,8.846890693230323,9.208847617984864,20.832835540616514,2129.952084421337,949.5780059131471,31948.339164216068,42597.69356203457,True,1,30
1123,newsecondary1123 26-01-31 11-19-25.fits,2026-01-31 11:19:25,1175.6809667015466,1113.5337216988005,4.014299635332694,8.339697109240126,9.452953248041858,19.63848592232531,2086.079806239231,955.7184763204049,31935.300972345445,42580.92189473422,True,1,29
1124,newsecondary1124 26-01-31 11-20-26.fits,2026-01-31 11:20:26,1174.760291028932,1113.0159684736811,3.9254319827224333,8.845639015931502,9.243685918320368,20.82988806582334,2042.626214870766,931.1910255847126,31990.995901828595,42654.37909125445,True,1,30
1125,newsecondary1125 26-01-31 11-21-26.fits,2026-01-31 11:21:26,1172.882669444351,1115.4502008233483,3.5542752941225144,6.686651273692599,8.36967870815797,15.74586045342306,2388.35528035323,1266.953736739417,31946.21934915244,42594.9813027738,True,1,28
1126,newsecondary1126 26-01-31 11-22-26.fits,2026-01-31 11:22:26,1171.4762000660853,1115.2872223797592,5.173183792633892,7.075042370277597,12.181916891523517,16.660451592972965,1633.7161948484238,1135.6959008545236,31963.50624832923,42618.54526727391,True,1,30
1127,newsecondary1127 26-01-31 11-23-26.fits,2026-01-31 11:23:26,1173.1687994627425,1116.073152286535,3.65212250025186,8.37193679652794,8.600091270501627,19.714404584196185,2282.8330797437034,989.6322961702264,32000.388029979527,42667.25115029347,True,1,28
1128,newsecondary1128 26-01-31 11-24-26.fits,2026-01-31 11:24:26,1172.600721773795,1115.3978466579633,4.080338168605723,6.853119484240777,9.608462109937632,16.13786313248234,2003.0652490552536,1198.6840710276883,32017.114531978703,42689.43247813946,True,1,29
1129,newsecondary1129 26-01-31 11-25-25.fits,2026-01-31 11:25:25,1173.8392412017806,1115.546142030322,4.436495465851477,7.816046989699211,10.447148452675979,18.40538412424751,1942.0091014020759,1003.7237794323671,32008.9952184515,42679.65386805496,True,1,32
1130,newsecondary1130 26-01-31 11-26-25.fits,2026-01-31 11:26:25,1177.438586213,1113.1977990951057,4.314073288345493,8.857289449880826,10.15886625512855,20.857322741220518,1837.8280726690355,951.9356591183325,32017.97381752247,42689.98312186382,True,1,29
1131,newsecondary1131 26-01-31 11-27-25.fits,2026-01-31 11:27:25,1176.9281337413381,1113.5315509390994,3.187247112655955,7.902015815030629,7.505393389349259,18.6078252373857,2629.7304164542315,1145.9284310919297,31955.050325137214,42605.86528729402,True,1,29
1132,newsecondary1132 26-01-31 11-28-25.fits,2026-01-31 11:28:25,1176.132966464168,1111.4011561498305,3.4120613338285435,8.296893861804291,8.034790423774492,19.53769197727099,2446.8331735993397,975.0756982441429,32022.57283953026,42697.097287834265,True,1,29
1133,newsecondary1133 26-01-31 11-29-25.fits,2026-01-31 11:29:25,1175.806741583192,1112.7254319324982,3.900035854259853,7.049182300909225,9.183882605950505,16.59955578325843,2169.1388882268934,1180.803573778672,31976.07971761475,42634.94834308662,True,1,29
1134,newsecondary1134 26-01-31 11-30-25.fits,2026-01-31 11:30:25,1177.8231844979593,1112.815245884584,3.2877750887974266,9.962776191647032,7.742118682653589,23.460545080247535,2502.836076768802,872.1802154965311,31942.553067984172,42589.47688462665,True,1,29
1135,newsecondary1135 26-01-31 11-31-25.fits,2026-01-31 11:31:25,1176.651368863557,1113.4645358425878,3.0570268107081815,7.469218344149074,7.1987480120526595,17.588665077515117,2771.7014260315486,1189.6382386355413,31888.207918057255,42517.07866965164,True,1,27
1136,newsecondary1136 26-01-31 11-32-25.fits,2026-01-31 11:32:25,1177.334061056721,1113.4002385284953,3.200494572451111,7.00871037775969,7.536588773220634,16.504251687364956,2504.220087832822,1146.5459740789122,31992.44830982987,42656.57058371916,True,1,29
1137,newsecondary1137 26-01-31 11-33-25.fits,2026-01-31 11:33:25,1177.654044306467,1111.852893559546,3.7392582306625353,8.161518893019151,8.805280235111098,19.2189082871803,2217.406363859272,1071.9009611623217,32019.723535671423,42692.37559849397,True,1,29
1138,newsecondary1138 26-01-31 11-34-26.fits,2026-01-31 11:34:26,1177.6369927371893,1112.4332678727053,3.8320196947383844,8.311910379060098,9.023716790123327,19.573053173111514,2202.1531491575415,1046.3255820064671,31993.832689204963,42658.110567296775,True,1,27
1139,newsecondary1139 26-01-31 11-35-26.fits,2026-01-31 11:35:26,1178.7936474916553,1114.2813853574442,3.3331469037703316,9.168721359291935,7.8489611420312215,21.59068884416406,2502.385541470986,956.3635792817855,32007.235211503026,42675.761986123136,True,1,30
1140,newsecondary1140 26-01-31 11-36-25.fits,2026-01-31 11:36:25,1178.0510974700753,1111.7611423915484,3.740804108838201,7.9362221873860825,8.808920500026332,18.688375088676114,2310.9668813763665,1058.4947522880054,31987.14448817786,42649.8411499761,True,1,30
1141,newsecondary1141 26-01-31 11-37-25.fits,2026-01-31 11:37:25,1178.0157248450164,1115.5033555765185,2.903777518443886,9.59460366400555,6.837873506741889,22.59356503212766,2796.3532531904234,940.6725577996789,31996.09383071577,42660.29101131656,True,1,29
1142,newsecondary1142 26-01-31 11-38-25.fits,2026-01-31 11:38:25,1177.2508228277136,1114.8132898390052,3.6372202148593358,6.337616415184077,8.564999070142541,14.923946172192652,2340.9412587537877,1270.7889902979148,31968.768235442178,42625.61840756571,True,1,28
1143,newsecondary1143 26-01-31 11-39-25.fits,2026-01-31 11:39:25,1176.8003124118288,1114.0138180144825,3.744237155057423,8.969087240515814,8.817004706078874,21.12058641959796,2239.7056333821492,920.3899232376078,32013.3169146336,42684.59137818679,True,1,28
1144,newsecondary1144 26-01-31 11-40-25.fits,2026-01-31 11:40:25,1177.5849653206521,1114.908336601893,3.4168492947224873,8.467332844540822,8.046065210062375,19.939045110273653,2482.4428764765944,992.1631998466723,31973.391375429193,42631.29314586109,True,1,26
1145,newsecondary1145 26-01-31 11-41-25.fits,2026-01-31 11:41:25,1177.3942520010955,1113.9461238883475,3.123639957305922,7.527915682707204,7.355609984923603,17.726886746941766,2601.9223172925867,1205.5539345450732,31984.981658031444,42645.42004900224,True,1,28
1146,newsecondary1146 26-01-31 11-42-25.fits,2026-01-31 11:42:25,1176.4678899187793,1114.3988218074217,3.032849444480615,7.632669747160914,7.141814665423932,17.97356371771583,2758.6614875290343,1136.7071061369372,31991.187512130884,42654.51760158065,True,1,29
1147,newsecondary1147 26-01-31 11-43-25.fits,2026-01-31 11:43:25,1177.7714169083927,1113.800101575971,3.210895844248381,6.7530657978648385,7.56108189654266,15.902254706225042,2618.7403167479592,1216.9273167855802,31949.7816397119,42599.95450263724,True,1,28
1148,newsecondary1148 26-01-31 11-44-25.fits,2026-01-31 11:44:25,1177.4003588968635,1112.8072664309848,3.4592854462170526,8.840453908825015,8.145994710235748,20.817678071673356,2362.115196151438,1047.8303543626384,31899.6966674522,42531.52076152454,True,1,29
1149,newsecondary1149 26-01-31 11-45-25.fits,2026-01-31 11:45:25,1177.509736857127,1112.1208332554565,3.087634710300907,8.144860517071129,7.270824107549904,19.179680809580237,2745.7975002731096,1077.566085949733,32002.220970750328,42669.24293332962,True,1,32
1150,newsecondary1150 26-01-31 11-46-25.fits,2026-01-31 11:46:25,1178.6623172973655,1111.513777097451,3.2486507365727344,6.99930386577808,7.649987873786033,16.482101044396835,2520.586762952765,1168.9848662689471,32010.392152477765,42680.53115534847,True,1,31
1151,newsecondary1151 26-01-31 11-47-26.fits,2026-01-31 11:47:26,1179.175603948903,1112.2995739653873,3.510204215431194,5.7655034365922715,8.265899248649513,13.576723062182307,2218.3159691487435,1230.6969073742187,32002.84627012686,42671.35288076903,True,1,29
1152,newsecondary1152 26-01-31 11-48-26.fits,2026-01-31 11:48:26,1177.8085383101761,1113.8309510343206,4.309406063734335,10.481126041874548,10.147875781059533,24.681165697902077,1940.5984279542897,778.3309375870701,31963.193480825495,42617.85569242727,True,1,32
1153,newsecondary1153 26-01-31 11-49-26.fits,2026-01-31 11:49:26,1174.9980311980605,1111.0073801503247,3.4577904416029974,7.855542424849394,8.142474243403157,18.49838876662638,2419.3840549775928,1227.8747490014036,31957.77169831625,42608.711939591194,True,1,27
1154,newsecondary1154 26-01-31 11-50-25.fits,2026-01-31 11:50:25,1176.0012644768437,1113.7589711319508,3.5342918731622617,6.826928532772137,8.322621347912476,16.076188154965557,2425.4594017457757,1300.6073340847254,31878.11052350703,42503.75167847228,True,1,16
1155,newsecondary1155 26-01-31 11-51-25.fits,2026-01-31 11:51:25,1174.7440361960328,1112.6018513626136,3.4692138206766145,7.710216744472339,8.169374245427697,18.15617294141673,2408.494331648886,1217.3552535954045,31867.74099626104,42488.99259474312,True,1,25
1156,newsecondary1156 26-01-31 11-52-25.fits,2026-01-31 11:52:25,1176.4885653166482,1111.9162341463368,3.6590999244690847,6.105433914321586,8.616521848911033,14.377198165056242,2244.0395282467825,1356.500426501426,31915.58281711776,42554.01905614854,True,1,10
1157,newsecondary1157 26-01-31 11-53-25.fits,2026-01-31 11:53:25,1177.340667350992,1113.6955866394728,3.343702183405371,7.5189926280780455,7.873816926096719,17.70587455903812,2484.280820770629,1194.6945351604104,31911.290973349343,42547.51605469937,True,1,25
1158,newsecondary1158 26-01-31 11-54-25.fits,2026-01-31 11:54:25,1176.0638802405344,1112.4902489663361,3.2654476920668847,8.612442961953288,7.689541681279151,20.280753323493325,2558.982336112396,1069.0982868072392,31951.389681806533,42600.75519530174,True,1,32
1159,newsecondary1159 26-01-31 11-55-25.fits,2026-01-31 11:55:25,1177.5742942588615,1111.738953379513,3.5803589435791383,9.263327451030303,8.431101008745989,21.813469165371608,2301.312612169414,1077.2653151946133,31921.92228903342,42560.32006307558,True,1,29
1160,newsecondary1160 26-01-31 11-56-25.fits,2026-01-31 11:56:25,1176.6758844005553,1115.5349955968009,3.752221311133618,7.225577630159581,8.835805956849754,17.014935040427005,2213.2502070707046,1209.0931785250448,31951.8423778214,42601.89974337041,True,1,29
1161,newsecondary1161 26-01-31 11-57-25.fits,2026-01-31 11:57:25,1176.4122015536075,1113.345062670525,3.3189867386225007,7.35399672798059,7.815616501300161,17.31733890614071,2412.977421793191,1154.2605568373524,31973.512467728473,42630.73130935978,True,1,28
1162,newsecondary1162 26-01-31 11-58-25.fits,2026-01-31 11:58:25,1176.718170161874,1112.6093663479012,3.6793864829948606,7.15987471175396,8.664293043572224,16.860216491148414,2258.369675990828,1259.7004752102052,31990.987803148473,42653.735068701004,True,1,31
1163,newsecondary1163 26-01-31 11-59-25.fits,2026-01-31 11:59:25,1176.7276360735902,1112.5158795752284,5.394740605238388,9.111281292280934,12.703643314957752,21.455427822978635,1579.814101557154,928.8143738053587,31919.150382359912,42558.94453919014,True,1,30
1164,newsecondary1164 26-01-31 12-00-25.fits,2026-01-31 12:00:25,1177.1804965845918,1114.9764779025231,3.490053312967142,8.432974437511602,8.2184474996017,19.858137244685913,2353.0085716801786,938.4184073222614,31894.84539132281,42526.845370249386,True,1,28
1165,newsecondary1165 26-01-31 12-01-25.fits,2026-01-31 12:01:25,1176.3656353881418,1115.5502747092933,3.169741519206288,8.596493405651989,7.464170866993821,20.243194988605676,2594.334358999312,985.7647273243301,31942.55866894135,42589.75490280081,True,1,30
1166,newsecondary1166 26-01-31 12-02-26.fits,2026-01-31 12:02:26,1177.9977772837826,1116.6878820152563,2.991583802367484,8.084731432688884,7.044641504204857,19.03808763638757,2813.4836159389797,1177.4750174310705,31905.601188768487,42539.37961848606,True,1,27
1167,newsecondary1167 26-01-31 12-03-26.fits,2026-01-31 12:03:26,1176.9868487082495,1114.8857891047824,3.9419136292962182,7.987000526967295,9.282497230047433,18.80794894057534,2184.363754664727,1086.9990755426747,31989.40605463601,42652.44948488726,True,1,30
1168,newsecondary1168 26-01-31 12-04-26.fits,2026-01-31 12:04:26,1175.5528079177582,1113.663803610891,3.730407744912791,7.915281435587946,8.784438933859342,18.639063386583846,2237.0862200744946,1102.933848803548,32048.089342603587,42730.289637540714,True,1,31
1169,newsecondary1169 26-01-31 12-05-26.fits,2026-01-31 12:05:26,1177.183861126528,1114.0705520720433,2.7400892386060756,7.237547758462833,6.452417064243178,17.043122538497094,2973.10222651564,1226.7071956867146,31976.862881475154,42634.873596659134,True,1,29
1170,newsecondary1170 26-01-31 12-06-26.fits,2026-01-31 12:06:26,1176.6732531796367,1116.0153330260832,3.4250636591287007,10.735336200070561,8.065408560023315,25.27978487407254,2397.9287889416,903.1906189544787,31991.199426969415,42653.020367471196,True,1,27
1171,newsecondary1171 26-01-31 12-07-25.fits,2026-01-31 12:07:25,1177.0779887610142,1116.5766836799914,3.379627957508742,6.629512823276133,7.95841565908859,15.611309685040359,2419.5407953032504,1208.5031346463963,32016.395420651555,42688.74044652317,True,1,12
1172,newsecondary1172 26-01-31 12-08-25.fits,2026-01-31 12:08:25,1176.4702882518147,1114.0154637298797,3.0709443879290297,8.592157544973361,7.2315214018705785,20.232984816967182,2661.415009405943,1019.8084902365933,32016.174067520245,42687.47223898472,True,1,29
1173,newsecondary1173 26-01-31 12-09-25.fits,2026-01-31 12:09:25,1176.7922347119911,1115.4649823572993,4.186925175675626,7.016383864456645,9.859455330725693,16.522321367654225,2060.5487485108797,1234.3397652547678,31986.951160046607,42649.2253554917,True,1,29
1174,newsecondary1174 26-01-31 12-10-25.fits,2026-01-31 12:10:25,1176.7628417354974,1114.600441320849,3.895939960884623,7.482019303383269,9.174237514128203,17.618809032915422,2162.1952555324137,1112.8190334106243,31939.162310033273,42585.67565756332,True,1,28
1175,newsecondary1175 26-01-31 12-11-25.fits,2026-01-31 12:11:25,1175.7024618412956,1113.3314272101136,3.410285494048436,8.282307904639564,8.030608640663532,19.503344672963525,2493.800099538094,1061.3586461508162,31985.838427315808,42647.41588799723,True,1,30
1176,newsecondary1176 26-01-31 12-12-25.fits,2026-01-31 12:12:25,1176.9962006831781,1114.727320545037,3.3291314576018047,7.581798505346349,7.839505488903832,17.853771097775272,2522.39866176475,1201.5761072153555,32033.2688456434,42710.10614492752,True,1,22
1177,newsecondary1177 26-01-31 12-13-25.fits,2026-01-31 12:13:25,1176.2746725318686,1113.53574996238,4.06446428476316,6.138978741243833,9.571081970072669,14.456190195899843,2037.7683440212443,1316.5908134659362,31981.567133510445,42642.34728352763,True,1,28
1178,newsecondary1178 26-01-31 12-14-25.fits,2026-01-31 12:14:25,1176.6491826348467,1113.1316501182034,3.9534602868773656,7.794780332199574,9.309687530772628,18.35530497287656,2135.755809217708,1109.4023024045127,31927.52737997436,42569.77356661721,True,1,29
1179,newsecondary1179 26-01-31 12-15-25.fits,2026-01-31 12:15:25,1175.4950879283374,1111.0899687906708,3.54997985276502,6.769910701683828,8.359563716747086,15.941921423394618,2291.077775585499,1110.3911229721798,31972.133445406962,42630.30558198486,True,1,27
1180,newsecondary1180 26-01-31 12-16-25.fits,2026-01-31 12:16:25,1176.1133975152818,1114.4049213004987,3.682352175789318,9.074764666083206,8.671276716412017,21.369437739631323,2264.969311083112,1119.9353712186453,31799.963611405517,42397.60121442795,True,1,25
1181,newsecondary1181 26-01-31 12-17-25.fits,2026-01-31 12:17:25,1174.7530095750233,1115.0187436372826,3.311328243836535,8.673100806098997,7.797582124263403,20.423591630776002,2533.4898700502413,936.3142472634808,31933.74627799385,42578.674538849766,True,1,29
1182,newsecondary1182 26-01-31 12-18-25.fits,2026-01-31 12:18:25,1174.9657817024336,1113.9045569877014,5.2006244842380145,9.132735942891031,12.246534782162419,21.505949664294427,1617.7143319464024,997.4281619874399,31944.952709689,42592.37268584241,True,1,29
1183,newsecondary1183 26-01-31 12-19-25.fits,2026-01-31 12:19:25,1174.2007266129945,1113.2406497156312,3.513853546500905,6.783151222407717,8.274492766603423,15.97310046700188,2370.9245814789942,1216.5567311370814,31899.959905430926,42533.38172946125,True,1,17
1184,newsecondary1184 26-01-31 12-20-26.fits,2026-01-31 12:20:26,1175.3659031049956,1113.937395582451,4.2001927305362425,6.733606893268909,9.890698034860021,15.856432487628203,1989.1528882247073,1308.9263863073966,31963.318502379858,42617.166198616294,True,1,25
1185,newsecondary1185 26-01-31 12-21-26.fits,2026-01-31 12:21:26,1173.385546392524,1112.5445541052125,4.910770531528443,6.161551081516065,11.563980884190467,14.509343995236156,1707.2573213534965,1332.7257063512159,31912.90685050693,42550.76462296773,True,1,27
1186,newsecondary1186 26-01-31 12-22-26.fits,2026-01-31 12:22:26,1173.4689782249252,1111.9357289380291,3.727663387458185,8.654826035936429,8.777976465914504,20.380557835678854,2285.2261158380766,979.9896647669472,31954.56564520574,42606.135123919645,True,1,27
1187,newsecondary1187 26-01-31 12-23-26.fits,2026-01-31 12:23:26,1174.7865392094552,1115.953908476733,3.341173294527334,7.815692214191527,7.867861847875062,18.404548691770533,2452.9940797730715,1063.8877865094087,31954.12267733595,42605.343280294095,True,1,29
1188,newsecondary1188 26-01-31 12-24-26.fits,2026-01-31 12:24:26,1173.4833006370636,1112.2085968585654,3.19948601662419,7.222135720979512,7.534213805742867,17.006829963696603,2564.369124471329,1160.7102237942443,31956.692113946003,42608.69311700942,True,1,25
1189,newsecondary1189 26-01-31 12-25-26.fits,2026-01-31 12:25:26,1174.3559145108388,1111.9792936756971,3.37268355031421,9.025269655709781,7.9420628298260505,21.252885897074968,2471.6559668704967,1079.6403347319483,31923.869777157106,42563.344290570836,True,1,27
1190,newsecondary1190 26-01-31 12-26-26.fits,2026-01-31 12:26:26,1175.135875903914,1114.7558119957182,2.908633061676758,8.832525849691116,6.849307437276171,20.799008919106658,2794.569832915336,978.0141448581257,31895.279003584914,42526.38112367564,True,1,29
1191,newsecondary1191 26-01-31 12-27-26.fits,2026-01-31 12:27:26,1176.1292629482489,1114.074351744931,3.396402314552377,7.997435424459184,7.9979162512974495,18.832521246357086,2419.202361448987,1034.7460709029062,31973.895863026846,42631.785422645036,True,1,30
1192,newsecondary1192 26-01-31 12-28-26.fits,2026-01-31 12:28:26,1176.8634236954138,1114.175754173756,3.236123565759474,8.545714503018148,7.620488640847441,20.123619810818834,2560.707053096758,967.1426431155008,31941.160170477575,42588.24172072327,True,1,27
1193,newsecondary1193 26-01-31 12-29-26.fits,2026-01-31 12:29:26,1176.0471421330724,1115.2966761887928,3.1523438016994816,9.323355968879818,7.423202373071007,21.954825522477144,2636.287043314423,998.1345619809384,31907.73561266177,42542.363892853624,True,1,28
1194,newsecondary1194 26-01-31 12-30-26.fits,2026-01-31 12:30:26,1172.9554119052523,1112.034637616679,3.630087053367602,7.976461027700613,8.548201758477363,18.78313031643757,2352.431079499821,1056.882427219309,31902.415730563724,42536.69530270648,True,1,28
1195,newsecondary1195 26-01-31 12-31-26.fits,2026-01-31 12:31:26,1175.8489616073339,1112.9915148618647,3.2946700121050765,8.80129154098674,7.758354986267395,20.72545774287691,2548.3080840178613,900.1192295997869,31920.239492490567,42560.930020392945,True,1,29
1196,newsecondary1196 26-01-31 12-32-26.fits,2026-01-31 12:32:26,1175.7456911741165,1115.0494984058457,3.3388299569882784,7.354500683845021,7.86234370966582,17.31852563151208,2541.1944516461435,1214.74378410055,31955.059113127038,42606.16625461304,True,1,26
1197,newsecondary1197 26-01-31 12-33-26.fits,2026-01-31 12:33:26,1175.5639655853797,1113.2658438499816,3.3792518573045984,7.973524166098902,7.9575300107889335,18.77621453586838,2460.019917265105,991.7452732438198,31965.52327613173,42621.2203307584,True,1,28
1198,newsecondary1198 26-01-31 12-34-26.fits,2026-01-31 12:34:26,1178.5931134447458,1116.583637998048,3.258287617138483,6.861322331729787,7.672680993313827,16.157179362175796,2524.5201957288346,1313.9880766422511,31958.803798666897,42610.71965119783,True,1,1
1199,newsecondary1199 26-01-31 12-35-26.fits,2026-01-31 12:35:26,1176.5914411514036,1112.1414518925085,3.62327268144443,7.224431979645352,8.53215513887838,17.0122372396315,2357.755726689415,1094.8916824521757,31970.22121768625,42627.77759478417,True,1,30
1200,newsecondary1200 26-01-31 12-36-27.fits,2026-01-31 12:36:27,1174.855842874397,1112.3651524402064,2.999898070970059,9.559912932621016,7.0642201105699725,22.511874602486575,2719.5098252424555,895.7054520589982,31934.148647440186,42578.34314667278,True,1,31
1201,newsecondary1201 26-01-31 12-37-27.fits,2026-01-31 12:37:27,1178.496141439266,1116.808205963276,3.2127774243173826,9.990094748061201,7.565512679005476,23.524875364492928,2496.4952073725485,800.9731801013868,31947.55676238263,42596.76670084177,True,1,29
1202,newsecondary1202 26-01-31 12-38-27.fits,2026-01-31 12:38:27,1175.5850233375847,1116.7337761050924,3.4381149383703256,6.476867987775338,8.09614197399479,15.251858566632636,2371.2352855268164,1346.3557847300663,31963.718562426486,42617.55955683134,True,1,29
1203,newsecondary1203 26-01-31 12-39-27.fits,2026-01-31 12:39:27,1173.6509391972675,1115.4498350982267,3.0692214331351617,6.781462641935725,7.227464153385296,15.969124163858785,2730.7928696685335,1241.8023777694555,31909.777749117773,42546.31897648249,True,1,27
1204,newsecondary1204 26-01-31 12-40-27.fits,2026-01-31 12:40:27,1173.1545699842445,1113.4820467472691,3.207690957364865,9.141809812965837,7.553534964667301,21.52731699543259,2674.623589020766,986.4631010245338,31901.252206333043,42534.43728410941,True,1,27
1205,newsecondary1205 26-01-31 12-41-26.fits,2026-01-31 12:41:26,1174.9318078934655,1115.28229741378,3.3790325251493845,7.793740633567115,7.957013523033316,18.352856669696052,2478.5279517569647,1213.7510019423958,31947.482222843275,42595.244417438174,True,1,30
1206,newsecondary1206 26-01-31 12-42-26.fits,2026-01-31 12:42:26,1174.4240358892996,1113.5888880733742,2.9818206985199134,9.235480112729963,7.021651151562879,21.747893694941208,2741.743329364408,969.6056993175687,31947.243188174074,42595.31929496889,True,1,27
1207,newsecondary1207 26-01-31 12-43-26.fits,2026-01-31 12:43:26,1175.8640417827962,1113.725278658118,3.4681696323027924,8.596856895670346,8.166915369714232,20.24405094218707,2331.815572859155,934.0377716388391,31931.188490109504,42574.991925668575,True,1,30
1208,newsecondary1208 26-01-31 12-44-26.fits,2026-01-31 12:44:26,1174.6778281143258,1113.384530832683,3.322370626621575,10.456255846676429,7.82358494859052,24.622600863725715,2517.5228294303943,902.496205681728,31968.48734582931,42623.26678116478,True,1,30
1209,newsecondary1209 26-01-31 12-45-26.fits,2026-01-31 12:45:26,1175.5070863081205,1114.6116709644746,3.254438031345636,8.07053188795609,7.663615911523764,19.004650263820473,2521.2693931741615,1035.5380655638526,31904.997810730245,42539.80105331745,True,1,28
1210,newsecondary1210 26-01-31 12-46-26.fits,2026-01-31 12:46:26,1173.956352640176,1113.373938556801,3.908538031595719,8.670068805490807,9.20390370356741,20.416451814967292,2146.9374425456326,995.5572824316179,31977.701741113335,42636.62598371347,True,1,29
1211,newsecondary1211 26-01-31 12-47-26.fits,2026-01-31 12:47:26,1175.3781714763468,1116.0725872069431,4.1409054554124936,7.7133849390768665,9.751087170983352,18.163633469578034,2005.3518603434507,1160.3542338852574,31956.692911976304,42608.09054936064,True,1,18
1212,newsecondary1212 26-01-31 12-48-26.fits,2026-01-31 12:48:26,1173.5708749158077,1114.3947812573217,3.074329054730647,6.561725453379191,7.239491683100779,15.451682627607113,2708.9625567714234,1260.7846479452999,31957.120058789093,42609.56474173438,True,1,29
1213,newsecondary1213 26-01-31 12-49-26.fits,2026-01-31 12:49:26,1174.1924854832625,1112.4263612707248,3.9884361472825853,8.491340093257643,9.392049387947043,19.995577860778067,2016.2331681917308,1093.7974296771727,31976.532274235906,42633.769507682075,True,1,29
1214,newsecondary1214 26-01-31 12-50-26.fits,2026-01-31 12:50:26,1174.6368272294665,1111.036705619239,3.8271692346927777,6.488936615032357,9.012294829580311,15.280278012013472,2096.692237131584,1264.4992910123221,31949.766906649267,42599.45600509687,True,1,29
1215,newsecondary1215 26-01-31 12-51-26.fits,2026-01-31 12:51:26,1175.0942824927258,1112.97002633869,4.256461124863943,8.995960260377737,10.023199977724596,21.183867545439334,1970.7866634614068,988.8174421321935,31942.19018368406,42588.93345314811,True,1,31
1216,newsecondary1216 26-01-31 12-52-26.fits,2026-01-31 12:52:26,1175.1147680713452,1114.513522910947,3.1272928244468545,5.213888013986434,7.364211829688907,12.277768007881862,2585.1275296843446,1521.8560642978518,31972.620095330716,42630.353106049915,True,1,21
1217,newsecondary1217 26-01-31 12-53-26.fits,2026-01-31 12:53:26,1175.4641928522533,1113.9729738854899,4.46726255174197,5.967617639285257,10.5195994032581,14.052665638069197,1955.0875388009028,1342.6920678841473,31959.59312731513,42613.72078577171,True,1,29
1218,newsecondary1218 26-01-31 12-54-27.fits,2026-01-31 12:54:27,1175.997446367791,1115.7604853300675,3.7195777860188235,7.005252279818708,8.758936329568964,16.49610848901585,2151.1437711998396,1296.5609903770046,31950.613656793317,42599.423845143094,True,1,29
1219,newsecondary1219 26-01-31 12-55-27.fits,2026-01-31 12:55:27,1174.503622795785,1117.4896975634447,3.261328230145579,3.8424333236082866,7.679841089772118,9.048239012127686,2509.150052317211,1307.7575399676914,31964.533894656888,42623.45075368181,True,1,28
1220,newsecondary1220 26-01-31 12-56-27.fits,2026-01-31 12:56:27,1174.6814061849668,1113.603079098443,4.343674024997798,7.591062551332539,10.228570663145078,17.875586258961643,1927.8692846309045,1193.0321583012583,31935.57384461925,42579.88529703418,True,1,28
1221,newsecondary1221 26-01-31 12-57-27.fits,2026-01-31 12:57:27,1174.7103855414005,1115.4436212736998,3.2207866276818145,8.214878541219399,7.584372911632769,19.344560656358045,2623.5647869822287,1149.8843530200381,31923.979218936347,42564.021084053915,True,1,27
1222,newsecondary1222 26-01-31 12-58-27.fits,2026-01-31 12:58:27,1176.596019724649,1114.5213437383609,3.197475898339356,8.58340569380139,7.529480338912857,20.212375782396297,2569.901073971064,987.2839399101516,31951.597817244005,42601.79896277475,True,1,29
1223,newsecondary1223 26-01-31 12-59-27.fits,2026-01-31 12:59:27,1176.6330551883805,1112.7315465562895,3.900764171177573,6.954237862855259,9.185597661227487,16.375978717364756,2172.2480214651982,1196.344381465002,31945.66252607783,42594.41496733379,True,1,31
1224,newsecondary1224 26-01-31 13-00-27.fits,2026-01-31 13:00:27,1175.923647269253,1115.6917513970263,3.4150907954162673,7.187479339279733,8.041924260646915,16.92522042138172,2455.2268292830313,1221.7642929956621,31911.08154580557,42547.597366450165,True,1,29
1225,newsecondary1225 26-01-31 13-01-27.fits,2026-01-31 13:01:27,1175.5564954569581,1114.8251261185178,3.6767502615904624,8.522740536578574,8.658085216566008,20.069520254133057,2310.420501935558,867.1996134607097,31920.446217557244,42562.01837331324,True,1,30
1226,newsecondary1226 26-01-31 13-02-27.fits,2026-01-31 13:02:27,1176.1782447151006,1114.16234713805,3.222029542579567,8.668797167931595,7.587299752548265,20.413457337352845,2614.2689213871226,1087.8581968572792,31923.955262008716,42563.97501910286,True,1,27
1227,newsecondary1227 26-01-31 13-03-27.fits,2026-01-31 13:03:27,1176.6650887144344,1115.3894610525845,4.111146461673725,8.222445563203605,9.681010096007348,19.36237963140764,2046.586167777556,1135.5169449176763,31888.882983098993,42517.32062649717,True,1,30
1228,newsecondary1228 26-01-31 13-04-27.fits,2026-01-31 13:04:27,1176.0577300734528,1116.4929398488773,3.6565926788182477,7.772334072115099,8.610617736594625,18.302448069693657,2273.7945748514517,1132.209042887577,31936.73033903413,42581.68102080572,True,1,27
1229,newsecondary1229 26-01-31 13-05-27.fits,2026-01-31 13:05:27,1176.9576089488548,1112.3571125101932,3.425392745166925,7.052002520285286,8.066183498422665,16.606196892376566,2346.029920353308,1184.9194232740697,31890.337789356516,42520.037796606885,True,1,22
1230,newsecondary1230 26-01-31 13-06-27.fits,2026-01-31 13:06:27,1176.3961842091726,1115.7486813513872,3.357903867757951,8.829776647576269,7.907259337083377,20.792535042858773,2490.3119330456743,955.5810271375724,31816.30208435565,42421.63896885546,True,1,29
1231,newsecondary1231 26-01-31 13-07-27.fits,2026-01-31 13:07:27,1176.8094928767364,1113.8432335759783,3.402566025887509,9.406100521285481,8.012430682301202,22.149674053099112,2479.954430258573,965.5387353088889,31916.35167727896,42554.30551240558,True,1,30
1232,newsecondary1232 26-01-31 13-08-27.fits,2026-01-31 13:08:27,1171.5003363581898,1114.782406067895,3.7577238946644633,6.330788643864727,8.848763550847647,14.907867999426959,2252.3421305168254,1323.2310359828255,31941.653433947715,42588.98288797893,True,1,14
1233,newsecondary1233 26-01-31 13-09-27.fits,2026-01-31 13:09:27,1174.1904045683852,1115.9674410126656,3.5359349243924845,7.010076516607384,8.326490437884416,16.5074686985078,2340.7920349867263,1152.2916692534986,31976.972962091324,42636.22084730337,True,1,29
1234,newsecondary1234 26-01-31 13-10-27.fits,2026-01-31 13:10:27,1174.2020996050137,1115.444525771911,3.1562717055939986,8.50346020370698,7.432451879896771,20.024118539812157,2627.609710936357,988.0707353112781,31987.748612374377,42650.19149104573,True,1,30
1235,newsecondary1235 26-01-31 13-11-28.fits,2026-01-31 13:11:28,1174.8962505547076,1113.3991240584548,3.1955248644744314,8.757058520035683,7.524886005259199,20.621296938489085,2591.8743667699655,976.4040511692297,31935.669021805697,42580.54642823393,True,1,28
1236,newsecondary1236 26-01-31 13-12-28.fits,2026-01-31 13:12:28,1172.4708408194936,1113.065036343638,3.0557226545923717,10.198235787841627,7.195676959089301,24.015010057161458,2741.2354470555624,887.0321840461964,31932.60198318284,42575.93911053538,True,1,30
1237,newsecondary1237 26-01-31 13-13-28.fits,2026-01-31 13:13:28,1174.5244007074045,1115.121821315049,3.2841176587741696,9.004927500101195,7.733506093121526,21.20498378128873,2468.58916895343,916.4477333178611,31935.44113443576,42580.40068726088,True,1,29
1238,newsecondary1238 26-01-31 13-14-28.fits,2026-01-31 13:14:28,1173.679734311342,1113.0891083445927,3.2855797069488037,9.266765025253887,7.736948953469955,21.821564034059584,2501.6824405321104,978.7288252885243,31935.52230956617,42579.60018444949,True,1,28
1239,newsecondary1239 26-01-31 13-15-27.fits,2026-01-31 13:15:27,1170.1226214070414,1114.9707705611474,2.9778502436094842,9.702294443213216,7.012301444751909,22.847157437670873,2706.544227216458,867.9190985046353,31969.00400067091,42624.873028651666,True,1,29
1240,newsecondary1240 26-01-31 13-16-27.fits,2026-01-31 13:16:27,1172.3840328365375,1113.1519896463765,3.430131859811359,8.213064960407156,8.077343260583078,19.34028999990809,2413.835503832426,1079.9376648216692,31939.91268680307,42585.78971928053,True,1,29
1241,newsecondary1241 26-01-31 13-17-27.fits,2026-01-31 13:17:27,1170.0583650712692,1116.1396743318323,2.8288209358948118,9.04192267250102,6.661364243648313,21.292100754825213,2896.988885316447,1071.6869048463261,31905.12269438686,42538.23585169341,True,1,27
1242,newsecondary1242 26-01-31 13-18-27.fits,2026-01-31 13:18:27,1171.6258377826682,1116.3593873990933,2.91106739845906,9.479028433606562,6.855039862327493,22.321406162875054,2792.9627218490496,878.0427309735115,31972.92972683966,42630.324769884595,True,1,29
1243,newsecondary1243 26-01-31 13-19-27.fits,2026-01-31 13:19:27,1168.7885730312632,1115.1518604796208,3.6002315002685776,8.056998642063382,8.477897303584294,18.97278190511799,2263.3763027257105,1148.6278797298155,31955.730436595288,42606.21472498235,True,1,27
1244,newsecondary1244 26-01-31 13-20-27.fits,2026-01-31 13:20:27,1170.27139754203,1117.3699471947434,3.534439821608944,7.640335876628852,8.322969739880353,17.99161607305473,2352.437077924534,999.4799503345873,31836.341636060493,42449.329977979614,True,1,23
1245,newsecondary1245 26-01-31 13-21-27.fits,2026-01-31 13:21:27,1168.8324072050984,1117.226945036675,2.8394055326567282,7.302652543428517,6.686289064271843,17.196432591161717,2904.241954997518,1007.7594733270059,31883.541103174688,42512.53185552021,True,1,29
1246,newsecondary1246 26-01-31 13-22-28.fits,2026-01-31 13:22:28,1170.5753474451742,1117.2525420056425,3.1065268459922435,11.067265022078997,7.315311687369308,26.061417517661514,2496.1309756621245,791.990002906092,31868.466766057973,42489.9855933254,True,1,28
1247,newsecondary1247 26-01-31 13-23-28.fits,2026-01-31 13:23:28,1169.6507981678826,1114.1237819131434,3.9222656348378644,8.551693630655409,9.236229738852245,20.13769958043085,2152.168722868078,805.398355927523,31922.39760982724,42565.20038446459,True,1,29
1248,newsecondary1248 26-01-31 13-24-28.fits,2026-01-31 13:24:28,1168.648414932402,1116.4278093567812,3.279661380985355,6.135475890178754,7.7230123608582,14.447941611997038,2490.799413444456,1274.2966249533665,31964.814586082088,42620.20480279112,True,1,28
1249,newsecondary1249 26-01-31 13-25-28.fits,2026-01-31 13:25:28,1167.886748032662,1117.1839119363506,3.37706485736052,9.233242608943758,7.952380019482137,21.742624776174623,2423.5415235348282,980.8361285812073,31999.084339853798,42664.32161901953,True,1,27
1250,newsecondary1250 26-01-31 13-26-27.fits,2026-01-31 13:26:27,1169.3421516062117,1115.360922677423,3.758613703689491,8.30691698846644,8.850858890976031,19.561294636848903,2100.5338399978255,944.2823561642269,31976.92512768105,42635.96595650426,True,1,30
1251,newsecondary1251 26-01-31 13-27-27.fits,2026-01-31 13:27:27,1167.9013845734232,1115.4704983673014,3.296579057380092,12.11434199265799,7.762850444347873,28.527095356671207,2381.818681873055,755.185250748988,31939.38708401849,42584.177432957,True,1,29
1252,newsecondary1252 26-01-31 13-28-27.fits,2026-01-31 13:28:27,1167.8545814094603,1118.6401316452834,3.650933521854579,7.4323929756667955,8.597291440338601,17.501947961647396,2270.332642281908,1031.4644084276379,31956.90855533884,42610.01417891645,True,1,29
1253,newsecondary1253 26-01-31 13-29-27.fits,2026-01-31 13:29:27,1167.3797575740314,1115.7206463057398,2.8985069848179283,9.833900221393783,6.825462348511476,23.15706536217237,2863.6701624760726,939.9700012914033,31957.35033292986,42608.58426065391,True,1,28
1254,newsecondary1254 26-01-31 13-30-27.fits,2026-01-31 13:30:27,1165.0882470132462,1117.6152927577916,3.176313500812942,8.054179470222092,7.479646701016745,18.966143262755732,2504.8326437070596,1061.087602302391,31980.096423688443,42639.36773587898,True,1,29
1255,newsecondary1255 26-01-31 13-31-27.fits,2026-01-31 13:31:27,1168.0781987324551,1116.0261998192896,3.1649256640161973,6.598081803160565,7.452830394658229,15.53729528883645,2473.841183794642,1378.6156811704934,31979.85505213591,42638.173436289464,True,1,30
1256,newsecondary1256 26-01-31 13-32-27.fits,2026-01-31 13:32:27,1167.3399519313662,1114.57304705118,2.8526819985998317,8.388419915086962,6.717552752401835,19.75321936218359,2898.305101607843,946.2675312434586,31900.626288899697,42534.594219508275,True,1,29
1257,newsecondary1257 26-01-31 13-33-28.fits,2026-01-31 13:33:28,1165.4949923752204,1116.6593699537746,3.4788648386370107,8.877138072283214,8.192100655975791,20.904062675119913,2412.942943380712,946.3134190340896,31989.3023164928,42652.3950264315,True,1,29
1258,newsecondary1258 26-01-31 13-34-28.fits,2026-01-31 13:34:28,1166.2138294390616,1114.048440348477,3.4698218951710307,9.982163894587073,8.17080615143602,23.50619963175785,2285.0309576955183,917.2201209355279,32001.66775486336,42667.307977532524,True,1,31
1259,newsecondary1259 26-01-31 13-35-28.fits,2026-01-31 13:35:28,1166.4613870285218,1115.997956554063,3.8174847308260227,9.26683225263305,8.989489565748697,21.82172234243961,2141.917696352938,957.2766303503806,32000.992653194244,42667.09511115074,True,1,29
1260,newsecondary1260 26-01-31 13-36-27.fits,2026-01-31 13:36:27,1164.8859364863517,1116.392627140007,3.412380394927837,7.896684259879326,8.035541755246697,18.595270384444223,2323.9289834807532,1124.895956209518,31981.485768760886,42640.75244382533,True,1,29
1261,newsecondary1261 26-01-31 13-37-27.fits,2026-01-31 13:37:27,1166.0163852798732,1116.3643535449057,3.2995781601973144,8.265442352827447,7.769912791778977,19.463629333485844,2492.356774012428,917.7862297349968,31847.202228359656,42463.758716658616,True,1,27
1262,newsecondary1262 26-01-31 13-38-27.fits,2026-01-31 13:38:27,1167.0233801411575,1117.162860811826,3.327628478574116,8.652252059625376,7.8359662437621695,20.37449658466615,2485.671464441552,989.9962349225954,31921.516858435254,42561.64299460382,True,1,30
1263,newsecondary1263 26-01-31 13-39-27.fits,2026-01-31 13:39:27,1166.4190962855425,1116.7604490527326,2.788734100224989,10.909101018049123,6.566966959471152,25.688969750569612,2974.9899121072194,819.4928525202465,31975.129193388573,42632.67588353969,True,1,29
1264,newsecondary1264 26-01-31 13-40-27.fits,2026-01-31 13:40:27,1165.8846506778918,1113.8160979465185,3.9889540391416705,9.608002722122754,9.393268930077976,22.625117402766588,2043.534658807043,786.0763246313153,31947.35650254234,42597.24762348492,True,1,30
1265,newsecondary1265 26-01-31 13-41-27.fits,2026-01-31 13:41:27,1166.245171654715,1113.9592518054785,3.1652679248288105,7.615731402903973,7.453636357280399,17.933676965129948,2656.675747554006,1225.2510984292517,31941.69349379305,42587.73569555304,True,1,27
1266,newsecondary1266 26-01-31 13-42-27.fits,2026-01-31 13:42:27,1165.746898102805,1117.0738142650675,4.0992276895929685,9.249083395513933,9.652943532599428,21.779926977919125,2056.8251048147204,954.8421717813036,31985.734424514103,42647.13010577257,True,1,26
1267,newsecondary1267 26-01-31 13-43-27.fits,2026-01-31 13:43:27,1165.3506022883764,1117.280142961363,4.240071197513855,9.069124993679653,9.984604648264009,21.356157326008027,2001.8577054628536,1009.6383425039342,31919.47210304059,42558.43413931605,True,1,28
1268,newsecondary1268 26-01-31 13-44-27.fits,2026-01-31 13:44:27,1164.1580676216947,1115.8609763037261,3.6907349252352475,12.271428640360114,8.691016582839763,28.897006143486884,2313.9861409035047,727.3221081554802,31872.81852576882,42496.594977797664,True,1,28
1269,newsecondary1269 26-01-31 13-45-28.fits,2026-01-31 13:45:28,1164.083272492749,1116.3599378613876,3.214285870030885,9.590374218234365,7.569064797208473,22.583605448446303,2576.417321527111,894.1661047987469,31927.567034918866,42569.71023190883,True,1,30
1270,newsecondary1270 26-01-31 13-46-28.fits,2026-01-31 13:46:28,1164.9010381528587,1117.4902584544723,3.302275019177948,8.32816393428169,7.776263409365194,19.611327370750338,2464.55185371985,988.7817461590093,31994.0156191695,42658.56356823146,True,1,29
1271,newsecondary1271 26-01-31 13-47-28.fits,2026-01-31 13:47:28,1166.0206189150315,1116.5071560291444,2.7525691828755345,8.14377622722313,6.48180508716977,19.177127502111546,2976.716779540064,1062.1714623283556,31963.638751255778,42617.59642374961,True,1,30
1272,newsecondary1272 26-01-31 13-48-28.fits,2026-01-31 13:48:28,1164.7800278402826,1114.3246766065877,3.3380608409757913,11.984383528188902,7.860532579862661,28.221066559517958,2419.127399622841,708.4940402003054,31992.89139246753,42656.65255101367,True,1,30
1273,newsecondary1273 26-01-31 13-49-27.fits,2026-01-31 13:49:27,1166.5480264778516,1118.2119191269956,3.2991961154711884,7.721432375654796,7.769013145199797,18.182583734542856,2573.0714224427707,969.1628800804308,31966.76198457368,42623.64613379698,True,1,31
1274,newsecondary1274 26-01-31 13-50-27.fits,2026-01-31 13:50:27,1167.1444434132127,1117.3446436991337,2.8202780488484804,9.928346092790196,6.641247281989177,23.37946839330706,2858.472032103206,800.8845145080354,31988.68724927361,42651.725127851496,True,1,28
1275,newsecondary1275 26-01-31 13-51-27.fits,2026-01-31 13:51:27,1166.3145874692289,1117.8098206078846,3.4782563232063084,8.993156079046221,8.190667711641863,21.177264203029978,2317.184592532953,939.6134018551674,31969.042504911737,42624.88671055057,True,1,27
1276,newsecondary1276 26-01-31 13-52-27.fits,2026-01-31 13:52:27,1166.7319505396517,1118.798538079244,3.4292835040300944,7.9068249470033765,8.075345535384038,18.619149877754325,2448.3564818706495,1033.5917019763347,31947.793625405306,42597.34658388372,True,1,30
1277,newsecondary1277 26-01-31 13-53-27.fits,2026-01-31 13:53:27,1167.0371600220424,1118.5234708568037,3.2341687808267285,9.218332599400753,7.615885474104087,21.70751438683115,2581.341247218769,916.8107386173028,31919.211200118378,42558.81549137147,True,1,30
1278,newsecondary1278 26-01-31 13-54-27.fits,2026-01-31 13:54:27,1167.216909591087,1117.490743075887,3.2040950481065114,10.277519831730839,7.545067245465617,24.201709712962888,2547.28578765487,925.5209570255047,31958.96664246258,42610.21440398536,True,1,28
1279,newsecondary1279 26-01-31 13-55-27.fits,2026-01-31 13:55:27,1165.8924143222093,1116.0093952318869,4.336100556709041,7.227565962016161,10.210736508208308,17.019617204139053,1967.798183918258,1175.034631758076,31889.551703996352,42519.45375899389,True,1,28
1280,newsecondary1280 26-01-31 13-56-27.fits,2026-01-31 13:56:27,1167.1813894766553,1117.9537175286503,3.336485076474029,7.556659915616471,7.856821938027664,17.79457424277555,2499.608683085283,1136.5390836555582,31991.184009697143,42654.591550916375,True,1,26
1281,newsecondary1281 26-01-31 13-57-27.fits,2026-01-31 13:57:27,1165.6535672595082,1116.3843432144317,3.870624813900542,8.193016078796683,9.114624898567184,19.293078491611297,2170.4140050593264,1086.2752064654403,31857.78633141659,42476.40500687502,True,1,27
1282,newsecondary1282 26-01-31 13-58-27.fits,2026-01-31 13:58:27,1167.875340429453,1117.3468256185963,3.5703836575773145,6.759668338573673,8.407611005313978,15.917802501434338,2320.389035465682,1174.107302334711,32008.109332221324,42677.92796001108,True,1,28
1283,newsecondary1283 26-01-31 13-59-27.fits,2026-01-31 13:59:27,1167.8560949599753,1116.9698939310474,3.165853936783973,8.651264728223623,7.455016309979043,20.372171596890215,2591.3034454680296,960.4272602173327,31976.118211094596,42634.68860587206,True,1,31
1284,newsecondary1284 26-01-31 14-00-28.fits,2026-01-31 14:00:28,1165.6809700403494,1117.053785632243,2.940159041419662,7.406454969464113,6.923545446314001,17.44086862471318,2855.983110309353,1199.7964486468893,31980.10869238914,42639.514147834525,True,1,29
1285,newsecondary1285 26-01-31 14-01-28.fits,2026-01-31 14:01:28,1165.8345330436373,1118.016003543398,3.074891379460531,10.293832056217637,7.240815856646526,24.240122066163444,2672.0764483279368,802.7824203826748,32010.323178131923,42680.36983399335,True,1,30
1286,newsecondary1286 26-01-31 14-02-28.fits,2026-01-31 14:02:28,1165.245320582572,1119.0471240913623,3.718049610987852,10.47995026744118,8.755337752373718,24.678396960697953,2177.5673658876062,789.8636446259177,31983.86789225438,42644.92325272457,True,1,31
1287,newsecondary1287 26-01-31 14-03-27.fits,2026-01-31 14:03:27,1166.3762348320981,1118.338497720883,3.5090039772305257,9.143236978566065,8.263072903675766,21.530677713595583,2284.1687535719693,960.2824120343475,31996.58178249095,42661.122725712376,True,1,29
1288,newsecondary1288 26-01-31 14-04-27.fits,2026-01-31 14:04:27,1166.2721735137286,1116.6667725955679,3.7629534624047736,9.510405399157218,8.861078241789375,22.395293270305984,2157.7667969535814,895.3883074393812,31984.473086851332,42645.45359678585,True,1,30
1289,newsecondary1289 26-01-31 14-05-27.fits,2026-01-31 14:05:27,1167.3930718577249,1117.3005737265028,3.459040543292141,7.664622130978503,8.145418007919078,18.04880583161601,2393.322934010499,1109.6466313859114,32037.642216243665,42716.56433689929,True,1,31
1290,newsecondary1290 26-01-31 14-06-27.fits,2026-01-31 14:06:27,1167.3201552591079,1116.9510141071742,3.90201212926933,7.45830845994248,9.188536377957314,17.56297426349646,2106.1402493759088,1172.8306245289093,32033.137370993485,42710.16753540986,True,1,28
1291,newsecondary1291 26-01-31 14-07-27.fits,2026-01-31 14:07:27,1165.3171799324896,1117.378023798337,3.6963878147495395,9.50393409083129,8.704328120380364,22.380054503742514,2222.09209101231,851.6460645460614,31997.529040093574,42663.52643032679,True,1,29
1292,newsecondary1292 26-01-31 14-08-27.fits,2026-01-31 14:08:27,1167.0875979969699,1119.6674398306654,3.311744377170896,10.11925693000392,7.798562043380562,23.829029059591576,2454.1777093545134,859.070371328736,32037.258528125323,42715.61548082457,True,1,30
1293,newsecondary1293 26-01-31 14-09-27.fits,2026-01-31 14:09:27,1167.7811803378956,1117.056783570482,2.9568549156240898,8.749642592927836,6.9628612255599025,20.60383376468304,2720.856223131177,981.3388651824571,32048.097890282817,42730.09937055788,True,1,31
1294,newsecondary1294 26-01-31 14-10-27.fits,2026-01-31 14:10:27,1164.663198900338,1119.9061555889025,3.1908077770607166,9.926988356742145,7.51377811326322,23.376271169245246,2540.643990253681,878.4495807425369,31883.283371917343,42510.253241576356,True,1,30
1295,newsecondary1295 26-01-31 14-11-27.fits,2026-01-31 14:11:27,1167.065804944895,1117.5471000821788,3.434628501264348,9.029768505270942,8.087932042011893,21.263479878201167,2430.9964593863083,916.5164878845935,31918.36833813426,42557.91940089705,True,1,31
1296,newsecondary1296 26-01-31 14-12-27.fits,2026-01-31 14:12:27,1166.1726634498536,1118.7091124399296,4.190932699003186,7.0611073018586135,9.86889232698836,16.627637014531064,2023.560371468395,1279.9923531236411,31956.39671099043,42607.81002272295,True,1,22
1297,newsecondary1297 26-01-31 14-13-27.fits,2026-01-31 14:13:27,1165.258528597224,1119.2613746324184,3.300090034376709,9.600047982344176,7.771118163357149,22.606385422082987,2487.6505431558667,847.5613121134919,31922.442865915862,42563.35107749553,True,1,31
1298,newsecondary1298 26-01-31 14-14-27.fits,2026-01-31 14:14:27,1167.7248070251178,1114.7370132712588,3.483344948231401,8.804250740553409,8.202650507852598,20.732426125333745,2361.834728977543,846.8002698330208,31971.820121888755,42630.08846617619,True,1,31
1299,newsecondary1299 26-01-31 14-15-28.fits,2026-01-31 14:15:28,1166.7226962960015,1117.674177871417,3.9109160777359846,7.893891211026497,9.209503574286515,18.58869325701883,2077.941119387402,1104.1905517727741,31977.882523524844,42636.41631939321,True,1,27
1300,newsecondary1300 26-01-31 14-16-28.fits,2026-01-31 14:16:28,1166.9974159300305,1116.4244349368728,3.4120105403524557,9.79285823722064,8.034670814278844,23.060418875153612,2387.2244118475455,929.4681679621065,31953.540094133004,42603.48626193163,True,1,29
1301,newsecondary1301 26-01-31 14-17-28.fits,2026-01-31 14:17:28,1167.3424228010742,1115.9761297429081,3.3145566157907713,8.447771325945268,7.8051843592540555,19.8929812541736,2488.4028714900332,981.8831890960334,31912.467766126938,42549.89671207045,True,1,30
1302,newsecondary1302 26-01-31 14-18-27.fits,2026-01-31 14:18:27,1166.125005440399,1117.0487381919972,3.9525911315715647,9.995859995104668,9.307640826436282,23.53845148379544,2139.2235348994327,887.2197521371015,31921.35504044871,42561.2741285531,True,1,31
1303,newsecondary1303 26-01-31 14-19-27.fits,2026-01-31 14:19:27,1166.0573908883941,1117.6411755369713,2.998500052476431,11.478409717921775,7.0609280285978535,27.02958928884024,2637.2791563738774,776.3063499505206,31999.10103401416,42664.17491308533,True,1,30
1304,newsecondary1304 26-01-31 14-20-27.fits,2026-01-31 14:20:27,1165.3512604893522,1118.0802954473775,3.80911218982861,7.246957546703333,8.969773738380145,17.06528089646532,2238.8987916067467,1230.7780080217874,31967.263862244603,42622.51408934724,True,1,30
1305,newsecondary1305 26-01-31 14-21-27.fits,2026-01-31 14:21:27,1165.846766328991,1119.9639792816465,3.0007896855754463,8.29606079866907,7.066319702515181,19.535730263501392,2863.8286029092283,1006.7476699063438,31945.677341797764,42594.54811762244,True,1,30
1306,newsecondary1306 26-01-31 14-22-27.fits,2026-01-31 14:22:27,1165.3965989697488,1119.4587146473075,3.568629258790266,9.547725170472214,8.403479711883257,22.483174615874507,2364.111847525347,898.2936655796448,31922.31500109831,42562.906120664804,True,1,28
1307,newsecondary1307 26-01-31 14-23-27.fits,2026-01-31 14:23:27,1163.9772224603926,1118.9037719753674,2.9978129874332113,8.726144812497436,7.059310114061839,20.548500720311797,2730.0606630261423,995.938701369427,31949.463821176698,42598.63201248297,True,1,31
1308,newsecondary1308 26-01-31 14-24-27.fits,2026-01-31 14:24:27,1164.730460588894,1120.2220073870947,4.310816339813476,7.432886406328556,10.151196727439721,17.50310990206054,1922.461719563891,1211.738112242922,31948.22130419172,42596.700885563885,True,1,30
1309,newsecondary1309 26-01-31 14-25-27.fits,2026-01-31 14:25:27,1162.9844651261988,1120.0595795990369,3.462438059197887,8.478843770764996,8.15341854647724,19.966151270083213,2423.0250390379706,921.1300760107554,31926.79762974659,42569.81066734758,True,1,29
1310,newsecondary1310 26-01-31 14-26-27.fits,2026-01-31 14:26:27,1165.225203771624,1118.3553015276052,3.7176993656889734,7.7423358225191095,8.75451298772324,18.23180759022918,2250.4640212604445,998.7318499605758,31888.98077644974,42519.45856641202,True,1,29
1311,newsecondary1311 26-01-31 14-27-28.fits,2026-01-31 14:27:28,1167.3101888678768,1117.694528017029,3.8256732245737215,9.51950176530395,9.008771994964388,22.41671357564525,2144.872471009438,970.7785944496524,31918.078571827515,42556.10258453568,True,1,28
1312,newsecondary1312 26-01-31 14-28-28.fits,2026-01-31 14:28:28,1166.1569274335716,1120.4124116105113,3.8324243528049724,9.629222455056631,9.024669687049911,22.675086055229485,2111.4818934034993,857.5468565867363,31901.139323611602,42534.63914240831,True,1,32
1313,newsecondary1313 26-01-31 14-29-27.fits,2026-01-31 14:29:27,1167.1599408271484,1118.0864716069668,3.659225108726372,7.943124440063308,8.616816635309416,18.704628651636312,2262.3398001594037,1157.2266871682032,31945.510455985026,42592.83594852178,True,1,28
1314,newsecondary1314 26-01-31 14-30-27.fits,2026-01-31 14:30:27,1165.0751865714028,1117.4110379892284,3.5755376994572696,9.010133485840747,8.419747846445825,21.217242940862374,2326.2085962095616,986.0374046804112,31917.928724285153,42556.507351061824,True,1,31
1315,newsecondary1315 26-01-31 14-31-27.fits,2026-01-31 14:31:27,1164.8963912366141,1118.4472452544078,3.3729883198596844,6.874107747084948,7.942780507260848,16.187286714538175,2409.8755519111746,1146.5021725032439,31955.998424750047,42608.31677594843,True,1,29
1316,newsecondary1316 26-01-31 14-32-27.fits,2026-01-31 14:32:27,1165.5238837312108,1115.6021006943652,3.5645819914557544,7.780887988007178,8.39394912563635,18.322591002299838,2322.024231141814,1065.3867099894353,31991.836235745483,42655.765389470995,True,1,30
1317,newsecondary1317 26-01-31 14-33-27.fits,2026-01-31 14:33:27,1166.5704450455219,1117.884535372019,3.5408236732434966,8.18288533700507,8.338002561673902,19.269222417769374,2270.5729635347516,1021.7664821341266,31914.83119767195,42552.69397412858,True,1,30
1318,newsecondary1318 26-01-31 14-34-27.fits,2026-01-31 14:34:27,1166.844188742424,1117.2937426934732,3.6796613969853587,7.393581695454418,8.664940416547708,17.410554381029975,2258.9355102928134,1207.2929446120363,31997.59552874645,42662.66887183611,True,1,28
1319,newsecondary1319 26-01-31 14-35-27.fits,2026-01-31 14:35:27,1164.6190913682517,1117.647821163929,3.509997400981584,6.778134771354356,8.26541223783797,15.961287627506508,2412.1828487039056,1241.327437459842,31970.60416325884,42627.54039031963,True,1,29
1320,newsecondary1320 26-01-31 14-36-27.fits,2026-01-31 14:36:27,1166.247466442493,1120.760580618451,3.51243629663881,7.353802434081875,8.271155398219344,17.316881378973385,2292.5308603233534,1171.3950969250188,32007.240626996867,42675.59639005734,True,1,29
1321,newsecondary1321 26-01-31 14-37-27.fits,2026-01-31 14:37:27,1165.0609534826058,1119.9463827398229,3.4009463121372128,8.872722936840423,8.008616547894793,20.893665825677704,2478.451265791102,949.9730471902909,31969.854718547947,42626.47325718275,True,1,29
1322,newsecondary1322 26-01-31 14-38-28.fits,2026-01-31 14:38:28,1165.265168782874,1117.963719930921,3.9229476788084985,9.847519331809883,9.237835829665887,23.189135916375694,2126.148440489053,840.0759293108017,31973.39498162105,42631.281124582114,True,1,30
1323,newsecondary1323 26-01-31 14-39-27.fits,2026-01-31 14:39:27,1163.6202831358953,1117.7073476115365,3.215887122927432,8.836750897380435,7.572835459626426,20.80895814609668,2644.505799628834,1056.4198699424626,31944.102064011244,42591.064724625074,True,1,29
1324,newsecondary1324 26-01-31 14-40-27.fits,2026-01-31 14:40:27,1165.5905527336708,1120.8574735942411,3.144902368279431,7.534102600394245,7.4056791364897085,17.74145582472817,2602.733809863141,1042.0345910441838,31947.88980940688,42597.61778479368,True,1,30
1325,newsecondary1325 26-01-31 14-41-27.fits,2026-01-31 14:41:27,1163.086297490815,1121.4948740265722,3.6522766516157312,8.46542304155565,8.60045426922324,19.934547867922113,2258.0839690142993,957.2079609332253,31961.904115450296,42616.05780037358,True,1,31
1326,newsecondary1326 26-01-31 14-42-27.fits,2026-01-31 14:42:27,1163.5464024497435,1119.283778823461,3.301826633116663,9.065187423728378,7.775207540880167,21.346885057358055,2490.9866270255447,895.4906842651276,31866.797634552,42489.20149963662,True,1,30
1327,newsecondary1327 26-01-31 14-43-27.fits,2026-01-31 14:43:27,1163.672439709093,1120.949872396996,3.485204733641439,9.078247442342743,8.207029967815611,21.37763905097964,2345.6898131409316,908.8559644188191,31866.92121503192,42489.13079361622,True,1,31
1328,newsecondary1328 26-01-31 14-44-27.fits,2026-01-31 14:44:27,1163.6763766468878,1119.4141163429053,3.3833714271325057,7.834649633690844,7.967230856396594,18.449190003209583,2453.749119030705,962.7105120455633,31928.297110637097,42572.04205604269,True,1,30
1329,newsecondary1329 26-01-31 14-45-27.fits,2026-01-31 14:45:27,1165.0729721898497,1118.5648975624,3.734748555348257,8.538725676348953,8.794660761284455,20.107162381686965,2241.375510570924,926.9421305662141,31951.596867286105,42602.71722017593,True,1,30
1330,newsecondary1330 26-01-31 14-46-27.fits,2026-01-31 14:46:27,1164.7605256358659,1119.6139555551729,3.1464929279679854,7.824684307149596,7.409424618327135,18.425723452514973,2700.593741691367,1104.6356667972875,31977.845748120646,42636.93937525482,True,1,30
1331,newsecondary1331 26-01-31 14-47-27.fits,2026-01-31 14:47:27,1162.5238851422353,1120.0683137819512,3.665265950496446,8.006290865729756,8.631041730598447,18.85337421696862,2311.818821280165,1034.1735650679564,31785.642075114836,42381.105649327255,True,1,30
1332,newsecondary1332 26-01-31 14-48-27.fits,2026-01-31 14:48:27,1164.0105205378397,1119.5442163502828,3.598763849903893,7.767313919574714,8.474441251086438,18.290626513862446,2360.3399645580557,1071.5837320605312,31928.489942920874,42571.5403870768,True,1,30
1333,newsecondary1333 26-01-31 14-49-28.fits,2026-01-31 14:49:28,1166.3922231658444,1121.13626393837,4.139937741330708,5.758659208616712,9.748808378465704,13.560606136952696,2009.2968567347357,1305.203135551928,31852.749982194833,42471.367608023655,True,1,29
1334,newsecondary1334 26-01-31 14-50-27.fits,2026-01-31 14:50:27,1164.1561436653792,1116.4389839730827,4.284481696720051,8.770694413201682,10.089183382004588,20.65340701304828,1918.2856728096358,964.4141776981244,31924.536409530097,42565.73944395875,True,1,31
1335,newsecondary1335 26-01-31 14-51-27.fits,2026-01-31 14:51:27,1164.004347643361,1119.188003996282,3.0790579329794117,8.30969772129675,7.25062734039148,19.56784276225759,2647.3111552491805,1051.0968813195357,31918.8348419784,42557.69463114233,True,1,30
1336,newsecondary1336 26-01-31 14-52-27.fits,2026-01-31 14:52:27,1164.3792040966525,1118.2502316152036,3.3934126649430385,10.758347473419787,7.99087616446976,25.333972281816983,2492.0172121432565,902.3021638496123,31855.088287597486,42471.83819790578,True,1,30
1337,newsecondary1337 26-01-31 14-53-27.fits,2026-01-31 14:53:27,1164.6498707306275,1120.2743004859733,3.10860496229468,9.041460545482709,7.320205277294191,21.291012528859145,2627.6852452345124,903.7106068443878,31962.06125342413,42616.078539940616,True,1,29
1338,newsecondary1338 26-01-31 14-54-27.fits,2026-01-31 14:54:27,1165.8473291795501,1117.4135541233372,4.129548874269171,7.019336216964509,9.724344466064034,16.52927362651974,2041.7944360969336,1078.0345101716282,31946.02310479491,42595.81230775229,True,1,29
1339,newsecondary1339 26-01-31 14-55-27.fits,2026-01-31 14:55:27,1165.6759121378973,1117.062063372548,3.441143340844518,6.763668648393153,8.103273316845439,15.927222511183585,2398.7285316800176,1281.1284608790709,31950.82498687831,42600.570341477076,True,1,28
1340,newsecondary1340 26-01-31 14-56-27.fits,2026-01-31 14:56:27,1163.688318157685,1117.7152889127376,3.0764205823333683,7.29740961097763,7.244416854224402,17.184086428731625,2686.3041561625496,1151.707652778875,31944.958224962917,42593.09675223797,True,1,30
1341,newsecondary1341 26-01-31 14-57-27.fits,2026-01-31 14:57:27,1164.6940499212917,1119.0212329863798,3.108742097667399,7.071615363740018,7.320528206418753,16.65238160928382,2631.9647856660135,1274.3160837715777,31863.739782972072,42483.91696829957,True,1,25
1342,newsecondary1342 26-01-31 14-58-27.fits,2026-01-31 14:58:27,1164.511325212118,1119.4115810495064,3.4823660279440993,8.950249746802369,8.200345326737573,21.076227511803395,2424.099474746902,1024.7996337224058,31951.121158408227,42600.55281490316,True,1,30
1343,newsecondary1343 26-01-31 14-59-28.fits,2026-01-31 14:59:28,1163.8579219352337,1119.4948354146766,3.691915064025908,7.81090743430838,8.693795597319928,18.393281396190634,2246.828591555274,995.9661150769039,31983.61198571868,42645.48093516864,True,1,29
1344,newsecondary1344 26-01-31 15-00-28.fits,2026-01-31 15:00:28,1165.5324048173036,1119.5185756723704,3.6056107371001427,10.074516356344388,8.490564438302233,23.723673059911928,2364.1901732152137,818.6893716172846,31956.470534161966,42608.983838322565,True,1,28
1345,newsecondary1345 26-01-31 15-01-28.fits,2026-01-31 15:01:28,1166.4346200998182,1118.6932636499273,3.276526574746373,7.217103708528823,7.7156304562893565,16.994980479910875,2596.929476139272,1176.0752291218882,31939.17258082213,42585.590585166145,True,1,30
1346,newsecondary1346 26-01-31 15-02-27.fits,2026-01-31 15:02:27,1166.1898132501485,1120.3283925874011,3.63760228200164,10.1318601563544,8.565898769507786,23.858707389633746,2270.9394937557345,865.4709340396263,31988.105057322624,42650.15164688081,True,1,30
1347,newsecondary1347 26-01-31 15-03-27.fits,2026-01-31 15:03:27,1164.1738208560164,1119.6854851738847,3.50620233270367,9.83483138777769,8.256475534984876,23.159258091438456,2390.8086846389792,917.4514605583573,31961.136493042428,42614.02301541423,True,1,30
1348,newsecondary1348 26-01-31 15-04-27.fits,2026-01-31 15:04:27,1167.3298331473802,1120.3315155503935,3.976658334348231,7.324374252956623,9.364314757962601,17.247583308170842,2094.2683129080315,979.1177862067519,31977.772887583087,42638.52206946178,True,1,29
1349,newsecondary1349 26-01-31 15-05-27.fits,2026-01-31 15:05:27,1165.5710339239795,1118.930775263532,3.3307040441433506,8.93861972358227,7.84320864721441,21.048840900000535,2471.0000170935073,895.1238012263339,31965.74383633357,42621.28705633958,True,1,32
1350,newsecondary1350 26-01-31 15-06-27.fits,2026-01-31 15:06:27,1165.8216174495235,1120.614415133005,3.492159553626402,7.302755105552166,8.223407317325783,17.196674106506347,2363.8241153371328,1040.3037996918235,31849.698748904342,42467.11313514233,True,1,25
1351,newsecondary1351 26-01-31 15-07-27.fits,2026-01-31 15:07:27,1165.7369705566923,1120.411726853733,3.6473311475192793,8.309855344361766,8.588808497044134,19.56821393621065,2294.910048664561,956.6308959160816,31980.84212080335,42641.66545664122,True,1,28
1352,newsecondary1352 26-01-31 15-08-27.fits,2026-01-31 15:08:27,1164.191629607862,1120.0867056658424,3.297125383800009,9.41264795044848,7.764136944752623,22.165092070535565,2530.6735749052664,882.1015481633315,31962.41814190127,42616.610435962226,True,1,30
1353,newsecondary1353 26-01-31 15-09-27.fits,2026-01-31 15:09:27,1165.8590396316877,1117.7583178511704,3.6736365097770762,8.710946566514691,8.650752891380595,20.512711586022316,2219.645046464179,896.0794676205888,31880.95892331071,42508.39455257783,True,1,30
1354,newsecondary1354 26-01-31 15-10-27.fits,2026-01-31 15:10:27,1165.737891175186,1118.5491665831137,3.690683504377622,8.033485592948784,8.690895495973493,18.917412905743138,2311.2315669455684,1113.5811543484829,31980.318827202675,42639.888815977276,True,1,31
1355,newsecondary1355 26-01-31 15-11-27.fits,2026-01-31 15:11:27,1163.5345068100196,1120.3141856572577,3.4190888568123556,7.830739186137419,8.051338975763688,18.439981602925737,2418.130442122901,1111.4025902084793,31988.475961266875,42650.73999674867,True,1,30
1356,newsecondary1356 26-01-31 15-12-27.fits,2026-01-31 15:12:27,1165.3666612514182,1121.472965105654,3.1202870058264893,8.703510050164288,7.34771438756982,20.49519992825519,2651.2756177478036,1031.3524693314023,31962.265938986227,42615.44729186598,True,1,30
1357,newsecondary1357 26-01-31 15-13-27.fits,2026-01-31 15:13:27,1165.907771887014,1120.9433975922752,2.9402937989502917,8.786521746495058,6.923862776048347,20.690677534746907,2777.6085833335833,998.8867607094418,31965.245526136052,42619.54113921838,True,1,33
1358,newsecondary1358 26-01-31 15-14-27.fits,2026-01-31 15:14:27,1164.831879405833,1122.9009365311986,3.417833221031603,8.294879062913502,8.048382179457914,19.53294748845625,2470.7148840566056,1071.3417286042206,31993.336342231858,42657.21166233593,True,1,29
1359,newsecondary1359 26-01-31 15-15-27.fits,2026-01-31 15:15:27,1163.1763597663391,1120.998496973811,3.1582743029929707,8.014082901513964,7.437167636393998,18.871723059024873,2634.193422024509,1040.1896502494867,31977.14972706013,42636.1781534028,True,1,31
1360,newsecondary1360 26-01-31 15-16-27.fits,2026-01-31 15:16:27,1166.2847292034924,1122.664994137499,3.3651954378666806,8.917284517779118,7.924429672535162,20.99860032971041,2435.954791415448,915.2294657333441,31980.506946404745,42640.722479525015,True,1,28
1361,newsecondary1361 26-01-31 15-17-27.fits,2026-01-31 15:17:27,1164.1571337476307,1121.1361387111535,3.5723220792525416,9.646080910648587,8.412175639530524,22.714784684385688,2273.5871975776463,918.3612935578816,31970.61466083243,42626.53642711168,True,1,29
1362,newsecondary1362 26-01-31 15-18-27.fits,2026-01-31 15:18:27,1164.487768063947,1122.530350645966,3.1773461970739496,9.209968969373685,7.482078514872594,21.687819543194188,2651.6874104642634,809.5268419822531,31961.15387049791,42616.122062066155,True,1,29
1363,newsecondary1363 26-01-31 15-19-27.fits,2026-01-31 15:19:27,1163.3096421634757,1120.272905024746,3.805168911513906,8.275194006973626,8.960488027561544,19.486592724141477,2205.7854010462374,1101.4912311279627,31991.392708814517,42654.25974733044,True,1,29
1364,newsecondary1364 26-01-31 15-20-27.fits,2026-01-31 15:20:27,1163.5063613004302,1121.9895721123028,3.510806137390834,8.451194758689692,8.267316666545616,19.901042822222983,2443.8781186616,1128.6923891415588,31953.31873988143,42603.188670856194,True,1,31
1365,newsecondary1365 26-01-31 15-21-27.fits,2026-01-31 15:21:27,1165.1546664836637,1122.38281777704,3.0096870580619446,8.55340653033318,7.087271413594494,20.141733150927198,2725.4743332476964,1041.5324200143684,31881.612487405062,42507.90654581328,True,1,31
1366,newsecondary1366 26-01-31 15-22-28.fits,2026-01-31 15:22:28,1161.9059376700204,1122.3660681092454,3.3248894496997865,5.927046142856798,7.829516323664979,13.95712706502256,2512.5172023510254,1196.280313577653,31883.34723132521,42512.75873514275,True,1,28
1367,newsecondary1367 26-01-31 15-23-28.fits,2026-01-31 15:23:28,1164.5166187769717,1123.377153121579,3.9634321875217244,6.743192713080638,9.333169562297021,15.879005368268917,2146.7601971547865,1263.1416247399382,31969.21383368023,42625.6067512536,True,1,28
1368,newsecondary1368 26-01-31 15-24-28.fits,2026-01-31 15:24:28,1162.243209825784,1122.1577763067992,3.1327583632385965,7.866489562958996,7.377082189992595,18.524167306882596,2679.6210802554274,1189.8743066762115,31984.35449262174,42644.56102044345,True,1,30
1369,newsecondary1369 26-01-31 15-25-27.fits,2026-01-31 15:25:27,1162.2835616080436,1122.9490263226214,3.3124888482190955,9.318152684857449,7.800315138727808,21.942572724961277,2554.723970540934,1057.533355309825,31914.57896280076,42550.97738661092,True,1,30
1370,newsecondary1370 26-01-31 15-26-27.fits,2026-01-31 15:26:27,1164.0327265881651,1123.9182012199444,3.5662346220729138,8.933353792918354,8.39784077334067,21.0364405809174,2335.714917547827,971.2489529730084,31957.679984513354,42609.79280511218,True,1,29
1371,newsecondary1371 26-01-31 15-27-27.fits,2026-01-31 15:27:27,1164.3002736897986,1124.5774352220867,3.0894326274406323,8.42593200446053,7.275057878869834,19.84155358217146,2679.4379480404996,975.4402508777018,31963.83884026581,42618.527797889066,True,1,28
1372,newsecondary1372 26-01-31 15-28-27.fits,2026-01-31 15:28:27,1163.9009186917283,1123.0591428309056,3.7348890209876098,6.775013046389724,8.794991532587641,15.953936526984718,2325.7319123915954,1034.980525962323,31906.862094131484,42544.64172110752,True,1,29
1373,newsecondary1373 26-01-31 15-29-27.fits,2026-01-31 15:29:27,1164.0654201194802,1120.6122566389752,4.005939806320199,9.756389291235598,9.433267355110203,22.974541070126882,2087.969068158023,933.9349681128822,32005.474484277132,42673.00206857765,True,1,29
1374,newsecondary1374 26-01-31 15-30-27.fits,2026-01-31 15:30:27,1165.0805280756629,1123.6754396790395,3.371823716889364,7.029081080936144,7.940038076841835,16.552221027536245,2500.348311432278,1311.5759164185215,31955.68182270041,42606.55913534397,True,1,30
1375,newsecondary1375 26-01-31 15-31-27.fits,2026-01-31 15:31:27,1163.3234048988388,1123.0210984741486,4.023487876821305,8.507540691951018,9.474589903277824,20.03372735532273,2069.0257961533252,921.9659701215411,31965.885829892526,42621.80136426424,True,1,28
1376,newsecondary1376 26-01-31 15-32-27.fits,2026-01-31 15:32:27,1163.6030263360528,1124.3874156368609,2.849181870068196,8.103874282605068,6.709310579575353,19.083165603089217,2846.322657422068,1076.2586640086088,31927.570609359762,42569.3047976942,True,1,26
1377,newsecondary1377 26-01-31 15-33-27.fits,2026-01-31 15:33:27,1163.2948314121534,1121.5263420373092,3.7983788949573585,8.189928582652184,8.944498760468095,19.285807993801274,2203.7320865104953,1062.0238649769174,31950.28703459952,42599.960698948315,True,1,30
1378,newsecondary1378 26-01-31 15-34-27.fits,2026-01-31 15:34:27,1164.3838251055665,1120.568618235768,3.366964109982707,5.835067572256838,7.928594577087067,13.74053408326048,2522.960326694976,1398.994840021342,31994.638851271564,42659.94589418552,True,1,8
1379,newsecondary1379 26-01-31 15-35-27.fits,2026-01-31 15:35:27,1163.6360999382428,1123.8685971828281,3.6923755355210663,8.952955701442448,8.694879924826893,21.0825995480308,2255.003477194356,953.5379118215953,31937.426702039476,42582.96396985767,True,1,29
1380,newsecondary1380 26-01-31 15-36-28.fits,2026-01-31 15:36:28,1162.7880510848881,1123.4184785622585,3.0305027466283274,9.387960439941304,7.1362886142817334,22.106957425931352,2751.9993911679157,876.6763044165635,31968.851800267526,42625.27723329305,True,1,32
1381,newsecondary1381 26-01-31 15-37-28.fits,2026-01-31 15:37:28,1163.6119278038027,1125.001528431211,3.895319221264842,9.311080891819827,9.172775784028799,21.925919924961978,2125.8011077633637,936.9096048394853,31920.753637587168,42560.43368023325,True,1,28
1382,newsecondary1382 26-01-31 15-38-28.fits,2026-01-31 15:38:28,1166.0725623554347,1125.1098724933677,4.539180651191102,9.075952848195215,10.688953585441444,21.372235694685827,1805.5128233314242,939.9790306085805,31938.1264681586,42583.73582268905,True,1,28
1383,newsecondary1383 26-01-31 15-39-28.fits,2026-01-31 15:39:28,1164.181340730449,1122.8437655032883,3.1961959937349818,9.64977935849475,7.52646639389475,22.723493863509333,2589.834175100503,799.3349297628273,31879.05983396093,42506.140616621786,True,1,31
1384,newsecondary1384 26-01-31 15-40-28.fits,2026-01-31 15:40:28,1164.319420433303,1121.9873674230284,3.847838408372527,7.643463742743022,9.060967014075612,17.998981634878554,2181.2141120346328,1009.40173719,31920.411639877693,42561.42260625422,True,1,26
1385,newsecondary1385 26-01-31 15-41-28.fits,2026-01-31 15:41:28,1164.4270664927683,1125.296908441181,3.4206739264645702,9.36099319508191,8.055071529553494,22.043454417177195,2373.644659046444,942.1640248761182,31919.46354975694,42558.38197708105,True,1,30
1386,newsecondary1386 26-01-31 15-42-28.fits,2026-01-31 15:42:28,1163.9140391639082,1122.2397613701276,3.9546549108754476,8.622146393553509,9.312500655309586,20.30360315873111,2109.8863323494647,1031.857221243421,31938.04707316586,42583.349778403826,True,1,28
1387,newsecondary1387 26-01-31 15-43-28.fits,2026-01-31 15:43:28,1163.0358015219804,1124.5269557236302,3.1439907447516773,6.444768078353697,7.403532427133032,15.176269056482877,2613.18630103566,1231.3296982073418,31969.55631147104,42626.43637568299,True,1,28
1388,newsecondary1388 26-01-31 15-44-28.fits,2026-01-31 15:44:28,1162.406587007692,1122.059589340395,3.4168171675946413,9.940751339600403,8.045989556457734,23.408680517159294,2496.3804630126033,915.2289167214763,31957.04100073187,42608.65511181554,True,1,28
1389,newsecondary1389 26-01-31 15-45-28.fits,2026-01-31 15:45:28,1163.0556405054233,1121.6530910303686,3.842170463440587,7.841617181188435,9.047620023735746,18.465597323721617,2165.1001309966164,1070.8162257174556,31960.885089520547,42614.41255942667,True,1,30
1390,newsecondary1390 26-01-31 15-46-28.fits,2026-01-31 15:46:28,1161.9689157434975,1124.5034574533365,3.427988331765145,9.37318525239699,8.072295637772768,22.072164518132908,2399.709405382934,984.0573625508612,31964.652405494257,42618.25024810744,True,1,30
1391,newsecondary1391 26-01-31 15-47-29.fits,2026-01-31 15:47:29,1159.6987395097754,1123.3522332300704,3.029526219003851,8.672963431335043,7.13398906745709,20.423268137928165,2713.02529037049,1010.0934458383391,31906.80230241577,42541.705079183266,True,1,29
1392,newsecondary1392 26-01-31 15-48-29.fits,2026-01-31 15:48:29,1161.4468318238282,1124.3663821107534,3.3773704614650497,8.424628043421054,7.953099662153327,19.838482988577763,2516.0309137411023,1052.8734025666338,31956.646124444796,42608.38119313819,True,1,30
1393,newsecondary1393 26-01-31 15-49-29.fits,2026-01-31 15:49:29,1161.2069701876,1124.5849006174035,2.8738394781666385,10.09005570292851,6.767374809388084,23.7602654247349,2814.4197990427974,911.2905566885245,31920.92010510307,42559.79970247831,True,1,30
1394,newsecondary1394 26-01-31 15-50-28.fits,2026-01-31 15:50:28,1165.019991086206,1122.4601466003048,3.1018567979364753,7.685343868733668,7.304314564596327,18.097601795049744,2700.4599334505597,1188.8680113846208,31965.139806577878,42619.205910327226,True,1,28
1395,newsecondary1395 26-01-31 15-51-28.fits,2026-01-31 15:51:28,1163.0915641233983,1122.3512239836862,3.4740299143466,7.349132573784521,8.180715279340525,17.30588469833768,2353.2983769609405,1069.093117370403,31919.08342539075,42559.18860820076,True,1,28
1396,newsecondary1396 26-01-31 15-52-28.fits,2026-01-31 15:52:28,1162.5044515947068,1122.7960300538082,4.445805613673918,9.84593540476838,10.469072175390462,23.185406053228494,1865.2250194716207,962.0465090633794,31781.868813987,42374.3038041455,True,1,27
1397,newsecondary1397 26-01-31 15-53-28.fits,2026-01-31 15:53:28,1160.533749718422,1123.30415518149,3.301123890143368,9.380550110057506,7.773552707640149,22.089507432580692,2418.080025685849,905.5014667037959,31975.160546377956,42632.887573920925,True,1,29
1398,newsecondary1398 26-01-31 15-54-28.fits,2026-01-31 15:54:28,1162.1931521664417,1123.4735689660326,2.905513793385418,8.271979866886339,6.841962121777894,19.479024002636393,2863.8663126824626,972.5933718403232,32019.80144229215,42693.42412125359,True,1,32
1399,newsecondary1399 26-01-31 15-55-28.fits,2026-01-31 15:55:28,1163.0047333320533,1120.1113963235182,4.119400680923476,6.977358606215981,9.700447296952744,16.4304239072866,2064.4609835800043,1198.5134314280633,31995.714805528933,42661.13602176049,True,1,31
1400,newsecondary1400 26-01-31 15-56-28.fits,2026-01-31 15:56:28,1163.4095759053362,1122.91340495712,2.9339070467655977,8.931241178992837,6.908823123981184,21.03146575529818,2793.4127431314932,968.6213297082056,31981.581652733006,42641.521698537406,True,1,30
1401,newsecondary1401 26-01-31 15-57-28.fits,2026-01-31 15:57:28,1162.2932198822687,1122.1640544986942,3.3366127345301075,7.885905692437914,7.857122549777027,18.569888797776468,2419.9523074926365,1129.5167559733907,31961.928383922157,42614.83066029756,True,1,29
1402,newsecondary1402 26-01-31 15-58-28.fits,2026-01-31 15:58:28,1163.4184768300527,1124.3518860819288,3.040633359476893,9.618700941516988,7.160144384485983,22.650309784242268,2678.197907978327,859.6286726428766,31957.945400630088,42610.432569246586,True,1,29
1403,newsecondary1403 26-01-31 15-59-28.fits,2026-01-31 15:59:28,1164.165435519171,1125.802223216566,3.3967755839761566,7.819731692313358,7.998795233618762,18.414060935823283,2490.7814604234923,844.5887384615424,31918.61626409126,42560.548395022604,True,1,31
1404,newsecondary1404 26-01-31 16-00-28.fits,2026-01-31 16:00:28,1163.0104609928974,1124.738510259498,3.108709173955521,7.195982898111094,7.320450677002065,16.945244772171907,2731.8736295661274,1183.8690385759407,31988.13626819756,42650.814187043325,True,1,30
1405,newsecondary1405 26-01-31 16-01-28.fits,2026-01-31 16:01:28,1162.3226682836307,1125.2249148260385,3.1656982186472034,7.767359653132382,7.454649621789203,18.290734208160774,2570.747138941302,1022.1378948157499,32018.125977470932,42691.091097876815,True,1,30
1406,newsecondary1406 26-01-31 16-02-28.fits,2026-01-31 16:02:28,1162.8071407487864,1124.1149241411968,4.158212342999384,9.802758534121047,9.79184177679006,23.083732292746447,1976.3191040216593,927.1461566044921,31974.556961000217,42631.62000175753,True,1,31
1407,newsecondary1407 26-01-31 16-03-29.fits,2026-01-31 16:03:29,1161.8075395113815,1125.1030851439655,3.210693418136139,9.885717781242908,7.5606052194759155,23.279086390789683,2588.360780800789,909.4806747265628,31987.846000716396,42649.58396744807,True,1,27
1408,newsecondary1408 26-01-31 16-04-29.fits,2026-01-31 16:04:29,1163.3325346329968,1125.229165606191,3.209440801810992,8.277944263222205,7.557655533444726,19.4930690826846,2523.6063706198092,1008.2286945683197,31923.754591835837,42564.68802850636,True,1,29
1409,newsecondary1409 26-01-31 16-05-28.fits,2026-01-31 16:05:28,1162.3562038236744,1124.3987671048699,3.984540635641234,5.8462287979860745,9.382876159048338,13.7668167613348,2144.2836611541493,1414.9005073055514,31900.57847398992,42534.45555129065,True,1,22
1410,newsecondary1410 26-01-31 16-06-28.fits,2026-01-31 16:06:28,1160.0403908789813,1123.8918316703946,2.7951391405694856,10.718006688621376,6.582049676863605,25.238976993141403,2929.100291491247,796.5364379101229,31869.176553057092,42491.784056107776,True,1,28
1411,newsecondary1411 26-01-31 16-07-28.fits,2026-01-31 16:07:28,1162.7843377299816,1124.3178364723622,3.0719047942704263,7.288029450581738,7.233782985974674,17.161997839005775,2717.4233246465806,1187.6054197200117,31928.898342982124,42571.46778392446,True,1,28
1412,newsecondary1412 26-01-31 16-08-28.fits,2026-01-31 16:08:28,1163.2291094029347,1122.7605790063635,3.5292944568306805,6.99154812954834,8.310853331761503,16.463837681259072,2320.6779287475974,1246.4622822267493,31905.33982356818,42539.77699791569,True,1,29
1413,newsecondary1413 26-01-31 16-09-28.fits,2026-01-31 16:09:28,1164.0236536653438,1126.3918699892463,3.4219497355418693,7.551830131214884,8.05807583034235,17.783200969653514,2412.007512682252,1283.8968348885542,31932.667774142305,42575.03102198608,True,1,30
1414,newsecondary1414 26-01-31 16-10-28.fits,2026-01-31 16:10:28,1163.8247313854956,1123.9383634305302,4.289818481116398,7.288765553131268,10.101750548877114,17.163731228044604,1948.0136776541785,1226.5671031625764,31975.37964787357,42633.087109958935,True,1,29
1415,newsecondary1415 26-01-31 16-11-28.fits,2026-01-31 16:11:28,1164.8409558766864,1122.3314315092002,3.253856716858923,6.460746844569628,7.662247020517986,15.213896175463015,2567.8956303310815,1283.0597219822514,31991.29579703394,42655.146216288515,True,1,29
1416,newsecondary1416 26-01-31 16-12-28.fits,2026-01-31 16:12:28,1161.720831576025,1124.3885308908634,4.233432481999768,5.466824644472275,9.968971667898177,12.873388255472506,1981.9590411947115,1474.6858522519128,31991.44450658036,42655.68309745036,True,1,1
1417,newsecondary1417 26-01-31 16-13-28.fits,2026-01-31 16:13:28,1162.2965270152483,1125.47049213806,3.335915756944424,7.0991021527908,7.855481292987322,16.717108051114142,2430.1926970610034,1188.6066060815156,31975.84412416511,42634.03187803303,True,1,29
1418,newsecondary1418 26-01-31 16-14-28.fits,2026-01-31 16:14:28,1164.9868211661565,1124.6308282657376,3.0492483428072434,6.951889025901078,7.1804311199199,16.37044762902254,2709.1444604872067,1187.930759182004,31953.718792100914,42604.96160188661,True,1,29
1419,newsecondary1419 26-01-31 16-15-29.fits,2026-01-31 16:15:29,1162.971313310567,1125.605082408314,3.6022222161188013,8.752990162185224,8.482585081172362,20.611716687872466,2334.4060726078233,974.8145330745816,32005.600555158228,42673.97483993676,True,1,30
1420,newsecondary1420 26-01-31 16-16-29.fits,2026-01-31 16:16:29,1162.328913037711,1123.2081313553936,3.1084726189224705,9.0565972152198,7.319893632468485,21.326656662171057,2566.2305147110433,944.6257048023748,31964.739383726006,42618.90717995762,True,1,30
1421,newsecondary1421 26-01-31 16-17-29.fits,2026-01-31 16:17:29,1161.8277010048023,1126.0293957430451,3.161551024366159,8.267772537494086,7.444883725565563,19.46911649904747,2607.2786654209754,1072.1408540612722,31988.744117089525,42650.85787215436,True,1,29
1422,newsecondary1422 26-01-31 16-18-29.fits,2026-01-31 16:18:29,1163.073060137628,1124.5520448965333,2.940023080768996,8.300570982046859,6.9232252834484775,19.546350933726174,2751.945427434391,1010.6916087993578,31892.161811100694,42522.49747907222,True,1,32
1423,newsecondary1423 26-01-31 16-19-29.fits,2026-01-31 16:19:29,1159.9142755309274,1127.011524617603,3.421853577722178,8.251470313063828,8.057849395981055,19.430727694180508,2360.3902055757117,946.4068032559587,31965.02476460218,42620.37814760322,True,1,31
1424,newsecondary1424 26-01-31 16-20-29.fits,2026-01-31 16:20:29,1161.022335370304,1125.7261154229047,4.251479194702084,7.589307776807539,10.011468428716505,17.871454080735663,2017.8628095677539,1159.2816214908166,31941.682053357403,42588.62670824839,True,1,28
1425,newsecondary1425 26-01-31 16-21-29.fits,2026-01-31 16:21:29,1161.7653168937495,1124.8001099164778,4.245259475187291,6.789554906313941,9.996822108528601,15.988179990226298,2040.756144943859,1313.6734087027935,31838.697425647093,42451.26683966585,True,1,25
1426,newsecondary1426 26-01-31 16-22-29.fits,2026-01-31 16:22:29,1160.062614615957,1126.5462940302305,2.973945360058269,9.267598052380153,7.003106146691996,21.82352566303457,2815.103160705673,911.8175960852429,31972.142207126108,42629.42185750969,True,1,29
1427,newsecondary1427 26-01-31 16-23-29.fits,2026-01-31 16:23:29,1163.3391489730955,1125.2221417697294,3.584645771462702,6.746111968019882,8.441195716975802,15.885879688316404,2294.6027117400317,1265.576445588317,31979.92559237185,42639.49799823966,True,1,30
1428,newsecondary1428 26-01-31 16-24-29.fits,2026-01-31 16:24:29,1163.512188508645,1126.0140443934274,3.729872369038376,8.163532831758797,8.783178220018643,19.223650750493885,2276.2910190059865,1108.3219367694091,31954.917838227568,42605.83820583983,True,1,30
1429,newsecondary1429 26-01-31 16-25-29.fits,2026-01-31 16:25:29,1162.9901042288573,1124.6039948737966,3.2815957589478457,7.403567233025082,7.727567472858938,17.434068525061782,2561.3147863751183,1131.981119374517,31963.37626878069,42617.86661753101,True,1,28
1430,newsecondary1430 26-01-31 16-26-29.fits,2026-01-31 16:26:29,1162.1860179274327,1124.288565447226,3.690355267383847,7.986654836146734,8.69012255692103,18.8071349009017,2295.33556855512,1017.6337407121398,31938.767108501626,42585.46522895104,True,1,28
1431,newsecondary1431 26-01-31 16-27-30.fits,2026-01-31 16:27:30,1162.8010467657705,1124.6226711569745,3.053277267656561,8.058657419784032,7.189918512914997,18.976688028144828,2803.222684877177,1032.37282687043,31847.263012438816,42463.32613581396,True,1,30
1432,newsecondary1432 26-01-31 16-28-29.fits,2026-01-31 16:28:29,1162.7809108112153,1123.921846755813,3.145981019126399,9.208941198678177,7.408219165125739,21.68539932815871,2623.2221269037686,954.4146326523836,31992.512647330463,42655.99170390106,True,1,30
1433,newsecondary1433 26-01-31 16-29-29.fits,2026-01-31 16:29:29,1162.5484142109697,1124.867936504277,3.353436917252367,8.144457368604186,7.896740472492667,19.178731467489158,2475.5351179630493,1068.2692870353587,31933.885068635493,42577.99904660922,True,1,28
1434,newsecondary1434 26-01-31 16-30-29.fits,2026-01-31 16:30:29,1161.761777895096,1124.9797389826508,3.2732455244104313,7.178114272357283,7.707904173189525,16.903167374069678,2523.584570300735,1059.794919773496,32004.69346783336,42673.76659139735,True,1,31
1435,newsecondary1435 26-01-31 16-31-29.fits,2026-01-31 16:31:29,1161.7097087087704,1125.4402612293657,4.353870312627542,8.802222084356085,10.252581085640502,20.727649005055813,1900.680992586517,939.6216690851065,31962.467921500654,42616.62977498256,True,1,31
1436,newsecondary1436 26-01-31 16-32-29.fits,2026-01-31 16:32:29,1161.376324246051,1125.544770697834,3.076076491520424,8.681352822918296,7.243606582280769,20.44302364539402,2670.5928264350505,1013.2668961847678,31973.68795506827,42630.83404077355,True,1,29
1437,newsecondary1437 26-01-31 16-33-29.fits,2026-01-31 16:33:29,1161.659769456844,1125.8467912727342,3.757801597156623,9.912182722684316,8.848946526233732,23.341406565386478,2189.3646605118074,872.2384196658459,31939.88945710799,42585.979540511915,True,1,29
1438,newsecondary1438 26-01-31 16-34-29.fits,2026-01-31 16:34:29,1162.58332169241,1125.401217609806,3.4588891193350233,8.11901887904898,8.14506143174956,19.118828402369246,2419.2094493675695,1014.278345372043,31991.49116241111,42655.492826013426,True,1,31
1439,newsecondary1439 26-01-31 16-35-29.fits,2026-01-31 16:35:29,1163.388848002075,1126.8125264553794,3.2950890041353533,7.626945997538576,7.7593416370989985,17.96008531737241,2494.6809602156495,1007.4935127860678,31930.214901532083,42574.31112183708,True,1,30
1440,newsecondary1440 26-01-31 16-36-29.fits,2026-01-31 16:36:29,1163.5998176170763,1125.5716337235142,3.534714310076676,6.96475136420914,8.323616110826299,16.400736121096333,2334.1581551414047,1077.1784094745144,31946.697090003006,42596.56099449578,True,1,28
1441,newsecondary1441 26-01-31 16-37-29.fits,2026-01-31 16:37:29,1163.148026962834,1123.0826679217678,4.300027353558467,7.769977782739862,10.125790606340862,18.29689943224096,1994.0218032655846,1157.2699499312587,31967.620870412713,42622.95601547455,True,1,29
1442,newsecondary1442 26-01-31 16-38-29.fits,2026-01-31 16:38:29,1162.7674008722759,1124.4755843789937,3.2835877539671268,5.476186280082318,7.732258262659943,12.89543322266131,2385.784748258371,1444.225921505191,31973.022855153187,42630.6005414069,True,1,7
1443,newsecondary1443 26-01-31 16-39-30.fits,2026-01-31 16:39:30,1161.4660154886876,1125.657348113873,3.5263638161501554,7.830883627974275,8.30395220034222,18.440321737458508,2372.8927591894158,1135.8896330689108,31875.07651570989,42499.422064034,True,1,29
1444,newsecondary1444 26-01-31 16-40-29.fits,2026-01-31 16:40:29,1163.2957123665765,1125.5704765678672,3.1430571312504885,9.2126027650306,7.401333935346122,21.694021658001603,2588.096326199779,937.2222282706886,32007.06085861591,42675.436794901,True,1,29
1445,newsecondary1445 26-01-31 16-41-29.fits,2026-01-31 16:41:29,1161.0581739884635,1124.6362920892893,2.946791726008212,8.326416680261124,6.939164224935486,19.60721290195895,2758.171101966205,1068.782901265803,31923.56934316957,42563.76449820781,True,1,30
1446,newsecondary1446 26-01-31 16-42-29.fits,2026-01-31 16:42:29,1162.0639716212634,1124.11212603134,3.6820787903503716,9.410797535337595,8.670632942900365,22.160734675940823,2203.7076489689666,1016.7870576117639,31970.921548487648,42626.01987273805,True,1,29
1447,newsecondary1447 26-01-31 16-43-29.fits,2026-01-31 16:43:29,1161.9988663128786,1124.0600338889276,3.192975672957715,8.06361594111019,7.518883117977012,18.988364453557377,2538.5055489566707,939.9850224886833,31907.933182527282,42544.5887674941,True,1,30
1448,newsecondary1448 26-01-31 16-44-29.fits,2026-01-31 16:44:29,1164.10200129513,1124.0063558129964,4.21848357875417,8.02518185414475,9.933769690884215,18.897859095158697,2026.0606030556035,1121.9137516479793,31985.025111998937,42646.11132562074,True,1,30
1449,newsecondary1449 26-01-31 16-45-29.fits,2026-01-31 16:45:29,1162.9472059488542,1124.3160361338023,3.6332237895558106,6.337283670212965,8.55558820772933,14.923162617664795,2249.499232787785,1416.6523288143774,31916.07272075465,42553.725912538976,True,1,24
1450,newsecondary1450 26-01-31 16-46-29.fits,2026-01-31 16:46:29,1163.372760616009,1125.7309647760635,3.618546202320838,6.5612130674956095,8.521025131095726,15.450476051057665,2325.1204087212673,1144.7330303933506,31934.738944281224,42580.81590667733,True,1,28
1451,newsecondary1451 26-01-31 16-47-29.fits,2026-01-31 16:47:29,1161.7653493472276,1124.5656591345023,3.3689815866478425,9.145976446507447,7.933345371578512,21.537128667616667,2447.795007488548,987.7355163676591,31963.281210901438,42616.69321335166,True,1,30
1452,newsecondary1452 26-01-31 16-48-29.fits,2026-01-31 16:48:29,1161.9996872126799,1126.3153665947225,3.3171046985586203,6.794574454171873,7.811184635632184,16.00000012213915,2506.141293039559,1185.4224717969594,32015.33914568758,42687.45242274058,True,1,31
1453,newsecondary1453 26-01-31 16-49-29.fits,2026-01-31 16:49:29,1161.964966385352,1125.6933693164078,2.9960703012231287,9.007677335087028,7.055206401642137,21.211459147833896,2758.369418577657,974.7526541697537,31916.62868457679,42554.83958754633,True,1,30
1454,newsecondary1454 26-01-31 16-50-29.fits,2026-01-31 16:50:29,1163.9658399288808,1125.6025516973218,3.4341316826707042,8.039205965592863,8.086762123628837,18.930883353910463,2408.206638601742,1047.4365872106894,32040.312089777464,42720.22211420316,True,1,30
1455,newsecondary1455 26-01-31 16-51-29.fits,2026-01-31 16:51:29,1162.3483012805802,1126.8434682523737,3.407013677964579,9.570438542331724,8.022904102565612,22.536660519219524,2341.66217296987,937.5217436578897,32014.753445790142,42685.05570582463,True,1,30
1456,newsecondary1456 26-01-31 16-52-30.fits,2026-01-31 16:52:30,1162.9163529271443,1128.0096283842186,3.645757868240488,7.699957902147563,8.585103707462004,18.13201521387154,2320.864941493803,1119.893854741016,32016.91073960188,42689.005660770374,True,1,31
1457,newsecondary1457 26-01-31 16-53-29.fits,2026-01-31 16:53:29,1162.731269924099,1125.5704060323128,4.2275423504945895,6.866597950787902,9.955101468161915,16.169602495683794,1972.5557685017936,1206.7647290003292,32018.893545044357,42691.92600564888,True,1,27
1458,newsecondary1458 26-01-31 16-54-29.fits,2026-01-31 16:54:29,1163.2139775975497,1126.358274208888,4.385388627674766,5.9549115001098,10.326801045699305,14.022744966843877,1908.0120521894512,1438.6667299965948,31964.518558188913,42619.10050514784,True,1,1
1459,newsecondary1459 26-01-31 16-55-29.fits,2026-01-31 16:55:29,1160.870450261992,1126.14044587347,3.162984631673724,9.873060380006208,7.448259612790119,23.249280488639503,2618.220260955247,896.4331093947194,31866.046154531905,42487.327669912,True,1,27
1460,newsecondary1460 26-01-31 16-56-29.fits,2026-01-31 16:56:29,1161.2721892774994,1126.5828493008185,2.79751968176913,7.757162591942043,6.58765542299855,18.266721964069358,2944.58213027519,1071.1831620181526,31941.584715739395,42588.68702072546,True,1,30
1461,newsecondary1461 26-01-31 16-57-29.fits,2026-01-31 16:57:29,1160.9588033766172,1126.0637624377434,3.990653313274302,9.741660105960571,9.3972704148675,22.939856489394277,2068.13656304172,909.7222199781066,32012.268231231414,42682.2390674721,True,1,28
1462,newsecondary1462 26-01-31 16-58-29.fits,2026-01-31 16:58:29,1161.7615102407003,1126.4633395779776,3.6206827059024027,7.337862061434141,8.526056212555876,17.279344669937238,2304.0560742844627,1148.2998220980487,31980.297478878176,42640.28857262385,True,1,29
1463,newsecondary1463 26-01-31 16-59-29.fits,2026-01-31 16:59:29,1163.0554995537768,1126.1427229603444,3.6467030420237574,7.708258870930789,8.587329421632884,18.151562501555453,2280.405929703799,1122.6432936825645,32008.342195759615,42677.35420704717,True,1,30
1464,newsecondary1464 26-01-31 17-00-29.fits,2026-01-31 17:00:29,1162.5906232740351,1124.398659307712,3.364099689283308,8.82609674908967,7.921849381806722,20.783869544138852,2477.210928606635,936.7423012237314,31960.655015981978,42614.291539714446,True,1,31
1465,newsecondary1465 26-01-31 17-01-29.fits,2026-01-31 17:01:29,1162.764557190228,1125.015111307851,3.667773471186369,9.090460620558154,8.636946490582407,21.406398887854824,2359.839524072278,1031.6021491954605,31953.740060917567,42604.05529572342,True,1,29
1466,newsecondary1466 26-01-31 17-02-29.fits,2026-01-31 17:02:29,1161.9320781759156,1126.0641515717612,3.4708191200097334,7.04025456716291,8.1731544364756,16.57853257687591,2416.2978955824988,1195.598375655268,31999.923641752022,42666.525162219696,True,1,8
1467,newsecondary1467 26-01-31 17-03-29.fits,2026-01-31 17:03:29,1163.1375575944687,1125.9326624084972,4.086244759873923,6.20785100453546,9.622371069453791,14.618371982045616,1991.182984083691,1333.2775458445587,31976.490322805712,42635.13948981314,True,1,29
1468,newsecondary1468 26-01-31 17-04-30.fits,2026-01-31 17:04:30,1163.9172535088585,1124.0623533948485,3.2547609925970633,9.293683379420528,7.664376427152394,21.884951914030434,2490.4675238411733,923.4894001691187,31928.8142672072,42571.13763712327,True,1,30
1469,newsecondary1469 26-01-31 17-05-30.fits,2026-01-31 17:05:30,1163.3475863528595,1122.3335506898798,2.999740311189301,8.893868986154207,7.063848614675944,20.943460966475012,2765.1719855478564,978.1473351632318,31995.95641400876,42660.753370109625,True,1,27
1470,newsecondary1470 26-01-31 17-06-29.fits,2026-01-31 17:06:29,1163.3556587514831,1123.4636820104956,3.357061127691566,6.503952338550679,7.905274835882303,15.315637338745058,2523.1170128422027,1256.8908701679147,31991.15826068366,42655.2587035211,True,1,28
1471,newsecondary1471 26-01-31 17-07-29.fits,2026-01-31 17:07:29,1163.2359338939693,1124.397126972949,3.4969866394627673,8.273604016764185,8.234774235812342,19.48284858332488,2378.531263056993,1001.6652392011202,31940.421156609533,42587.267291657285,True,1,32
1472,newsecondary1472 26-01-31 17-08-29.fits,2026-01-31 17:08:29,1165.2251441559367,1122.42224707981,3.49174101171584,7.8935751706817365,8.222421726445107,18.58794903887995,2342.6407992527147,1047.3923540810133,31943.314060193963,42590.972234483816,True,1,26
1473,newsecondary1473 26-01-31 17-09-29.fits,2026-01-31 17:09:29,1162.3822106710916,1123.4652043985243,4.167269820691498,7.795974321085412,9.813170506816869,18.358116601838475,2052.815786939145,1086.5778287440426,31979.28345074249,42639.152530815314,True,1,30
1474,newsecondary1474 26-01-31 17-10-29.fits,2026-01-31 17:10:29,1161.7424082076584,1125.2924210322942,3.831647910499266,8.05175471348113,9.022841305144624,18.96043339697779,2148.873203811499,981.0550559945754,31971.382372986656,42628.941154741806,True,1,29
1475,newsecondary1475 26-01-31 17-11-29.fits,2026-01-31 17:11:29,1161.6116724615977,1125.5632498746588,3.0755812487618024,6.382306769606952,7.242440374705611,15.029183914607176,2645.395844956697,1494.2330544456902,31892.203606014118,42521.13228090168,True,1,17
1476,newsecondary1476 26-01-31 17-12-29.fits,2026-01-31 17:12:29,1161.7024949797917,1123.5417573661036,3.3310685714719788,10.543106155763292,7.844067043474825,24.827117712480593,2437.611143220401,875.9037525358547,31991.42035290148,42653.789569916815,True,1,29
1477,newsecondary1477 26-01-31 17-13-29.fits,2026-01-31 17:13:29,1164.0012324637432,1126.3124821803963,3.661065180659293,8.15847164238202,8.621149673581357,19.21173256029775,2276.149933074045,1034.0880584681445,31957.452134442654,42609.802795616946,True,1,30
1478,newsecondary1478 26-01-31 17-14-29.fits,2026-01-31 17:14:29,1161.9217524841265,1124.8006107275712,3.3692518588928766,7.919489140310618,7.9339818140787335,18.648971774008363,2440.927093936002,1093.5477394611082,31898.100788211024,42530.238553563926,True,1,29
1479,newsecondary1479 26-01-31 17-15-29.fits,2026-01-31 17:15:29,1163.1024547175828,1124.2703015811664,2.8830553742929426,7.074111231192101,6.7890765863192275,16.658258927989728,2872.7879237848642,1282.6864374008956,31952.179045244546,42601.884871120965,True,1,31
1480,newsecondary1480 26-01-31 17-16-29.fits,2026-01-31 17:16:29,1160.636139884307,1126.1913387729746,4.265068767734796,7.577996878749361,10.043469427697348,17.844818951260965,1932.1039844830364,1047.8149927535064,31938.202156027968,42584.65664722456,True,1,28
1481,newsecondary1481 26-01-31 17-17-29.fits,2026-01-31 17:17:29,1160.4954508148994,1125.0208305301644,3.6032032778084,6.187068129160516,8.484895304904441,14.569432050519318,2277.1792010583526,1406.886038178635,31996.027301371745,42660.725851215975,True,1,29
1482,newsecondary1482 26-01-31 17-18-29.fits,2026-01-31 17:18:29,1162.9883446634217,1129.2050649774658,3.101515608549301,7.541476585905935,7.303511124988257,17.758820233622863,2632.2523565343913,1185.3994899888135,31912.479150277202,42548.97201088313,True,1,25
1483,newsecondary1483 26-01-31 17-19-29.fits,2026-01-31 17:19:29,1162.9885678654255,1125.0760737363905,3.123032886948044,9.2985182019361,7.354180443476129,21.896337051004267,2645.9165260393393,932.1895424263164,31955.6836488622,42607.05637465792,True,1,31
1484,newsecondary1484 26-01-31 17-20-30.fits,2026-01-31 17:20:30,1162.1971177217613,1126.907804573616,3.3492160814003005,8.200708136971057,7.886801163621435,19.311191904387858,2462.3551202300882,1075.710668263335,31976.12922008746,42634.09802210357,True,1,31
1485,newsecondary1485 26-01-31 17-21-30.fits,2026-01-31 17:21:30,1162.0803828522583,1125.942689062497,2.766161748166768,8.992156907188493,6.5138131323809585,21.17491133311097,2955.0092554403172,967.9601648840911,31955.240253217966,42606.30359190355,True,1,30
1486,newsecondary1486 26-01-31 17-22-30.fits,2026-01-31 17:22:30,1161.390977236416,1124.4431559299792,2.843395727567535,8.137117094242276,6.695685255231391,19.161446442285705,2931.237836678884,1001.4255806883683,31953.595710905644,42605.03405086326,True,1,29
1487,newsecondary1487 26-01-31 17-23-30.fits,2026-01-31 17:23:30,1163.9594427437823,1123.5186717813417,4.318076741939611,9.195393845452468,10.16829366790133,21.653497749225696,1904.3470129335349,1026.6378454988317,31922.78074983078,42562.138157615904,True,1,28
1488,newsecondary1488 26-01-31 17-24-30.fits,2026-01-31 17:24:30,1162.6531308784722,1125.1866927247343,3.987874749916382,6.009434642260595,9.39072739817588,14.15113715489864,2083.222499946587,1408.5863639867541,31974.671627594533,42632.6928362452,True,1,22
1489,newsecondary1489 26-01-31 17-25-30.fits,2026-01-31 17:25:30,1163.7710702036397,1124.1591897859535,3.0794854991050746,8.2469630552972,7.251634181674767,19.42011391324353,2599.2322020086403,979.968825240905,31980.51821010036,42640.59105713655,True,1,31
1490,newsecondary1490 26-01-31 17-26-30.fits,2026-01-31 17:26:30,1163.2048717085875,1125.1822867624248,3.1182124723255957,8.929748332132775,7.342829234497827,21.027950369587945,2539.97697668259,984.5384821168986,31972.9460004222,42629.47094860557,True,1,29
1491,newsecondary1491 26-01-31 17-27-30.fits,2026-01-31 17:27:30,1161.9801837100038,1123.0920363774485,3.944588226428174,8.069384619716555,9.288795424986144,19.00194865357299,2114.430788137344,1057.6416186573783,31974.868178821016,42632.907478530484,True,1,32
1492,newsecondary1492 26-01-31 17-28-30.fits,2026-01-31 17:28:30,1161.633487939466,1123.9029470518265,3.7584603054070405,7.646752825006923,8.850497665625642,18.00672683172334,2224.7521465325713,1182.5965814167375,31987.875567189792,42649.62217122406,True,1,28
1493,newsecondary1493 26-01-31 17-29-30.fits,2026-01-31 17:29:30,1162.8355638300493,1124.5894103871174,2.977534979788574,6.029531672627994,7.011559055186957,14.198462044853388,2684.9112653248244,1398.5729343428677,31980.35029620166,42639.90188058304,True,1,27
1494,newsecondary1494 26-01-31 17-30-30.fits,2026-01-31 17:30:30,1159.2882955753098,1123.5881172678514,2.6961118160148683,6.725256259219404,6.348858147996607,15.83676824717971,3022.206544194203,1217.6707827969599,31999.18228183269,42665.523585296476,True,1,28
1495,newsecondary1495 26-01-31 17-31-30.fits,2026-01-31 17:31:30,1163.65545586198,1124.7525238492333,3.242981864416317,8.760813142099712,7.636638699999383,20.630138397786975,2578.764251212608,1022.25371838459,31939.11664901404,42584.72438476926,True,1,30
1496,newsecondary1496 26-01-31 17-32-30.fits,2026-01-31 17:32:30,1161.7309342977094,1125.1629453513742,3.3439699332918744,7.207526702540633,7.874447428896512,16.972428354238502,2442.3655452717503,1162.2135057562018,31920.567852304746,42560.48701876486,True,1,29
1497,newsecondary1497 26-01-31 17-33-31.fits,2026-01-31 17:33:31,1162.239109058541,1125.3031926941153,3.0649564852651223,8.6283225600531,7.217420968649916,20.318146919405795,2710.4874403950216,882.3678309786054,31928.879676025837,42572.734644676704,True,1,30
1498,newsecondary1498 26-01-31 17-34-30.fits,2026-01-31 17:34:30,1159.053357992957,1126.7408236846863,3.223416268864777,8.811871350718688,7.590565243401649,20.750371290906312,2608.972439760971,1012.9811472505844,31952.072433252517,42602.09731758283,True,1,31
1499,newsecondary1499 26-01-31 17-35-30.fits,2026-01-31 17:35:30,1161.6419553887897,1124.977151426116,3.436200374655061,9.665178637568072,8.091633520980595,22.759756394550216,2379.771034632207,947.7045143332823,31986.629773472316,42647.57302109801,True,1,32
1500,newsecondary1500 26-01-31 17-36-30.fits,2026-01-31 17:36:30,1161.1195529884092,1125.0044271455479,3.1211842336123423,7.696439435430728,7.349827197544905,18.12372985791896,2638.157875244593,1073.0270300775176,32001.939035374606,42669.220700280275,True,1,27
1501,newsecondary1501 26-01-31 17-37-30.fits,2026-01-31 17:37:30,1162.808508988994,1123.9937121855392,4.122976626055189,8.516120257867712,9.708868004228833,20.053930689121024,2052.100907214521,953.5841206647221,31977.63580615021,42637.28604932692,True,1,27
1502,newsecondary1502 26-01-31 17-38-30.fits,2026-01-31 17:38:30,1159.906708466372,1126.7775130010368,3.426907865868057,5.12040521209121,8.069751335020333,12.057632832113331,2391.1521888885136,1612.9616502371955,31846.304799603244,42461.65623135011,True,1,5
1503,newsecondary1503 26-01-31 17-39-30.fits,2026-01-31 17:39:30,1161.956150556705,1125.4146230614776,4.513217542802131,9.115452535268771,10.627815137375785,21.465250349579087,1820.904043751019,849.7438977805576,31959.634717496298,42613.45532825201,True,1,30
1504,newsecondary1504 26-01-31 17-40-30.fits,2026-01-31 17:40:30,1160.5969591053022,1125.8535167737325,3.4928406952032804,9.701938098584629,8.225011283164521,22.846318310196537,2373.64347354544,941.1768408645236,31918.509317235355,42556.9286918224,True,1,32
1505,newsecondary1505 26-01-31 17-41-30.fits,2026-01-31 17:41:30,1161.441110524224,1125.5330498144056,3.6801673156558428,8.480833037499973,8.66613176397412,19.97083563526565,2264.9455588828646,986.577184795174,31924.711537131196,42566.24128093316,True,1,28
1506,newsecondary1506 26-01-31 17-42-30.fits,2026-01-31 17:42:30,1160.265465270934,1121.6950267444756,3.2172778018889847,6.493273658046861,7.576110258321292,15.290490967840187,2592.968138398393,1371.156930626057,31949.06248374598,42598.02661696707,True,1,27
1507,newsecondary1507 26-01-31 17-43-30.fits,2026-01-31 17:43:30,1161.413886703618,1123.9400705438702,2.9149278626831583,8.004403781923696,6.864130560865524,18.84893047419546,2782.9715217979747,1143.1298423388434,31943.92663089586,42590.563872719795,True,1,26
1508,newsecondary1508 26-01-31 17-44-31.fits,2026-01-31 17:44:31,1160.8567176902607,1122.710741338855,3.277059428895722,10.762412679235338,7.716885231921321,25.34354510995862,2470.521510421795,797.1843748898639,32004.13164454074,42671.55198742909,True,1,29
1509,newsecondary1509 26-01-31 17-45-30.fits,2026-01-31 17:45:30,1160.5255662315985,1121.5867139185282,3.0858823365293384,7.855142496965008,7.266697582666228,18.497447008427663,2597.255465664587,1003.6665481823204,31868.557026849354,42491.578129373615,True,1,29
1510,newsecondary1510 26-01-31 17-46-30.fits,2026-01-31 17:46:30,1160.883198139071,1124.1424163430772,2.8862685074611476,9.05303008966374,6.796642936711071,21.318256723408506,2771.7608417399774,1043.4222851196898,31957.517692294532,42608.15897893434,True,1,29
1511,newsecondary1511 26-01-31 17-47-30.fits,2026-01-31 17:47:30,1161.780453223864,1123.1442803000398,3.465321222520623,9.293112050812423,8.160207877262717,21.88360653797177,2386.3294453921394,878.9398314878919,31994.63606981637,42659.64539272821,True,1,30
1512,newsecondary1512 26-01-31 17-48-30.fits,2026-01-31 17:48:30,1161.3546507464225,1122.5539692789912,3.980598439663248,6.9360410791191764,9.373592996937937,16.333128566267934,2092.072223427483,1252.5194496326822,31991.327373891483,42654.63919792125,True,1,26
1513,newsecondary1513 26-01-31 17-49-30.fits,2026-01-31 17:49:30,1160.9775100856855,1123.809612508879,3.7286697008614387,7.453380603995278,8.78034615288807,17.551370049532963,2183.63437559345,1111.836522699531,31981.620719098926,42641.974135675715,True,1,29
1514,newsecondary1514 26-01-31 17-50-30.fits,2026-01-31 17:50:30,1161.1941293166242,1124.7912547645483,3.1081450123500445,7.5689134685244905,7.319122177944852,17.8234291547862,2640.876446914199,1091.6666579395273,31959.96065826306,42613.21059988285,True,1,29
1515,newsecondary1515 26-01-31 17-51-30.fits,2026-01-31 17:51:30,1160.8729479854107,1125.2125331597704,3.2931276453370657,7.389415968132419,7.754722990085293,17.40074484283,2421.514378531218,1136.2855243643367,31999.370082530102,42665.28247410516,True,1,30
1516,newsecondary1516 26-01-31 17-52-30.fits,2026-01-31 17:52:30,1160.6995058514333,1123.6601089410697,3.78992931565725,7.991571841859607,8.92460152176012,18.818713564515907,2214.494349528681,1039.1575443167126,31981.542217487764,42642.170113189066,True,1,29
1517,newsecondary1517 26-01-31 17-53-30.fits,2026-01-31 17:53:30,1161.5634045903382,1124.051590145921,3.623710623478921,8.21973153506032,8.533186413559761,19.35598858353306,2294.699245280323,1059.8426051971146,31988.74558975795,42651.14979556959,True,1,27
1518,newsecondary1518 26-01-31 17-54-30.fits,2026-01-31 17:54:30,1163.049282815333,1126.0536863739985,3.658257490237129,7.918742259011632,8.614538067895003,18.647213002954253,2196.37463679136,1081.781221986694,32009.7621460347,42678.99760960447,True,1,30
1519,newsecondary1519 26-01-31 17-55-30.fits,2026-01-31 17:55:30,1158.6899203968767,1124.9765761338788,3.098878288388196,8.362050494239323,7.297300710607723,19.691124121395717,2639.884215810148,1052.0653429153638,31996.516619021488,42661.226918429194,True,1,28
1520,newsecondary1520 26-01-31 17-56-31.fits,2026-01-31 17:56:31,1161.5069726090821,1123.2323870479952,3.0717523619541724,7.191461042488295,7.23342403530085,16.934596615910603,2692.9324541423657,1224.1216135231186,31976.17365613279,42634.21326771951,True,1,31
1521,newsecondary1521 26-01-31 17-57-30.fits,2026-01-31 17:57:30,1159.280544668314,1124.5744503951937,3.935930030361284,8.395515138137506,9.268406931334026,19.76992733564698,2194.2198261712356,1104.2188378759042,31923.114204081692,42563.33453566632,True,1,29
1522,newsecondary1522 26-01-31 17-58-30.fits,2026-01-31 17:58:30,1162.6948827591223,1126.45331334102,3.316877418319768,7.29919570643324,7.810649431569895,17.188292362112833,2467.8382658970127,1148.0192114762126,31964.0767560145,42618.51873203078,True,1,21
1523,newsecondary1523 26-01-31 17-59-30.fits,2026-01-31 17:59:30,1159.5047480676164,1124.9653080827877,3.637569222979965,9.257895706538699,8.565820921460878,21.80067838456329,2243.1929601361885,877.0188784943143,31970.808059642866,42627.796198125005,True,1,30
1524,newsecondary1524 26-01-31 18-00-30.fits,2026-01-31 18:00:30,1161.0742124995083,1124.4907141631393,3.105956798527663,7.215254733935658,7.313969328173095,16.990626477476138,2630.1369004017074,1166.2398076115378,31958.12311884328,42610.514110829485,True,1,28
1525,newsecondary1525 26-01-31 18-01-30.fits,2026-01-31 18:01:30,1162.7907504037048,1121.5953036044598,3.200348675032436,8.30155718524079,7.53624521105462,19.54867326477572,2540.8192042646074,1069.1828822918928,31959.27366267126,42611.40507244797,True,1,26
1526,newsecondary1526 26-01-31 18-02-30.fits,2026-01-31 18:02:30,1159.6738371432389,1125.358430117003,4.1016163908400305,8.553713317645462,9.6585684941776,20.14245557983972,2021.36178499475,1018.8576652860946,31974.21756147043,42631.74315497159,True,1,27
1527,newsecondary1527 26-01-31 18-03-30.fits,2026-01-31 18:03:30,1158.6382141410222,1124.417492638439,3.478875572340173,7.985417912288907,8.192125931915156,18.80422216780711,2387.417144967503,1048.1601087376976,32010.182149196193,42680.15973766336,True,1,30
1528,newsecondary1528 26-01-31 18-04-30.fits,2026-01-31 18:04:30,1160.1090170229825,1125.4332565689658,3.4983539293739425,7.386363180873212,8.237993957502546,17.393556078198802,2280.11310036793,1002.9183546971461,31995.012932894708,42660.750565852744,True,1,30
1529,newsecondary1529 26-01-31 18-05-30.fits,2026-01-31 18:05:30,1161.6788368836912,1123.7524512113357,3.36787684491598,8.304246087397484,7.93074390360374,19.555005145473427,2439.4493493228406,976.829284820562,31953.829140112026,42605.23953469497,True,1,27
1530,newsecondary1530 26-01-31 18-06-30.fits,2026-01-31 18:06:30,1160.6478107383166,1123.4582946803735,3.0742554864229756,9.6047149551387,7.239318442975194,22.617375303169148,2566.439912093669,833.3043009531476,31979.371131818767,42639.01482694485,True,1,28
1531,newsecondary1531 26-01-31 18-07-30.fits,2026-01-31 18:07:30,1161.7017208095765,1124.9936998567946,3.5658629913880966,8.806534221040593,8.396965649954714,20.737803310957407,2258.070049484559,943.2963684132231,32011.357912148298,42681.48148574062,True,1,31
1532,newsecondary1532 26-01-31 18-08-30.fits,2026-01-31 18:08:30,1159.3776958896217,1126.1714854748134,4.000913086789867,9.044710717071814,9.421430335199428,21.29866609806696,1931.5720580828045,904.9085759176987,32005.818922262864,42673.83650148836,True,1,28
1533,newsecondary1533 26-01-31 18-09-30.fits,2026-01-31 18:09:30,1159.227643283432,1128.2297488940033,3.0739178823713567,7.103352968047219,7.238523446187158,16.72711795608768,2686.645481876284,1172.541992345322,31956.50615016548,42608.584024700824,True,1,28
1534,newsecondary1534 26-01-31 18-10-30.fits,2026-01-31 18:10:30,1161.3391862790425,1126.0779954704626,3.110179003683494,8.103383274247667,7.323911861508279,19.082009366766933,2606.571053004485,926.9132009167911,32001.80054352634,42669.835587177,True,1,29
1535,newsecondary1535 26-01-31 18-11-30.fits,2026-01-31 18:11:30,1158.5770672152855,1125.433875699813,3.120803822703641,7.5217317769430965,7.3489313983117475,17.712324761691864,2578.8798318888726,1162.9296421874205,31999.533645588905,42665.14347156921,True,1,32
1536,newsecondary1536 26-01-31 18-12-30.fits,2026-01-31 18:12:30,1159.5162055550609,1126.933394000505,3.5618502102957748,7.800480671247767,8.387516272602193,18.368728245530715,2296.1117688437203,1029.6905897008025,32004.32244437241,42672.61859935507,True,1,29
1537,newsecondary1537 26-01-31 18-13-30.fits,2026-01-31 18:13:30,1159.2191548537485,1125.7081686482081,3.2573688889234256,5.42716934459897,7.670517553697074,12.780007160439133,2518.9828822385716,1456.528083988454,31952.416463011166,42603.60933292132,True,1,7
1538,newsecondary1538 26-01-31 18-14-30.fits,2026-01-31 18:14:30,1159.9713368376156,1126.62217001074,3.367225561469649,5.64213770448128,7.929210248289322,13.286218963337426,2356.746216644191,1366.3407767280473,32033.2222838613,42711.25524435625,True,1,13
1539,newsecondary1539 26-01-31 18-15-31.fits,2026-01-31 18:15:31,1162.3273845433157,1124.9560374156642,3.0890874227924714,7.717527116120957,7.2742449840447065,18.173387551111524,2645.2634881249237,1037.503927797271,31978.880097204823,42638.7188866322,True,1,30
1540,newsecondary1540 26-01-31 18-16-31.fits,2026-01-31 18:16:31,1159.756179972989,1124.0819917695494,3.0196377252893707,7.644325559171862,7.110703444243069,18.00101105748032,2690.5079703357023,1082.0016231668185,32016.003954896914,42687.8159694922,True,1,30
1541,newsecondary1541 26-01-31 18-17-31.fits,2026-01-31 18:17:31,1161.1527469928672,1125.6584852391213,3.0009960354482175,8.011052806975144,7.066805619331872,18.86458773166652,2788.6778433218838,1109.0709597462503,32009.078897122366,42678.10650396677,True,1,28
1542,newsecondary1542 26-01-31 18-18-31.fits,2026-01-31 18:18:31,1160.3288292499603,1124.9216181680256,3.1246570257105017,10.36861390397398,7.358004997989876,24.416219860264533,2654.7052490088495,852.4339410685393,31951.607796935834,42601.44291116401,True,1,28
1543,newsecondary1543 26-01-31 18-19-31.fits,2026-01-31 18:19:31,1159.4673360303266,1125.5330806768543,3.024160172416377,10.298922351930806,7.121352993390336,24.25210879654395,2720.681544012996,867.6302418104121,31928.5806412468,42570.52810220293,True,1,31
1544,newsecondary1544 26-01-31 18-20-31.fits,2026-01-31 18:20:31,1157.7798103383918,1125.066358956788,3.1948165700381184,7.216292543146,7.523218099322785,16.99307033140757,2613.1075922773557,1161.365078801627,32027.374871109365,42703.12478117296,True,1,30
1545,newsecondary1545 26-01-31 18-21-31.fits,2026-01-31 18:21:31,1157.954199241496,1124.6343451911669,3.2964789111366186,9.424702750791116,7.762614617966307,22.19347895602125,2338.4876895611333,883.201138780552,31958.77043431101,42610.90074909059,True,1,31
1546,newsecondary1546 26-01-31 18-22-31.fits,2026-01-31 18:22:31,1158.8599248122778,1124.5552257070162,3.972621193515573,9.11995030795523,9.354808017805246,21.475841794859157,2091.8746370577237,950.2024757348252,32031.688022280432,42708.45887970664,True,1,31
1547,newsecondary1547 26-01-31 18-23-31.fits,2026-01-31 18:23:31,1160.6742013467995,1125.9711083051611,4.063385905574121,6.432260793007767,9.568542581142175,15.14681665024136,2039.1654625734238,1252.196704790058,31992.030975355785,42656.33974967877,True,1,29
1548,newsecondary1548 26-01-31 18-24-31.fits,2026-01-31 18:24:31,1157.9267812768749,1123.6920840911264,3.818949083960971,9.818686688204364,8.992937853863877,23.121240229262185,2066.199279952224,874.2892306848562,31973.062470520625,42629.85554013179,True,1,29
1549,newsecondary1549 26-01-31 18-25-31.fits,2026-01-31 18:25:31,1160.940769664913,1124.2775770411827,2.8409881175901495,7.240193459725258,6.690015766996027,17.049352688863017,2890.076713146212,1189.966669973476,32001.80011319509,42668.54471247648,True,1,31
1550,newsecondary1550 26-01-31 18-26-31.fits,2026-01-31 18:26:31,1159.295976499706,1123.810406289832,4.047138469737114,9.334531414081006,9.53028279355284,21.981141684849046,2075.60281398052,1036.1168870639501,32006.560837512283,42673.775066549264,True,1,28
1551,newsecondary1551 26-01-31 18-27-31.fits,2026-01-31 18:27:31,1160.5541045677014,1123.5368652372727,3.674963101495227,6.866035586160926,8.653876776150067,16.16827822818757,2308.2522120399663,1193.1540544215557,32015.99418201684,42688.36682308482,True,1,29
1552,newsecondary1552 26-01-31 18-28-31.fits,2026-01-31 18:28:31,1161.572130552339,1121.9774171327454,2.964033530991362,7.606970410166915,6.979765572922323,17.913046403818353,2729.8797965776807,1177.413727380936,32026.37065179592,42700.71206533183,True,1,31
1553,newsecondary1553 26-01-31 18-29-31.fits,2026-01-31 18:29:31,1160.982213462992,1123.9352905487278,3.131280440384232,8.590492368910056,7.373601947630128,20.229063626994805,2609.8701104736692,1013.9060538316779,32012.885896644293,42683.15452028892,True,1,31
1554,newsecondary1554 26-01-31 18-30-31.fits,2026-01-31 18:30:31,1159.990431379783,1121.8518153305552,3.188381306407612,7.632899105754133,7.50806421153061,17.97410381592864,2560.618073692043,1028.1846638727627,32031.18222155208,42708.650672088166,True,1,29
1555,newsecondary1555 26-01-31 18-31-31.fits,2026-01-31 18:31:31,1162.4755631971743,1122.6949109367736,3.6688687039049666,8.55101369657207,8.639525566542135,20.136098458022108,2185.168363335689,955.5755127202317,31952.281682450288,42602.843616730475,True,1,29
1556,newsecondary1556 26-01-31 18-32-31.fits,2026-01-31 18:32:31,1160.138322168295,1122.9807465164538,2.8942979081913878,9.302301614533556,6.8155507305002265,21.905246306827383,2800.9701754925336,953.1447471045268,32015.940648272197,42686.94142526499,True,1,29
1557,newsecondary1557 26-01-31 18-33-31.fits,2026-01-31 18:33:31,1158.8022144706854,1121.1893363824825,3.325233016417922,7.669707702164823,7.830325361459651,18.060781436585987,2568.3318819747024,1186.7357931408894,31993.619073150014,42657.43460815984,True,1,29
1558,newsecondary1558 26-01-31 18-34-31.fits,2026-01-31 18:34:31,1161.4799089810576,1122.883253674572,3.1651071439897223,6.349992971625294,7.453257747337657,14.953090735388887,2606.0636832879954,1244.4840829614845,32040.819888083304,42721.53932986771,True,1,31
1559,newsecondary1559 26-01-31 18-35-31.fits,2026-01-31 18:35:31,1160.0060137140708,1121.9623026153092,3.8766605080455876,7.838939229825475,9.128837872125613,18.4592912301725,2130.184571746887,1063.3974532423172,31967.47193583088,42623.19546152096,True,1,28
1560,newsecondary1560 26-01-31 18-36-32.fits,2026-01-31 18:36:32,1158.4568705106194,1123.2716034842747,3.57181794705951,7.93177543911728,8.410988498937028,18.677903796717533,2268.365405318786,1016.240724787445,31995.36644514138,42660.54222689394,True,1,29
1561,newsecondary1561 26-01-31 18-37-31.fits,2026-01-31 18:37:31,1160.6980964367467,1120.862456927321,3.0982128766826027,8.291654360626046,7.295733785785194,19.52535389487049,2681.334678528488,921.8663053221464,31971.773369036488,42629.88675037141,True,1,29
1562,newsecondary1562 26-01-31 18-38-31.fits,2026-01-31 18:38:31,1160.5983900474616,1121.7111146983857,3.406807608967284,8.480173819977695,8.02241884716012,19.969283296630152,2382.224147057265,949.5311616895336,31953.235246135686,42604.39565557857,True,1,30
1563,newsecondary1563 26-01-31 18-39-31.fits,2026-01-31 18:39:31,1160.8347468651514,1120.6792546973575,2.8870639568208536,10.003116694711494,6.798516076808113,23.55553970549036,2806.683859573349,911.7316610815523,31977.959722632575,42635.96818593905,True,1,32
1564,newsecondary1564 26-01-31 18-40-31.fits,2026-01-31 18:40:31,1161.8556022483115,1120.316797780428,3.052897845018304,10.308145834767654,7.189025040880891,24.273828438813158,2648.9649948156803,864.6218960903416,32012.606808717803,42682.411163946796,True,1,27
1565,newsecondary1565 26-01-31 18-41-31.fits,2026-01-31 18:41:31,1163.1315743351838,1120.726847617723,3.5614526618825395,7.005347425608151,8.386580117629837,16.496332540228032,2283.5118308400647,1247.9179354647192,31876.035318872302,42500.594551455455,True,1,24
1566,newsecondary1566 26-01-31 18-42-31.fits,2026-01-31 18:42:31,1159.454951649942,1121.0621412060786,3.3781520220156325,8.178429952252754,7.954940096604244,19.258730788446297,2380.622087631402,1009.0162040953478,31993.06421157956,42657.14808713182,True,1,29
1567,newsecondary1567 26-01-31 18-43-31.fits,2026-01-31 18:43:31,1163.0691037285474,1117.6321547297712,3.270497412050008,8.317302992690465,7.701432863117203,19.58575180778341,2505.0024709469135,1011.4639927856534,32020.272834458137,42693.41337826454,True,1,30
1568,newsecondary1568 26-01-31 18-44-31.fits,2026-01-31 18:44:31,1160.6496824154544,1119.0834685412794,2.827423042407425,8.130687597060394,6.658072456043397,19.146306133442337,2878.5852704423633,1080.0715926718533,32018.268366825007,42690.195720444906,True,1,32
1569,newsecondary1569 26-01-31 18-45-31.fits,2026-01-31 18:45:31,1162.3132636816358,1117.5681333398052,4.247042921634186,5.748879851037675,10.001021803970989,13.537577509698055,1986.5373417469461,1403.729423963839,32035.32708505279,42714.24271147851,True,1,23
1570,newsecondary1570 26-01-31 18-46-31.fits,2026-01-31 18:46:31,1161.2812681850326,1118.0953632504993,4.124158612202841,9.171274585286813,9.71165136890227,21.596701231916295,1939.5617223145541,990.7946880493578,32030.367025299725,42705.7534178553,True,1,28
1571,newsecondary1571 26-01-31 18-47-31.fits,2026-01-31 18:47:31,1161.9980793835666,1118.4738583051314,3.9769508609428654,6.8106649762321,9.365003605451351,16.03789040602158,2087.418934046025,1209.781244539928,32024.292850557114,42699.13726847985,True,1,17
1572,newsecondary1572 26-01-31 18-48-31.fits,2026-01-31 18:48:31,1163.5977136533272,1118.5953631551422,4.077982402472619,7.253527629647535,9.602914704625992,17.080752259479844,2035.1270326803049,1161.1668760066984,32009.579074059762,42679.2797237082,True,1,30
1573,newsecondary1573 26-01-31 18-49-31.fits,2026-01-31 18:49:31,1161.857370023539,1119.6916777623967,3.422036894680291,6.115002023302526,8.058281074428614,14.3997293398776,2463.0687824725255,1228.4019411462764,31924.29643190309,42566.91101305214,True,1,28
1574,newsecondary1574 26-01-31 18-50-32.fits,2026-01-31 18:50:32,1163.2940167324193,1122.009586608785,4.070560513424013,8.030938247820954,9.585437491522338,18.911414366374512,2003.328202900106,1120.3205050870747,31996.372406197286,42660.74346805555,True,1,30
1575,newsecondary1575 26-01-31 18-51-32.fits,2026-01-31 18:51:32,1163.3149174609816,1119.592625580883,3.418913408683038,7.812523422382556,8.050925826991907,18.397086757300237,2444.613385063992,1091.361407882679,32006.297375654154,42674.8460745727,True,1,29
1576,newsecondary1576 26-01-31 18-52-32.fits,2026-01-31 18:52:32,1162.5622112351357,1121.0692402835466,4.2916020264059584,6.386559217559459,10.105950477076192,15.03919766428619,2016.308978481755,1164.4557990131748,32002.36136380737,42671.38350904897,True,1,31
1577,newsecondary1577 26-01-31 18-53-32.fits,2026-01-31 18:53:32,1163.7473111091829,1120.5920828138246,3.0734984524316986,6.876304685940646,7.237535764157766,16.19246011019328,2647.671518963372,1178.338480349895,32004.36729392936,42672.53485467322,True,1,29
1578,newsecondary1578 26-01-31 18-54-32.fits,2026-01-31 18:54:32,1164.5931041310034,1121.8373546820133,3.592790234958573,8.11006242329694,8.460374462871902,19.09773756083191,2249.85584981539,1083.4945822449195,32028.593468984218,42703.88360806233,True,1,29
1579,newsecondary1579 26-01-31 18-55-32.fits,2026-01-31 18:55:32,1163.9950142562143,1120.1744543408872,3.564630609065173,6.987467406430497,8.394063611357552,16.454228312662952,2307.390658948374,1122.9935992449546,31953.09066128305,42604.608428802385,True,1,29
1580,newsecondary1580 26-01-31 18-56-32.fits,2026-01-31 18:56:32,1163.5943234273825,1119.9228507115256,3.715857001436457,7.781604078687839,8.750174551451165,18.324277266988716,2296.9348141289747,1086.7276229587571,31974.385310130667,42632.61509143874,True,1,30
1581,newsecondary1581 26-01-31 18-57-32.fits,2026-01-31 18:57:32,1164.3975142768911,1123.1886158518946,3.8057064701259566,6.379452479894925,8.96175388135658,15.022462575978969,2148.5602667252388,1297.8315800850717,32020.063976737827,42693.2862573395,True,1,1
1582,newsecondary1582 26-01-31 18-58-32.fits,2026-01-31 18:58:32,1162.743748948186,1121.1434058487594,3.323260849817652,8.273684064555585,7.825681264017194,19.48303708146863,2421.0195860877566,999.6879086709,31995.979734570155,42661.015649142864,True,1,31
1583,newsecondary1583 26-01-31 18-59-32.fits,2026-01-31 18:59:32,1166.013849620681,1119.169858805561,3.3357453183030006,9.074449990839582,7.85507994065805,21.368696736059963,2443.4372509050404,986.295602451175,32028.655194482853,42703.84282451682,True,1,32
1584,newsecondary1584 26-01-31 19-00-32.fits,2026-01-31 19:00:32,1165.7105626479995,1119.767030687553,3.3509944371548928,8.462985137417963,7.8909888713995455,19.928807042390822,2523.1762950414923,1053.1760664508458,31956.701034959668,42608.344335541326,True,1,31
1585,newsecondary1585 26-01-31 19-01-32.fits,2026-01-31 19:01:32,1165.0998195492307,1121.0639212294245,3.56871297847372,5.399599974615643,8.403676856672018,12.71508625537352,2398.1712469063,1507.64285967878,32004.318021023595,42672.962639167104,True,1,8
1586,newsecondary1586 26-01-31 19-02-32.fits,2026-01-31 19:02:32,1165.0486966449591,1123.1532894835557,3.1150839569200763,6.899816084829247,7.335462143709722,16.247825223582876,2671.1693088713278,1242.7113777758298,31961.0816184512,42614.44854218405,True,1,30
1587,newsecondary1587 26-01-31 19-03-32.fits,2026-01-31 19:03:32,1165.6747878361623,1123.7204608490429,3.73603764456834,9.111548092118362,8.79769633441974,21.45605608858382,2216.391989351313,946.8451923548675,31958.244137573573,42610.545140196686,True,1,30
1588,newsecondary1588 26-01-31 19-04-32.fits,2026-01-31 19:04:32,1165.2678231730074,1124.8883955618012,3.63999859390289,6.938660305970852,8.571541652806996,16.339296374160742,2315.295610371534,1165.721022001009,31979.602221124194,42639.906909084675,True,1,29
1589,newsecondary1589 26-01-31 19-05-32.fits,2026-01-31 19:05:32,1164.8970790642245,1125.048132602761,3.4430557692182626,7.029835488815487,8.10777674151462,16.55399752233265,2375.0876112183523,1194.2936736330014,31967.5647758869,42623.13844177747,True,1,30
1590,newsecondary1590 26-01-31 19-06-32.fits,2026-01-31 19:06:32,1164.1196164598905,1122.997489803369,3.645201633776353,7.947863061708578,8.583793875396122,18.715787252872413,2266.633104258887,1131.1323745856587,32015.230477710258,42686.03559575084,True,1,29
1591,newsecondary1591 26-01-31 19-07-32.fits,2026-01-31 19:07:32,1164.246766447875,1125.3732199459348,4.06943442127897,6.5155855036239805,9.58278574716664,15.343031349046822,2034.244583155702,1341.0169876370628,31961.962410229073,42615.357668843426,True,1,30
1592,newsecondary1592 26-01-31 19-08-32.fits,2026-01-31 19:08:32,1164.9598031257558,1124.2928922099093,3.6655977311265207,6.268675728802096,8.6318230142767,14.76160326198217,2302.9184910027743,1421.781503650846,31994.787081384344,42659.108645118555,True,1,21
1593,newsecondary1593 26-01-31 19-09-32.fits,2026-01-31 19:09:32,1162.698534747098,1125.0919398357844,3.4684994133603233,8.224940675813327,8.167691944758978,19.368255172595624,2415.4504769758237,1071.5510707113012,31979.833139256647,42639.2160348758,True,1,30
1594,newsecondary1594 26-01-31 19-10-32.fits,2026-01-31 19:10:32,1165.9187291508367,1124.8008730841416,4.068012431871656,7.064025277838054,9.579437218006476,16.63450832285837,2071.642847003565,1139.0864820688944,31948.722017082764,42598.78720477857,True,1,31
1595,newsecondary1595 26-01-31 19-11-33.fits,2026-01-31 19:11:33,1165.2194300461695,1123.3063829860052,3.388617095706962,8.219577027064272,7.979583461905313,19.355624745006846,2442.7714688313895,1116.844665866697,32015.07333748701,42685.600913355425,True,1,29
1596,newsecondary1596 26-01-31 19-12-32.fits,2026-01-31 19:12:32,1164.5146199477558,1120.605419416657,3.7856080759856146,6.2829415407372196,8.91442577996197,14.795196681885642,2162.3161681510333,1393.4368407095062,31962.040717278454,42615.32035216765,True,1,19
1597,newsecondary1597 26-01-31 19-13-32.fits,2026-01-31 19:13:32,1164.9694163041502,1123.9592782003583,2.9279949581849314,9.861629093520873,6.894901219283433,23.222361866083343,2796.2312742455683,874.7275607523549,32005.573824954095,42673.532523590824,True,1,30
1598,newsecondary1598 26-01-31 19-14-32.fits,2026-01-31 19:14:32,1164.7629937224237,1121.141290730638,3.9821751362828715,7.271949780240893,9.377305833742758,17.124133108969662,2089.211663379393,1185.9123960255417,32019.89075559825,42692.79531888637,True,1,28
1599,newsecondary1599 26-01-31 19-15-32.fits,2026-01-31 19:15:32,1163.1406017895624,1120.1427017284286,3.4239652830954315,6.448022341753628,8.06282208212319,15.183932261168845,2453.869026611883,1260.7092008909556,31987.771374843604,42650.71369099542,True,1,26
1600,newsecondary1600 26-01-31 19-16-32.fits,2026-01-31 19:16:32,1165.3976186796463,1120.128254462408,4.13288811995683,7.683002568426502,9.732207788744617,18.092088454154997,2028.6067537738095,1070.3701057091928,31929.761734801734,42573.22240252484,True,1,28
1601,newsecondary1601 26-01-31 19-17-32.fits,2026-01-31 19:17:32,1162.9839716435386,1121.636439338948,3.182302323760318,6.89644099596712,7.493749301339367,16.239877496676577,2494.673533668631,1200.5410184263394,32030.118196743268,42706.38501576894,True,1,28
1602,newsecondary1602 26-01-31 19-18-32.fits,2026-01-31 19:18:32,1163.3333354203082,1119.228031834391,3.3990330226692564,7.404399029668679,8.004111095503703,17.436027256471515,2384.0604470265193,1163.1477933693127,32026.600901732803,42701.478337717985,True,1,28
1603,newsecondary1603 26-01-31 19-19-32.fits,2026-01-31 19:19:32,1165.368459468022,1119.0126363886513,3.416971407862324,6.758712460063186,8.046352764531825,15.91555157955723,2373.3557547026444,1214.785013791556,31982.365364524532,42643.02398287799,True,1,28
1604,newsecondary1604 26-01-31 19-20-32.fits,2026-01-31 19:20:32,1165.8345134931042,1120.7469937616036,2.9234683619242228,8.73070823118331,6.884241899672954,20.559246750107164,2809.4609466980137,995.8318122158005,32032.94951159262,42709.97920735701,True,1,30
1605,newsecondary1605 26-01-31 19-21-32.fits,2026-01-31 19:21:32,1166.6365354450056,1118.2292967548617,3.11206071419616,8.52960744488551,7.32834295114245,20.085690587461617,2685.5071399928624,1018.5002940466214,31953.608005894526,42604.38523562179,True,1,28
1606,newsecondary1606 26-01-31 19-22-32.fits,2026-01-31 19:22:32,1166.036885349927,1117.9525478873647,3.4809951333939404,5.7767171036685445,8.197117116771235,13.603129230191817,2230.6577906621674,1436.7053063752405,32010.902106382408,42680.513574454824,True,1,19
1607,newsecondary1607 26-01-31 19-23-32.fits,2026-01-31 19:23:32,1165.249041414407,1119.957037647263,3.4458267400099207,6.0690620533991035,8.114301879079012,14.291548977880902,2455.6502558697666,1287.0863131961553,31984.59511957503,42646.96538426457,True,1,27
1608,newsecondary1608 26-01-31 19-24-32.fits,2026-01-31 19:24:32,1166.3909745415615,1119.6707746284615,3.5051538269502096,5.174279227580175,8.254006492619297,12.184496443693053,2302.10254334751,1554.9457772474611,31991.715067933124,42655.65039171826,True,1,22
1609,newsecondary1609 26-01-31 19-25-33.fits,2026-01-31 19:25:33,1163.5742171999689,1122.0570654448334,3.7313596110829987,5.61703133315445,8.786680407397133,13.227097976879014,2232.706592546591,1483.5481029403247,31992.435648776835,42656.57815084298,True,1,3
1610,newsecondary1610 26-01-31 19-26-33.fits,2026-01-31 19:26:33,1166.0686833177258,1120.879563708789,3.712492582835805,5.9921569406200295,8.742251951090475,14.110451276743373,2226.29279932971,1238.7882658888175,31999.14524610643,42666.61279003106,True,1,30
1611,newsecondary1611 26-01-31 19-27-33.fits,2026-01-31 19:27:33,1163.1833374079881,1122.0688530894454,3.922700668206588,3.953052699495396,9.237254164149173,9.308727735835463,2031.702554968387,1789.153064241432,31975.438955157308,42635.075401166825,True,1,1
1612,newsecondary1612 26-01-31 19-28-33.fits,2026-01-31 19:28:33,1167.1931855494697,1118.7189482669044,3.708055082098973,6.979911786444483,8.731802435405545,16.43643618726725,2159.276260119893,1045.5259637005888,31966.002369207297,42622.25073632619,True,1,29
1613,newsecondary1613 26-01-31 19-29-33.fits,2026-01-31 19:29:33,1166.0783732084003,1120.1945695360173,3.6629118805223864,5.2249508461877605,8.625498319436126,12.303818986904359,2309.9422330625966,1616.2649371871378,31930.094571868463,42573.480330586375,True,1,1
1614,newsecondary1614 26-01-31 19-30-33.fits,2026-01-31 19:30:33,1166.4620939438444,1121.7101981609644,3.6872261494463583,8.028632434535304,8.682754047278568,18.905984591029366,2203.315704917803,1025.7066551342932,31968.85101962465,42624.99169837512,True,1,28
1615,newsecondary1615 26-01-31 19-31-33.fits,2026-01-31 19:31:33,1165.3142629871413,1122.1823197609015,3.1094910625822565,6.762308165630888,7.322291884013284,15.924018819104083,2659.741965528781,1117.794379566122,31972.04053686349,42630.30489837029,True,1,30
1616,newsecondary1616 26-01-31 19-32-33.fits,2026-01-31 19:32:33,1166.1845755064485,1123.4310584044633,3.162122301220427,6.771172003796851,7.446228979753255,15.944891562893204,2522.7276798939242,1267.352414130252,32019.89513559357,42692.414334708265,True,1,27
1617,newsecondary1617 26-01-31 19-33-33.fits,2026-01-31 19:33:33,1166.4634157848825,1122.2523762451156,3.0016633292210817,6.685350986042708,7.068376976084137,15.74279851000079,2747.5039591847344,1327.5851550581608,31978.947002839355,42637.785874290996,True,1,30
1618,newsecondary1618 26-01-31 19-34-33.fits,2026-01-31 19:34:33,1166.7301172998311,1122.8150142924771,4.228303646003431,9.12195732332336,9.956894182086327,21.480567954878712,1977.80469382568,927.1818524735475,31989.8247192645,42652.97718948924,True,1,29
1619,newsecondary1619 26-01-31 19-35-33.fits,2026-01-31 19:35:33,1166.9352354480661,1122.94377722884,3.5495155831375294,7.272695131226417,8.358470445321974,17.125888276410958,2386.7918051433344,1176.465415362571,31960.010786569866,42613.23924999925,True,1,30
1620,newsecondary1620 26-01-31 19-36-33.fits,2026-01-31 19:36:33,1166.1247796301639,1121.7657687358508,3.6842915886067304,6.179515230840297,8.675843684590049,14.551646334156786,2289.127180461889,1353.0016926896606,32013.489030981073,42684.746062371676,True,1,20
1621,newsecondary1621 26-01-31 19-37-33.fits,2026-01-31 19:37:33,1168.0540585097367,1121.5838334000164,4.049646420828353,6.1058478641003795,9.536188567054444,14.37817294229298,2091.6178412155114,1362.7760637614888,31986.525877569642,42648.89382121895,True,1,30
1622,newsecondary1622 26-01-31 19-38-33.fits,2026-01-31 19:38:33,1168.2220513272034,1120.9963820227902,3.734096663254638,4.960351123390535,8.793125672715204,11.68073425575182,2285.8539658407335,1558.7191749408594,31901.311506378926,42536.1184493328,True,1,11
1623,newsecondary1623 26-01-31 19-39-33.fits,2026-01-31 19:39:33,1168.2912170672262,1122.7105918641676,3.9147905511215315,5.8404372043999535,9.21862726187874,13.75317860066553,2193.871807547219,1420.478144617675,31949.71631990195,42599.998702067845,True,1,3
1624,newsecondary1624 26-01-31 19-40-33.fits,2026-01-31 19:40:33,1168.615750209993,1119.3365522791762,4.078960927432445,5.980964947767752,9.605218954815953,14.084096147630985,2037.3971881131972,1412.9183747662787,31991.671202602578,42655.38088926936,True,1,23
1625,newsecondary1625 26-01-31 19-41-33.fits,2026-01-31 19:41:33,1167.1835531719014,1119.9257401333548,5.145713534635215,5.821470009764013,12.117229377346062,13.708514270538815,1639.8386601955024,1412.2217905527455,31974.89842581384,42633.47761854678,True,1,27
1626,newsecondary1626 26-01-31 19-42-33.fits,2026-01-31 19:42:33,1168.260309708062,1121.0315966653495,3.9228563692099736,6.5690289624094405,9.237620811992976,15.468881077070609,2113.2840110210527,1379.770177068908,32007.605623750118,42675.80995225636,True,1,28
1627,newsecondary1627 26-01-31 19-43-33.fits,2026-01-31 19:43:33,1168.2730123122897,1120.1401281420087,3.568753787664916,7.40712860427019,8.40377295497347,17.44245491345756,2289.330755565884,1169.000367960576,31945.872184448213,42593.86587757907,True,1,28
1628,newsecondary1628 26-01-31 19-44-33.fits,2026-01-31 19:44:33,1168.2132875275636,1119.7002942261788,3.192084146234708,7.669553847181212,7.516783732978994,18.060419135786553,2464.368709697756,1102.8295998569808,31938.648795576042,42584.10206228466,True,1,29
1629,newsecondary1629 26-01-31 19-45-33.fits,2026-01-31 19:45:33,1166.1937833578022,1117.7863236233193,4.194637207400484,5.141048193374541,9.877615777619303,12.106243338228516,1932.0739526672637,1382.8409406151627,31970.107410847362,42628.09297736003,True,1,25
1630,newsecondary1630 26-01-31 19-46-34.fits,2026-01-31 19:46:34,1167.8494936328789,1120.486309406916,3.1577804735778856,7.63854068825053,7.436004756988529,17.98738872747685,2539.6636091279624,1056.861031398531,31881.144904644236,42508.12464018279,True,1,29
1631,newsecondary1631 26-01-31 19-47-33.fits,2026-01-31 19:47:33,1168.2862158758367,1116.5530535747898,3.4211178624524483,6.005813537322619,8.056116918916459,14.142610104405534,2364.720165846913,1439.9814477078282,31971.47353832105,42627.911536358304,True,1,22
1632,newsecondary1632 26-01-31 19-48-33.fits,2026-01-31 19:48:33,1168.732922192297,1117.3270191053734,3.2630823354098464,6.804184495390288,7.68397169200951,16.022630039833846,2571.786874990119,1311.9584224258874,31977.448879253716,42635.90885421381,True,1,23
1633,newsecondary1633 26-01-31 19-49-33.fits,2026-01-31 19:49:33,1166.8976991321783,1117.7037374078557,3.620006741490429,5.7600551508704845,8.524464438008833,13.563893329753586,2312.222899830433,1450.8167554572167,31979.291613958365,42639.072863935224,True,1,24
1634,newsecondary1634 26-01-31 19-50-33.fits,2026-01-31 19:50:33,1170.4182162071431,1117.283205530575,3.674585850373306,5.682816284134439,8.652988417646158,13.382009698108073,2289.8318081696807,1412.7721411552852,31944.513028384346,42593.18131333985,True,1,27
1635,newsecondary1635 26-01-31 19-51-33.fits,2026-01-31 19:51:33,1169.1527656322482,1117.9131451129108,3.4494707006561875,5.402361501778819,8.122882750652144,12.721589154892266,2338.994698354761,1473.3192560701852,31958.528081374592,42611.51118043089,True,1,16
1636,newsecondary1636 26-01-31 19-52-33.fits,2026-01-31 19:52:33,1171.1018988747492,1118.0036482415182,3.410610106680962,4.871679009713625,8.031373044997475,11.471927385030169,2360.957599653775,1596.8962430722752,31862.748789534424,42484.016728461844,True,1,1
1637,newsecondary1637 26-01-31 19-53-33.fits,2026-01-31 19:53:33,1170.1647166662237,1116.6387020247978,4.34534355910707,5.896149625714085,10.232502115531455,13.884371327133257,1984.2110629585247,1291.3999083533,31983.681579312073,42646.20823694249,True,1,1
1638,newsecondary1638 26-01-31 19-54-33.fits,2026-01-31 19:54:33,1170.736318366075,1118.8817296950165,3.8685543020658537,5.960079979360407,9.109749215795386,14.034915805385534,2276.110513928566,1440.29747857589,31950.548415715606,42601.01614224558,True,1,18
1639,newsecondary1639 26-01-31 19-55-33.fits,2026-01-31 19:55:33,1172.841547336598,1118.3206786287058,3.9107630229229624,5.562311305585544,9.209143157744823,13.09824215909511,2121.5584284180304,1600.2119224909698,31926.334770504065,42567.66759779982,True,1,5
1640,newsecondary1640 26-01-31 19-56-33.fits,2026-01-31 19:56:33,1170.4024185785322,1117.5168527930819,3.7479989780485035,9.064374231251051,8.82586312226413,21.344970135411977,2086.6667646021247,1059.9382922491393,31924.698340728897,42563.960454867345,True,1,27
1641,newsecondary1641 26-01-31 19-57-33.fits,2026-01-31 19:57:33,1170.2874040026493,1120.4633634664106,4.039224412533246,6.231871723519507,9.511646613011647,14.674936452605307,2131.069691567306,1341.700453590013,31975.86160218729,42634.80005967464,True,1,27
1642,newsecondary1642 26-01-31 19-58-33.fits,2026-01-31 19:58:33,1170.836980622252,1120.6410264400752,4.5121750737537525,6.068559188320361,10.62536031036434,14.290364821113533,1849.3522239143228,1406.844311703861,32013.759331471203,42684.76369138277,True,1,25
1643,newsecondary1643 26-01-31 19-59-33.fits,2026-01-31 19:59:33,1170.7134562117305,1120.6272850772655,3.797476979552869,7.454673218950236,8.94237491199468,17.554413925139407,2178.146054507762,1300.3152374176761,31959.558458993255,42610.911104073086,True,1,11
1644,newsecondary1644 26-01-31 20-00-33.fits,2026-01-31 20:00:33,1169.9677304217423,1120.601446876084,4.042265549409027,5.881617712810675,9.51880794308642,13.850151287335663,2113.727352743379,1532.1916146928318,31916.071662127437,42554.15939001125,True,1,7
1645,newsecondary1645 26-01-31 20-01-34.fits,2026-01-31 20:01:34,1170.9973947131657,1119.996303910766,4.02059977453203,5.890172804378769,9.46778894211494,13.870296988447285,2058.2395022010023,1363.6787872688767,31979.128377877478,42639.1512347829,True,1,3
1646,newsecondary1646 26-01-31 20-02-33.fits,2026-01-31 20:02:33,1170.277802662336,1119.900368860049,4.464275113085292,7.1065223802262665,10.512564522826054,16.734581351417866,1902.3823970629664,1120.112630607877,31877.171609447665,42503.582291370985,True,1,28
1647,newsecondary1647 26-01-31 20-03-33.fits,2026-01-31 20:03:33,1168.449945128457,1120.9339966343762,3.452673127542895,8.11367726457188,8.130423889677708,19.106249861525743,2434.2462018662895,1123.8168285643794,31913.960513311227,42551.02718296852,True,1,29
1648,newsecondary1648 26-01-31 20-04-33.fits,2026-01-31 20:04:33,1169.0914695022489,1119.6627925317846,3.7247957797480713,8.16498957842238,8.771223765797444,19.227081126737822,2235.556798999452,1095.9055515847988,31888.475819859614,42517.16694761368,True,1,28
1649,newsecondary1649 26-01-31 20-05-33.fits,2026-01-31 20:05:33,1170.7532497538139,1121.70434158123,4.837840368154897,3.693166889544657,11.392243473591058,8.69674342114436,1800.7004285907678,2252.769125729887,31958.712771880335,42612.12202822542,True,1,1
1650,newsecondary1650 26-01-31 20-06-33.fits,2026-01-31 20:06:33,1169.4752943057306,1121.1118881978382,4.9734156245578465,6.103791101278584,11.711498804978936,14.373329635972343,1693.103411776595,1533.5693265543723,31981.175894737025,42640.35570390208,True,1,7
1651,newsecondary1651 26-01-31 20-07-33.fits,2026-01-31 20:07:33,1167.0073684868044,1121.233854805913,3.7327441754006934,6.924909719558085,8.789940807206074,16.30691621764503,2234.4665628627354,1187.903908481448,31951.78355921188,42602.52580066739,True,1,27
1652,newsecondary1652 26-01-31 20-08-33.fits,2026-01-31 20:08:33,1171.2984344457354,1121.917707407307,3.1938730098620107,5.7312051178629,7.5209961849063935,13.495956693727521,2550.7405624511225,1566.3489429673111,31996.190643341186,42660.51688776913,True,1,12
1653,newsecondary1653 26-01-31 20-09-33.fits,2026-01-31 20:09:33,1169.8332968707537,1123.2582728030088,4.083850027155208,7.407132678532114,9.61673190484527,17.44246450761121,2122.358062309692,1253.9770222858936,31905.047866536137,42539.26311653696,True,1,27
1654,newsecondary1654 26-01-31 20-10-33.fits,2026-01-31 20:10:33,1169.1956340970737,1125.1067650790876,3.5197249190410798,6.0075549432917565,8.28831879235287,14.146710802088196,2317.678269019741,1346.5247976676435,31982.84759040269,42643.884813467375,True,1,16
1655,newsecondary1655 26-01-31 20-11-33.fits,2026-01-31 20:11:33,1169.4342954757826,1121.94799980378,3.2942109681205127,8.067850900779368,7.757274020290993,18.998337021476257,2528.599123809761,1024.8902050094744,31934.156420049443,42578.95398111154,True,1,29
1656,newsecondary1656 26-01-31 20-12-33.fits,2026-01-31 20:12:33,1167.4389905866474,1124.844511640677,3.6827222376804203,6.269820122238362,8.672148145571086,14.764298102585292,2277.3565931390604,1390.3173454499915,31999.493144324082,42665.56513467133,True,1,4
1657,newsecondary1657 26-01-31 20-13-33.fits,2026-01-31 20:13:33,1168.8550707096174,1122.6388570817937,3.0711705042498774,6.383145156400115,7.23205386511542,15.031158164633204,2648.4846678323665,1347.0723865252592,31960.611580238146,42613.54969636983,True,1,16
1658,newsecondary1658 26-01-31 20-14-33.fits,2026-01-31 20:14:33,1168.6502531928916,1121.4163885958992,3.527268897008174,5.150492471393757,8.306083502889054,12.128482913419012,2366.5879593566615,1687.8847207028782,31944.51608394937,42592.24217264824,True,1,1
1659,newsecondary1659 26-01-31 20-15-33.fits,2026-01-31 20:15:33,1171.759074223076,1121.6868198803013,4.098185628468888,7.479570939447767,9.650489666176295,17.61304357644257,2040.9785477107114,1157.9512823583955,31960.252232513052,42613.287111862504,True,1,27
1660,newsecondary1660 26-01-31 20-16-33.fits,2026-01-31 20:16:33,1169.6718544585372,1122.5597021418928,4.955463723353733,6.2386770431828085,11.669225308177074,14.690961755761291,1792.9892764906408,1336.7952213797323,31939.477767696775,42586.67342431664,True,1,17
1661,newsecondary1661 26-01-31 20-17-33.fits,2026-01-31 20:17:33,1168.368995054968,1120.662267160322,3.6649098378286857,4.728807171365261,8.630203149350114,11.13548991621702,2220.4453953447273,1762.8560577913443,32004.82049785128,42672.838080974405,True,1,1
1662,newsecondary1662 26-01-31 20-18-34.fits,2026-01-31 20:18:34,1168.1384001873603,1116.8047215885385,3.7792996476030054,6.03515819632241,8.89957056635396,14.21171149563284,2270.466878985322,1453.6270885369654,31896.781322366896,42528.794072720964,True,1,7
1663,newsecondary1663 26-01-31 20-19-33.fits,2026-01-31 20:19:33,1168.5864831861647,1118.1765716135048,4.25453485725454,7.047086408976085,10.01866396414588,16.594620334922055,1914.6505040472232,1235.501261093684,32035.04094836063,42712.664907036495,True,1,32
1664,newsecondary1664 26-01-31 20-20-33.fits,2026-01-31 20:20:33,1170.685477541474,1118.1645908578778,3.853478357676559,7.051182149977865,9.074248079749703,16.6042650679323,2135.1885444402037,1167.6177370975022,32003.015318702306,42670.680409094864,True,1,30
1665,newsecondary1665 26-01-31 20-21-33.fits,2026-01-31 20:21:33,1170.6808562805709,1115.692583090046,3.961683643812583,5.789865840313056,9.329052056521123,13.634092138809146,2067.5097230145725,1432.6552995727284,32006.708588098856,42675.47727072748,True,1,1
1666,newsecondary1666 26-01-31 20-22-33.fits,2026-01-31 20:22:33,1168.9911771512066,1118.1421374076822,3.260011268118583,7.832310510868832,7.676739881192404,18.44368178990052,2576.143112018009,1119.187042488638,31937.132212622797,42582.369005377564,True,1,28
1667,newsecondary1667 26-01-31 20-23-33.fits,2026-01-31 20:23:33,1168.4420471181693,1118.0897857529083,3.758355756469299,4.080698953926359,8.850251471691363,9.609311694442617,2121.405086267623,1658.1558152983216,31921.70974739885,42563.83542350676,True,1,7
1668,newsecondary1668 26-01-31 20-24-33.fits,2026-01-31 20:24:33,1169.4865135624398,1117.368377597574,4.520812190929408,6.056202080222274,10.645699167020853,14.261266055265544,1932.4515871758465,1215.3351507911595,31845.03335918058,42461.81863444409,True,1,28
1669,newsecondary1669 26-01-31 20-25-33.fits,2026-01-31 20:25:33,1169.4053171874727,1117.9885923231761,3.7431346907115075,5.477920190364453,8.814408600938181,12.899516269349968,2226.482631251773,1546.344700965491,31957.38375726532,42609.66870948924,True,1,9
1670,newsecondary1670 26-01-31 20-26-33.fits,2026-01-31 20:26:33,1169.7543931338005,1114.8588289618676,3.652006676644776,4.770936660423963,8.599818526749978,11.234697281539365,2216.7932119348948,1608.960693960402,31918.48918987505,42558.52648960859,True,1,5
1671,newsecondary1671 26-01-31 20-27-33.fits,2026-01-31 20:27:33,1170.8707137379238,1116.0542322446731,3.9562390456317855,5.982718968261746,9.316231007587842,14.088226550249638,2112.1059619663356,1410.0603093830211,31977.811583319257,42636.97895951197,True,1,31
1672,newsecondary1672 26-01-31 20-28-33.fits,2026-01-31 20:28:33,1172.097998799648,1118.8962555213832,3.597394927158942,7.964856098437303,8.471217684366529,18.75580279638716,2228.093013219492,1211.2504849079803,31980.373281607586,42638.39324309835,True,1,27
1673,newsecondary1673 26-01-31 20-29-33.fits,2026-01-31 20:29:33,1172.5252849546414,1116.9139557665285,3.2163689516274343,5.316530694952337,7.573970079507462,12.519473050496085,2574.477874513998,1477.406468340384,31982.86108719467,42644.363809100745,True,1,21
1674,newsecondary1674 26-01-31 20-30-33.fits,2026-01-31 20:30:33,1170.6290606342016,1117.0452051092286,4.0410245800549704,7.753092498085607,9.515885683576219,18.257137625471064,1965.71794152961,1130.7441186778465,31978.358627267102,42636.74999074197,True,1,27
1675,newsecondary1675 26-01-31 20-31-33.fits,2026-01-31 20:31:33,1172.2021296577093,1118.771259870169,3.951970732356244,6.121075489602835,9.306179897928123,14.414031260064387,2112.8348619632498,1332.2083799691593,31968.646219509512,42625.11346668561,True,1,25
1676,newsecondary1676 26-01-31 20-32-34.fits,2026-01-31 20:32:34,1171.7564292981292,1117.2947964020361,3.5477088847050746,6.250684449054205,8.354215995637903,14.719237035796079,2394.860101125471,1399.591676017572,31973.968757039533,42631.63322952851,True,1,28
1677,newsecondary1677 26-01-31 20-33-33.fits,2026-01-31 20:33:33,1169.0437011297756,1118.6234541123529,4.074047120706761,7.036744553121281,9.593647824240906,16.570267125452343,2009.5227928029285,1165.6898206389094,32008.088545008704,42677.43105794661,True,1,30
1678,newsecondary1678 26-01-31 20-34-33.fits,2026-01-31 20:34:33,1171.2466915894076,1119.979979371421,5.0058457673569645,8.04140616496321,11.787865955305515,18.93606442749082,1711.430120851854,1083.221017136974,32005.29989445985,42673.548206303254,True,1,31
1679,newsecondary1679 26-01-31 20-35-33.fits,2026-01-31 20:35:33,1170.5477459998876,1120.2342172119445,3.764292452295813,6.2795353023382745,8.864231322024889,14.787175603425652,2249.6752051160515,1383.0177059276966,31985.91465293118,42647.6073374912,True,1,25
1680,newsecondary1680 26-01-31 20-36-33.fits,2026-01-31 20:36:33,1169.6395027759922,1119.9016015401464,4.735500771058552,7.816622835639535,11.151252138948195,18.406740137810637,1794.8300820514276,1160.8288223062646,31968.658995142283,42624.13809354681,True,1,18
1681,newsecondary1681 26-01-31 20-37-33.fits,2026-01-31 20:37:33,1171.7264714728421,1119.052697540108,3.9512583961319208,6.031218125047154,9.304502474308286,14.202433336815016,2111.7055501817276,1415.9778845925562,31945.852607507895,42594.217188947056,True,1,28
1682,newsecondary1682 26-01-31 20-38-33.fits,2026-01-31 20:38:33,1170.9232958177422,1120.446301354247,2.962008119844833,7.963930645528099,6.974996094155047,18.753623521325835,2731.653573792604,1123.425166752296,31997.021766691752,42661.592333959365,True,1,23
1683,newsecondary1683 26-01-31 20-39-33.fits,2026-01-31 20:39:33,1170.0554747567664,1122.120280671991,3.5637312295890498,6.549000201469793,8.391945734539087,15.421716949332795,2421.921501437552,1402.4609700886167,31941.289389514797,42587.67197953402,True,1,22
1684,newsecondary1684 26-01-31 20-40-33.fits,2026-01-31 20:40:33,1168.7475361451368,1120.8582415434194,3.654997999066747,6.85433596357381,8.606862552750387,16.140727722400136,2236.775143252168,1233.9111549144845,31996.35273513254,42661.43973065805,True,1,30
1685,newsecondary1685 26-01-31 20-41-33.fits,2026-01-31 20:41:33,1167.6798976443877,1122.14146892707,3.857974251564446,4.531248658918905,9.084835100797232,10.670275171041844,2117.8182515340122,1639.410278400725,31862.682339136907,42484.5330875635,True,1,1
1686,newsecondary1686 26-01-31 20-42-33.fits,2026-01-31 20:42:33,1170.47744343349,1118.434076973348,2.9891465329913602,6.6547217413326045,7.038902173422821,15.670672150593282,2737.0071842580005,1233.2594236679588,31945.16068021485,42593.514457776575,True,1,27
1687,newsecondary1687 26-01-31 20-43-33.fits,2026-01-31 20:43:33,1168.6382246464134,1119.7990014498796,4.574654791713334,6.700077416212034,10.77248880262344,15.777476602955268,1763.5826283216495,1294.9377184498442,31995.547094981015,42659.9449765089,True,1,26
1688,newsecondary1688 26-01-31 20-44-33.fits,2026-01-31 20:44:33,1169.0775400912346,1118.4582778089389,4.835234085053306,6.331893497959345,11.386106145900408,14.9104697319958,1777.9340857189165,1338.5542675667132,31933.029398063205,42577.52873649896,True,1,22
1689,newsecondary1689 26-01-31 20-45-33.fits,2026-01-31 20:45:33,1171.1703943394614,1120.2726036406707,3.055857226043116,8.877057933039474,7.1959938506390015,20.90387396162236,2593.064216691483,919.0848556967132,31999.296833434084,42665.42643900129,True,1,29
1690,newsecondary1690 26-01-31 20-46-34.fits,2026-01-31 20:46:34,1170.0920585145714,1117.0628298450504,4.0561793443627,5.433659022775706,9.55157242634578,12.795289184695513,2055.574870808706,1449.1530091691875,31981.724646633,42642.89727322477,True,1,10
1691,newsecondary1691 26-01-31 20-47-34.fits,2026-01-31 20:47:34,1167.950383419604,1116.421606894605,4.334043060728815,9.039562008415789,10.205891475431502,21.286541815717726,1987.7073682349035,1030.8161051983716,31980.770013634854,42640.119815554106,True,1,28
1692,newsecondary1692 26-01-31 20-48-34.fits,2026-01-31 20:48:34,1169.9844362878985,1117.129560872695,3.0049227209602236,10.062056645828504,7.076052257086077,23.69433268383384,2708.7861634663327,906.1380672635015,32004.151163254683,42670.94060409045,True,1,29
1693,newsecondary1693 26-01-31 20-49-34.fits,2026-01-31 20:49:34,1170.4562071572843,1116.2488716133478,4.445866484053091,6.168084538535283,10.469215514179487,14.524729110788359,1925.0459561108178,1377.2788773763787,31997.10572093432,42662.88927996262,True,1,24
1694,newsecondary1694 26-01-31 20-50-34.fits,2026-01-31 20:50:34,1169.5165638642984,1118.5144312244047,3.3917244508738826,7.802366574113582,7.986900724139408,18.373169207402118,2394.520757742947,1126.2629917970426,31943.19956851686,42590.07405451147,True,1,28
1695,newsecondary1695 26-01-31 20-51-34.fits,2026-01-31 20:51:34,1168.2776297652608,1116.484680866457,3.531307908748302,6.575556811166694,8.315594648696823,15.484252986175122,2344.275792211953,1238.1213971979032,31986.815289207087,42649.263730937,True,1,28
1696,newsecondary1696 26-01-31 20-52-34.fits,2026-01-31 20:52:34,1169.9073510182327,1115.5515976740708,4.019225794941757,6.843889563281288,9.464553467434301,16.116128329592886,2052.382893965284,1318.5861093336227,31996.982580148524,42661.64379648785,True,1,31
1697,newsecondary1697 26-01-31 20-53-34.fits,2026-01-31 20:53:34,1168.948618562299,1115.6073719133728,4.359498279811241,6.666075157096318,10.265833935577453,15.697407401613246,1970.0120657834432,1180.2058058993237,31976.558801735846,42636.34130738549,True,1,26
1698,newsecondary1698 26-01-31 20-54-34.fits,2026-01-31 20:54:34,1168.7442221911674,1117.1327672092732,3.813562374713654,7.094991361604617,8.980253122951542,16.70742787762798,2185.9195491909322,1217.8340928590953,32000.736649075043,42667.256390059214,True,1,1
1699,newsecondary1699 26-01-31 20-55-34.fits,2026-01-31 20:55:34,1169.7918104540881,1114.9144068227815,3.6872872953040257,7.186453987271442,8.682898034769874,16.922805901919382,2217.375168639453,1118.9043093288305,31978.38447466952,42638.0202244785,True,1,29
1700,newsecondary1700 26-01-31 20-56-34.fits,2026-01-31 20:56:34,1169.3708211616788,1115.275879910736,4.083361277195442,7.493093643447353,9.615580986643005,17.644887110883815,2060.6870988130695,1237.8648599001494,31916.702894065915,42554.493789383894,True,1,26
1701,newsecondary1701 26-01-31 20-57-34.fits,2026-01-31 20:57:34,1170.191157540769,1117.0061722708635,4.404885580158969,5.272563273863152,10.372712860226123,12.415937685986956,1901.21875629284,1556.4039564858635,31990.178959397806,42653.78910021939,True,1,1
1702,newsecondary1702 26-01-31 20-58-34.fits,2026-01-31 20:58:34,1171.555806892864,1116.572374983462,4.041643109675379,6.837114517500867,9.5173422095248,16.10017431598315,1978.385283701401,1264.624331974508,31939.441814301874,42585.083711896725,True,1,29
1703,newsecondary1703 26-01-31 20-59-34.fits,2026-01-31 20:59:34,1170.389482254464,1117.456439581417,4.654152993810036,7.200857653594061,10.959692762464677,16.95672394409782,1842.2129165118233,1187.4769972726544,31954.97273056783,42606.66007728079,True,1,29
1704,newsecondary1704 26-01-31 21-00-34.fits,2026-01-31 21:00:34,1172.3691031097992,1117.7138982536826,4.480272670811691,5.409403954384174,10.550235892431717,12.738172863453535,1936.252706657266,1529.5087631569597,31924.75082943373,42566.85176570706,True,1,12
1705,newsecondary1705 26-01-31 21-01-34.fits,2026-01-31 21:01:34,1167.979463350463,1119.549134796394,4.58282138727179,5.812166292037842,10.791719665544154,13.686605689543917,1890.6695305046146,1448.2055964019373,31998.67440846474,42665.218199038,True,1,4
1706,newsecondary1706 26-01-31 21-02-34.fits,2026-01-31 21:02:34,1170.3593729128756,1118.5445051895122,4.468440545739346,7.497480637004435,10.522373367136048,17.655217691249455,1898.1773941084548,1161.0522290928152,31965.428259092212,42620.283376811334,True,1,27
1707,newsecondary1707 26-01-31 21-03-34.fits,2026-01-31 21:03:34,1170.374130055195,1120.8354934809838,3.998388896952636,6.747627768601332,9.415486322373255,15.889449125909874,2107.62037553236,1326.0030402610068,31985.951939883067,42647.26504985424,True,1,27
1708,newsecondary1708 26-01-31 21-04-34.fits,2026-01-31 21:04:34,1169.8784506839422,1119.5330287502586,4.045207555443421,7.237020204043258,9.525735837868812,17.041880242775036,2156.804775210975,1190.6852659115495,31950.0364053658,42600.18742320864,True,1,28
1709,newsecondary1709 26-01-31 21-05-34.fits,2026-01-31 21:05:34,1171.3117947622864,1120.7754157096622,4.785409830872832,6.841558736067406,11.26877899342751,16.110639650948134,1790.2428779917498,1240.3680416439008,31960.384490970482,42613.95042442673,True,1,28
1710,newsecondary1710 26-01-31 21-06-34.fits,2026-01-31 21:06:34,1169.4324438654585,1122.2096230445202,5.28414637874508,5.856396641523413,12.443213813546619,13.790760203111263,1638.7931586574034,1355.1647681821344,31986.289561843278,42649.318641690756,True,1,11
1711,newsecondary1711 26-01-31 21-07-34.fits,2026-01-31 21:07:34,1169.7957090332202,1121.6718820533572,3.5979740945960312,8.722502160354365,8.472581519456815,20.53992293002822,2320.7631541071614,904.3846384117926,31985.11942103902,42647.42102376001,True,1,33
1712,newsecondary1712 26-01-31 21-08-34.fits,2026-01-31 21:08:34,1170.432888748941,1122.2503749619254,3.2845122272875966,7.875086477474911,7.734435230966082,18.54441149351009,2541.0537390225395,1056.255827920006,31957.642505560903,42610.22613184038,True,1,30
1713,newsecondary1713 26-01-31 21-09-34.fits,2026-01-31 21:09:34,1168.6545510475573,1123.582036450482,3.2352336620270323,6.90221368794535,7.618393077700139,16.253471147460704,2545.7014515314154,1169.2756825093568,32006.78069535499,42675.92079697344,True,1,26
1714,newsecondary1714 26-01-31 21-10-34.fits,2026-01-31 21:10:34,1167.6696840292323,1122.4398855937075,3.8772667530337586,5.777887059626738,9.130265469975958,13.605884265933975,2140.0578633910504,1420.5000437110784,32006.94909852717,42676.04829030206,True,1,19
1715,newsecondary1715 26-01-31 21-11-34.fits,2026-01-31 21:11:34,1166.2506550948735,1124.9173390943279,5.759243469909986,7.136414275420022,13.561981967157635,16.804971385404087,1502.5647927948974,1208.7532400712755,32014.393730764637,42685.89373131202,True,1,31
1716,newsecondary1716 26-01-31 21-12-34.fits,2026-01-31 21:12:34,1168.779457352944,1121.2509004349308,3.114301796363696,7.225473782801342,7.333620296353125,17.0146904985862,2720.703278062938,1236.4489854969158,32010.30444068345,42679.81170727031,True,1,29
1717,newsecondary1717 26-01-31 21-13-34.fits,2026-01-31 21:13:34,1168.9196822618485,1122.0353838376977,3.286891304548994,6.834208636943437,7.740037529789897,16.093331490198047,2483.391442642765,1335.601127413433,32011.313387894745,42680.50671627898,True,1,27
1718,newsecondary1718 26-01-31 21-14-34.fits,2026-01-31 21:14:34,1167.2009876575719,1123.8321404865758,4.120847183387512,7.747349848267405,9.70385354995024,18.243614718567567,2045.6525602659042,1118.9738950893022,32016.963569000967,42688.9762517013,True,1,28
1719,newsecondary1719 26-01-31 21-15-34.fits,2026-01-31 21:15:34,1167.2225063477688,1121.7362937453083,3.5084932283097667,8.474615567040836,8.261870181879186,19.956194611199084,2367.955912862097,996.1997054050747,31988.456805289115,42651.10237524281,True,1,31
1720,newsecondary1720 26-01-31 21-16-34.fits,2026-01-31 21:16:34,1169.8513278291286,1122.0124708550818,4.0554516925966295,7.273347395709424,9.549858937381234,17.127424241890203,2054.8084105533762,1259.929557388501,32023.226012637086,42696.56352656004,True,1,29
1721,newsecondary1721 26-01-31 21-17-34.fits,2026-01-31 21:17:34,1169.4716492470247,1120.3755308456032,4.19267188716377,5.678365453843826,9.872987802130984,13.371528793722705,1991.3006213255146,1364.7773857650177,31976.393706020615,42635.96418252211,True,1,22
1722,newsecondary1722 26-01-31 21-18-34.fits,2026-01-31 21:18:34,1169.5102002435463,1121.7093604762167,3.2407726164895987,7.551733941944022,7.631436318697104,17.78297446123037,2568.1305250530395,1215.4017133372643,31956.493447882538,42607.55462292023,True,1,30
1723,newsecondary1723 26-01-31 21-19-34.fits,2026-01-31 21:19:34,1168.8047682064089,1119.674309492519,3.295067398898601,7.963218211015661,7.759290760654416,18.751945866255177,2495.309927866293,1162.6347903988042,32004.310557449415,42671.07811046827,True,1,29
1724,newsecondary1724 26-01-31 21-20-34.fits,2026-01-31 21:20:34,1167.8743540701203,1120.0430154939374,3.9243898425235777,6.952914351803533,9.241231865690372,16.37286208701033,2174.758598912059,1247.4761140943606,32002.197889247553,42669.417964209235,True,1,29
1725,newsecondary1725 26-01-31 21-21-34.fits,2026-01-31 21:21:34,1170.0122094448645,1117.7122024145144,4.146385411155975,7.633636747404513,9.763991480613983,17.975840829273004,2066.2932359623937,1108.1785240351203,31974.52318323845,42632.837112963956,True,1,29
1726,newsecondary1726 26-01-31 21-22-34.fits,2026-01-31 21:22:34,1168.2153285591141,1118.122359769891,4.255301932519022,5.911828451056204,10.02047028835473,13.921292139331417,1987.4473738767863,1563.5604842487865,31946.700992205064,42594.587437258684,True,1,23
1727,newsecondary1727 26-01-31 21-23-34.fits,2026-01-31 21:23:34,1170.1199516366228,1117.6440508038754,3.293020459317905,5.777469975517057,7.754470586298826,13.604902107912034,2454.825155346556,1484.1439140090688,32008.918188565895,42677.924728876766,True,1,27
1728,newsecondary1728 26-01-31 21-24-34.fits,2026-01-31 21:24:34,1169.475168636683,1115.4043016024164,3.758132332454668,5.30639477216799,8.849725348343169,12.495604776348621,2153.718708367497,1478.1076774054459,32026.991686430523,42702.97862885674,True,1,23
1729,newsecondary1729 26-01-31 21-25-34.fits,2026-01-31 21:25:34,1169.9213319315395,1113.9920842751221,3.2687053234938603,5.620686184144101,7.697212817062716,13.235704493251047,2465.015748753555,1489.5399976210142,32033.550566363905,42710.9948118735,True,1,1
1730,newsecondary1730 26-01-31 21-26-34.fits,2026-01-31 21:26:34,1172.3149563339412,1114.0197290725414,4.1295899999136525,7.290195223151114,9.724441309556026,17.16709784366512,2007.9116938200746,1169.9841296361938,32054.133259720984,42738.53803133938,True,1,28
1731,newsecondary1731 26-01-31 21-27-34.fits,2026-01-31 21:27:34,1169.4377296129817,1113.3955435671755,3.7506628806310514,5.385174993031105,8.832136133463523,12.681118019589048,2180.589537005315,1504.7360672362588,32041.6011377315,42722.23205849562,True,1,1
1732,newsecondary1732 26-01-31 21-28-34.fits,2026-01-31 21:28:34,1170.0160252164196,1114.2024303255212,3.999719342853613,6.400566607507402,9.418619283049704,15.07218254691417,2149.986305421251,1376.8266924288118,32055.200095165335,42739.99198103788,True,1,28
1733,newsecondary1733 26-01-31 21-29-34.fits,2026-01-31 21:29:34,1169.8231169431444,1115.8273994273513,3.2013075308941623,5.9186876146731935,7.538503144058108,13.93744423530885,2633.1628936156967,1442.2169509375283,31992.593447542433,42656.65398241888,True,1,27
1734,newsecondary1734 26-01-31 21-30-34.fits,2026-01-31 21:30:34,1171.0200186783843,1115.3568830264342,3.7423754190667458,6.7065117072103435,8.812620652849471,15.79262820037365,2257.34572438937,1334.5903783079616,32038.87014565961,42717.84545214966,True,1,26
1735,newsecondary1735 26-01-31 21-31-34.fits,2026-01-31 21:31:34,1171.488330419999,1115.2552404240014,3.710144826669949,9.878623639481605,8.736723407810272,23.262380963567875,2214.9605090805844,919.9239804136109,32042.236099274643,42721.859983516464,True,1,30
1736,newsecondary1736 26-01-31 21-32-34.fits,2026-01-31 21:32:34,1170.1669174496278,1117.9226537856784,3.423155260535396,8.015866502317643,8.060914624761892,18.87592311794971,2386.527895258613,1054.5047627422923,32009.036347147543,42678.349819502975,True,1,30
1737,newsecondary1737 26-01-31 21-33-34.fits,2026-01-31 21:33:34,1169.9460180518913,1116.5155002453032,3.234943907899908,6.69282884935618,7.617710758873456,15.760407532425356,2570.3030405509107,1214.2446188954111,32004.360309374148,42672.7228936283,True,1,30
1738,newsecondary1738 26-01-31 21-34-34.fits,2026-01-31 21:34:34,1171.0583163887788,1116.5998985927029,3.5587471138494724,6.292423490344161,8.380209038888776,14.81752496688604,2305.7716759184596,1356.3860602506847,32006.932663927644,42675.485616841834,True,1,30
1739,newsecondary1739 26-01-31 21-35-34.fits,2026-01-31 21:35:34,1171.9157796452205,1116.8122902850143,3.528790719351952,7.128723338924735,8.30966712064916,16.786860613979925,2414.665363090499,1164.8001358966023,31986.928780735154,42649.51857866696,True,1,30
1740,newsecondary1740 26-01-31 21-36-34.fits,2026-01-31 21:36:34,1171.5647998989543,1116.9495651784846,3.543869638614256,6.984474187305914,8.345175261985437,16.447179820269216,2335.1731342977228,1339.4374169673179,31974.738531813127,42631.59250284518,True,1,15
1741,newsecondary1741 26-01-31 21-37-34.fits,2026-01-31 21:37:34,1169.7734396235235,1115.6108266883923,4.15525942976814,7.239004624545017,9.784888197521889,17.04655319595035,2007.0018871616246,1193.6752921823334,32018.934293570284,42691.52375129979,True,1,30
1742,newsecondary1742 26-01-31 21-38-34.fits,2026-01-31 21:38:34,1172.8744240512697,1118.5722604683358,2.8973057706834857,7.128681346929362,6.822633705389316,16.78676173038749,2862.4026300068967,1223.1960680001216,32019.804741849224,42692.52302748917,True,1,29
1743,newsecondary1743 26-01-31 21-39-34.fits,2026-01-31 21:39:34,1171.9648549630233,1119.6151827856554,3.196078215434929,5.491602310651507,7.526189047192916,12.931735200460446,2560.1855742258304,1467.7710962039264,32018.171828870312,42691.05325899161,True,1,20
1744,newsecondary1744 26-01-31 21-40-34.fits,2026-01-31 21:40:34,1170.6455584059615,1117.5181370106504,4.383192075111455,9.072518808593285,10.321628559693258,21.364149149395775,1929.9989408458298,1015.1790517953938,31964.967221281287,42618.98836112093,True,1,31
1745,newsecondary1745 26-01-31 21-41-34.fits,2026-01-31 21:41:34,1168.8685840990306,1121.597639282133,3.461347427532321,7.198787192106592,8.15085030516942,16.951848379884666,2368.2848341146255,1215.3881227772931,32036.267755963927,42714.31209153755,True,1,17
1746,newsecondary1746 26-01-31 21-42-34.fits,2026-01-31 21:42:34,1168.5283293617806,1119.944230199548,5.397805079678922,5.070225896500746,12.710859600797807,11.939469573914973,1605.8393449829127,1616.2540128196554,32006.74518774271,42676.27044774348,True,1,1
1747,newsecondary1747 26-01-31 21-43-33.fits,2026-01-31 21:43:33,1169.6826983591848,1121.6626968404832,3.9544010029819296,6.777414046957531,9.311902747912338,15.959590451249921,2173.3872024236007,1414.4926678702202,31964.700973118863,42618.32199132182,True,1,25
1748,newsecondary1748 26-01-31 21-44-34.fits,2026-01-31 21:44:34,1169.3535541741783,1118.3369228361753,4.6643937650549905,6.231131359051223,10.983807935868873,14.673193027514762,1775.4054060359165,1258.5801905430167,31959.883539823495,42613.74386431647,True,1,28
1749,newsecondary1749 26-01-31 21-45-34.fits,2026-01-31 21:45:34,1169.0031978756629,1119.1195072897704,4.189258430848576,5.4568752180258,9.864949726777128,12.849959146639787,1977.2103241333687,1615.62506202093,31937.97163778651,42583.27464118707,True,1,3
1750,newsecondary1750 26-01-31 21-46-34.fits,2026-01-31 21:46:34,1170.362107385035,1116.9062615985815,3.4910742790318614,6.122319206614178,8.220851690956197,14.416959989813046,2300.892218106429,1270.736203044715,32006.97696516572,42676.29516526624,True,1,17
1751,newsecondary1751 26-01-31 21-47-34.fits,2026-01-31 21:47:34,1169.2458971876513,1118.1310739538721,4.423034839592251,5.310461527057522,10.415451100142082,12.505181252280718,1909.6106308113563,1625.2108824614447,32000.222735296098,42666.72594866288,True,1,3
1752,newsecondary1752 26-01-31 21-48-34.fits,2026-01-31 21:48:34,1171.7960401823955,1115.4187585729362,3.6115193450723595,6.225765918150695,8.504478146793438,14.66055837973177,2317.8214918654567,1422.91778881655,32004.53872405902,42672.089197046844,True,1,29
1753,newsecondary1753 26-01-31 21-49-34.fits,2026-01-31 21:49:34,1169.7156988027423,1114.9119194334926,4.6138870731575174,5.064839083308095,10.8648737653805,11.92678459823008,1862.0920103591434,1528.306428664632,32017.65059708973,42691.297905165564,True,1,1
1754,newsecondary1754 26-01-31 21-50-34.fits,2026-01-31 21:50:34,1171.6664373887331,1115.2158661308356,3.3232376930224783,5.924955884966527,7.825626733931741,13.952204883843267,2478.2970384199966,1427.0018019231554,32033.0592146568,42710.463298147064,True,1,27
1755,newsecondary1755 26-01-31 21-51-34.fits,2026-01-31 21:51:34,1172.083904446104,1115.7957881755274,4.017637603137263,9.626206280225064,9.460813561537726,22.667983506276794,2011.7120571109147,879.5340930516369,32002.97206908574,42670.13397089124,True,1,31
1756,newsecondary1756 26-01-31 21-52-34.fits,2026-01-31 21:52:34,1170.9141653064607,1115.932055528544,3.4225770445571166,6.23363277285189,8.059553030185883,14.67908340687349,2454.053736947557,1207.410406379896,31976.411403514405,42636.34039569589,True,1,26
1757,newsecondary1757 26-01-31 21-53-34.fits,2026-01-31 21:53:34,1169.629464225909,1114.6437356126582,3.1613837797396847,7.01675348406538,7.444489894566717,16.52319175531791,2580.33718505963,1199.3157180573382,32019.89133486339,42692.855948645956,True,1,31
1758,newsecondary1758 26-01-31 21-54-34.fits,2026-01-31 21:54:34,1168.997676626109,1117.203523227549,3.981548205735176,6.5633620612416035,9.375829525122203,15.455536544607376,2151.172007883113,1355.421438548582,32010.427755107783,42680.14337959385,True,1,29
1759,newsecondary1759 26-01-31 21-55-34.fits,2026-01-31 21:55:34,1170.3524766787987,1114.8627671965696,3.515034012611074,8.314101469557821,8.277272551862128,19.57821279693603,2319.6004304662733,878.1097194507613,31948.24007349892,42598.75302243706,True,1,32
1760,newsecondary1760 26-01-31 21-56-34.fits,2026-01-31 21:56:34,1170.7992646290395,1116.3034341358752,3.462105083322858,6.8040160041765,8.152634448212211,16.022233273346206,2362.1521878487115,1163.8826576844322,32019.501059452323,42693.00196481158,True,1,22
1761,newsecondary1761 26-01-31 21-57-35.fits,2026-01-31 21:57:35,1170.4700313181702,1115.304862491544,4.02519130282693,5.469276642926888,9.478601164981097,12.879162270583814,2073.233452207002,1575.7828970686785,32001.150764978072,42667.84871061567,True,1,4
1762,newsecondary1762 26-01-31 21-58-35.fits,2026-01-31 21:58:35,1170.8284932633655,1117.4590467740509,3.8820709727377425,6.205169627909991,9.141578542835632,14.612057822619684,2190.7454034270986,1166.7062494024672,31972.304419801836,42631.370364288916,True,1,29
1763,newsecondary1763 26-01-31 21-59-35.fits,2026-01-31 21:59:35,1171.4574610850314,1116.8405391767344,3.4356223596624584,8.289922108321678,8.090272399689686,19.521274752421114,2387.0859820954283,1077.7179005897106,32023.308574747552,42696.79953082881,True,1,32
1764,newsecondary1764 26-01-31 22-00-35.fits,2026-01-31 22:00:35,1173.3764148993778,1116.9076117530908,3.4730630559029056,7.144182130010992,8.178438501696606,16.82326328510179,2386.0069240535167,1133.3961651220086,32018.07067587889,42691.00532812606,True,1,29
1765,newsecondary1765 26-01-31 22-01-35.fits,2026-01-31 22:01:35,1169.9566682384207,1115.014078456033,3.795360350727945,5.348610889555976,8.937390632009858,12.59501613579723,2138.9386943348018,1598.753480612666,31917.80365879552,42556.5131405061,True,1,2
1766,newsecondary1766 26-01-31 22-02-35.fits,2026-01-31 22:02:35,1172.8069496330354,1119.5356717742363,3.8640515419979446,5.183397014307588,9.099146026129509,12.205967190645083,2208.7803407843785,1713.3270296663218,32004.96115973244,42672.8353907851,True,1,1
1767,newsecondary1767 26-01-31 22-03-35.fits,2026-01-31 22:03:35,1172.4322708106345,1116.9570636835242,4.506467908809486,6.3064868848472475,10.611920963953283,14.850641730163087,1919.7118152105866,1407.230754541407,31976.27502267359,42634.745097907704,True,1,28
1768,newsecondary1768 26-01-31 22-04-35.fits,2026-01-31 22:04:35,1170.6591893884151,1120.216599254133,3.951343417882555,5.952707756571178,9.304702685230943,14.017555547385024,2159.94592283923,1428.9753002596356,31979.78692492991,42639.75253970113,True,1,29
1769,newsecondary1769 26-01-31 22-05-35.fits,2026-01-31 22:05:35,1170.1713293593257,1118.1574101083906,3.406132617157415,5.736375544725637,8.02082936291601,13.50813211854526,2491.173847706423,1433.5217227486048,31970.46897610622,42627.62985942394,True,1,5
1770,newsecondary1770 26-01-31 22-06-35.fits,2026-01-31 22:06:35,1172.3087157677267,1117.873905692487,3.58075054402297,5.587572691867038,8.432023157320767,13.157728177876042,2356.8948114137957,1438.5216468727174,31980.277943686386,42640.88843221081,True,1,2
1771,newsecondary1771 26-01-31 22-07-35.fits,2026-01-31 22:07:35,1171.8063669733942,1118.007819581752,4.308773049970392,8.946808832030575,10.14638514755942,21.068124776725533,1953.5350098083027,1072.0412598308471,31967.25997687007,42621.49951400783,True,1,30
1772,newsecondary1772 26-01-31 22-08-35.fits,2026-01-31 22:08:35,1173.0548257489913,1119.256638538808,3.739230319918198,7.137170161290171,8.805214510330863,16.806751360602867,2266.6211446864904,1183.5506961525628,31984.6972516699,42646.299384143626,True,1,30
1773,newsecondary1773 26-01-31 22-09-35.fits,2026-01-31 22:09:35,1171.3141698773327,1117.34990902973,5.195974015882501,5.213304108259843,12.235583766060074,12.276393014972475,1714.1736994857292,1601.021265869233,31920.231465369183,42561.03094098453,True,1,1
1774,newsecondary1774 26-01-31 22-10-34.fits,2026-01-31 22:10:34,1171.1675829716105,1116.6432128774704,4.274819072753515,6.610120784454585,10.066429641400594,15.56564492330936,1981.9418987122237,1304.2640546381056,31963.809311230147,42618.22042076322,True,1,27
1775,newsecondary1775 26-01-31 22-11-35.fits,2026-01-31 22:11:35,1170.087429373517,1118.2040658132871,2.966791619926255,5.548495057021758,6.986260376032186,13.065707380029975,2699.955612952853,1538.515411561286,31977.36820676628,42635.812399792936,True,1,10
1776,newsecondary1776 26-01-31 22-12-35.fits,2026-01-31 22:12:35,1170.5550088800435,1118.344707536295,4.133123334312514,6.886994020280991,9.732761676224262,16.21763156896596,2058.9388560783846,1317.4017219963291,32014.78355468891,42685.65201517343,True,1,31
1777,newsecondary1777 26-01-31 22-13-35.fits,2026-01-31 22:13:35,1170.8322299585316,1116.9366867800627,4.521621199787367,8.115527164485044,10.647604237296182,19.110606042922566,1910.7370963260246,1148.7522322839593,31992.815455536784,42656.20647193898,True,1,29
1778,newsecondary1778 26-01-31 22-14-35.fits,2026-01-31 22:14:35,1173.60375769221,1118.4136278529745,3.128998942448,8.29420152942292,7.368229430557192,19.53135201901145,2649.3385166677817,1139.3607417386866,31952.621377134987,42601.99904483778,True,1,27
1779,newsecondary1779 26-01-31 22-15-35.fits,2026-01-31 22:15:35,1173.3312530141914,1120.02093122365,3.746949264617012,6.908892867666579,8.823391236034116,16.26919941375262,2199.329314669628,1218.515971107553,32020.743610908576,42694.09552898189,True,1,28
1780,newsecondary1780 26-01-31 22-16-35.fits,2026-01-31 22:16:35,1172.2149361796085,1119.2275328292817,3.9680784546428503,5.865149845954501,9.344110685248417,13.811372424363844,2026.7265234792512,1470.5019712844887,32010.36812090879,42679.73973609761,True,1,20
1781,newsecondary1781 26-01-31 22-17-35.fits,2026-01-31 22:17:35,1168.526121746378,1118.0520756206868,3.5917523636286357,7.3506482995863225,8.457930462660002,17.309453959838535,2323.457206754227,1185.7708125729953,32027.123255358696,42702.35276038981,True,1,31
1782,newsecondary1782 26-01-31 22-18-35.fits,2026-01-31 22:18:35,1169.757599565307,1116.762330467475,3.8116809599599684,5.601746722151515,8.975822729776544,13.191105468508804,2187.4521716836534,1468.936279505061,32035.763911966635,42714.492765431656,True,1,10
1783,newsecondary1783 26-01-31 22-19-35.fits,2026-01-31 22:19:35,1172.588758025145,1117.3686093312258,3.186520546625938,7.990391769765938,7.503682457097737,18.815934707095153,2544.7525290411972,1073.6985460883434,32043.623837341096,42724.225285007626,True,1,28
1784,newsecondary1784 26-01-31 22-20-35.fits,2026-01-31 22:20:35,1170.4564380929053,1116.0345770096783,3.6253829175183374,7.343595177622432,8.537124365084965,17.292845126857916,2300.1391471338657,1274.263541697596,32023.673423862085,42696.91758517952,True,1,30
1785,newsecondary1785 26-01-31 22-21-35.fits,2026-01-31 22:21:35,1171.2581778042465,1119.0031078908803,3.6433092752499885,6.281168496411124,8.579337711605854,14.791021481565823,2321.713455157656,1351.352345857371,32002.857690148296,42670.43907369421,True,1,24
1786,newsecondary1786 26-01-31 22-22-34.fits,2026-01-31 22:22:34,1173.9482127751246,1117.615908383099,4.914082614518608,8.005596647341239,11.571780243606513,18.851739457591712,1667.4662302159725,1085.2104720200136,32051.124814987423,42734.196513236195,True,1,32
1787,newsecondary1787 26-01-31 22-23-35.fits,2026-01-31 22:23:35,1170.8487081785215,1117.8050911618584,3.897668826407728,7.640383542489398,9.178308681317173,17.99172831757861,2038.4463181051626,1132.8341897588357,32043.2131039462,42723.36852423476,True,1,30
1788,newsecondary1788 26-01-31 22-24-35.fits,2026-01-31 22:24:35,1169.763514627852,1116.9374338903463,3.7907862486912762,5.984750301123092,8.926619444845894,14.093009973589666,2233.488985715894,1428.302828758053,32009.66480794084,42679.44817478921,True,1,1
1789,newsecondary1789 26-01-31 22-25-35.fits,2026-01-31 22:25:35,1167.7253975248047,1117.8520103478004,5.811640808820782,8.494880991453035,13.685368271131056,20.00391603882599,1440.9526382278427,1056.3648744306074,31977.37374417466,42635.72545519275,True,1,30
1790,newsecondary1790 26-01-31 22-26-35.fits,2026-01-31 22:26:35,1172.3906752657676,1117.8141112569108,4.669773271129595,6.163527761012709,10.996475704605718,14.513998719737454,1786.495972772231,1378.1760590717245,32000.099681927317,42666.603719425315,True,1,25
1791,newsecondary1791 26-01-31 22-27-35.fits,2026-01-31 22:27:35,1172.6577904744831,1117.1236381681915,3.26646786116855,6.341178949572541,7.691943995929074,14.932335299581718,2478.2718492611393,1292.337151610983,32018.556078102585,42691.27949013635,True,1,30
1792,newsecondary1792 26-01-31 22-28-35.fits,2026-01-31 22:28:35,1173.9793383129977,1116.762372774297,3.138241276987275,5.458744233761324,7.389993465193159,12.854360342358277,2571.78484021323,1508.4578787035543,31977.078048069267,42635.89336753137,True,1,3
1793,newsecondary1793 26-01-31 22-29-35.fits,2026-01-31 22:29:35,1174.2754710482216,1117.4585678378926,3.2105641321754295,6.121015042824205,7.560300774304095,14.413888918778413,2554.8970104495497,1380.741014142781,32003.77622636418,42671.380730201956,True,1,32
1794,newsecondary1794 26-01-31 22-30-35.fits,2026-01-31 22:30:35,1173.2568077226156,1118.782151387503,4.022349230760163,8.961083213797851,9.471908596708852,21.10173837704154,2081.37132354468,1012.0096584445331,31979.03607338373,42637.81642647297,True,1,29
1795,newsecondary1795 26-01-31 22-31-35.fits,2026-01-31 22:31:35,1177.2755532871736,1116.3571479253617,3.735498919415604,6.387109321242155,8.796427733631315,15.040493059465048,2200.8345771461345,1428.3691242021032,31938.572326218724,42583.60013109413,True,1,8
1796,newsecondary1796 26-01-31 22-32-35.fits,2026-01-31 22:32:35,1174.8887638899596,1114.075511204371,4.813741017541111,4.021940224372977,11.335493839693488,9.47094546026976,1748.1515396023224,1969.8593688687156,32012.24974928918,42683.634693840366,True,1,1
1797,newsecondary1797 26-01-31 22-33-35.fits,2026-01-31 22:33:35,1175.8244864331423,1117.309735020998,4.6607730355016175,6.115649590117819,10.975281769338952,14.40125424319475,1804.2481334473098,1442.7524258763199,32015.174492261238,42686.36527549092,True,1,6
1798,newsecondary1798 26-01-31 22-34-34.fits,2026-01-31 22:34:34,1175.6733382377984,1117.020266454951,5.225804340126577,6.5851963039398935,12.305828811539795,15.506952256981382,1572.2632803380307,1200.5909312728897,31973.434293642757,42631.64571942795,True,1,29
1799,newsecondary1799 26-01-31 22-35-35.fits,2026-01-31 22:35:35,1171.5831619801359,1118.8431242512338,6.703379345858798,5.201939761294998,15.78525205307475,12.249632022940974,1305.9071386881183,1660.5186249676271,31921.15007668275,42561.683102276285,True,1,1
1800,newsecondary1800 26-01-31 22-36-35.fits,2026-01-31 22:36:35,1172.4809115323817,1116.541827681156,3.4879507377618233,7.424049725559823,8.213496313362029,17.482301109054788,2330.3872582547333,1106.6701259189476,31991.59931854131,42655.35267854707,True,1,29
1801,newsecondary1801 26-01-31 22-37-35.fits,2026-01-31 22:37:35,1172.4809722220557,1114.520605139199,4.993106895805892,5.579704958783682,11.757868205225973,13.139201082302401,1755.3775224849303,1533.8021118770364,32006.94056155009,42676.18717387258,True,1,13
1802,newsecondary1802 26-01-31 22-38-35.fits,2026-01-31 22:38:35,1173.6839681224271,1116.419979390065,3.9079214990045297,6.619779450198748,9.202451880263261,15.588389343011968,2214.7277918927593,1296.4043791207778,32020.593046494236,42694.21828138541,True,1,29
1803,newsecondary1803 26-01-31 22-39-35.fits,2026-01-31 22:39:35,1173.494123977917,1117.9403934256964,3.3770487270249627,8.13739011740118,7.952342035444633,19.16208936269305,2422.87089970137,1060.3171235802986,31987.819206676897,42649.85044984831,True,1,29
1804,newsecondary1804 26-01-31 22-40-35.fits,2026-01-31 22:40:35,1175.4463311187603,1117.2623421104945,4.323900705426749,5.006564166683531,10.18200805386237,11.78955765644005,1934.909635443811,1726.583145937866,32022.599403009473,42696.4408849004,True,1,1
1805,newsecondary1805 26-01-31 22-41-35.fits,2026-01-31 22:41:35,1175.1796878248708,1116.8342550094562,4.794309871657936,7.440377244826148,11.289736987869865,17.52074947870876,1776.391937771522,1078.4842370977567,32021.920183753453,42696.52828627565,True,1,30
1806,newsecondary1806 26-01-31 22-42-35.fits,2026-01-31 22:42:35,1173.9964680332128,1117.7121379065936,3.8860284293304126,6.956889302729198,9.150897640947392,16.3822223811281,2123.6512783257335,1291.143242752393,31864.430507944428,42484.96636357701,True,1,21
1807,newsecondary1807 26-01-31 22-43-35.fits,2026-01-31 22:43:35,1175.7193387235568,1115.7200572878899,3.396536213178231,7.361039279580941,7.998231558465612,17.33392284781738,2418.8630898689894,1202.7437589417345,31986.152836992,42647.38153626178,True,1,30
1808,newsecondary1808 26-01-31 22-44-35.fits,2026-01-31 22:44:35,1173.4818427236119,1116.8686446866684,3.6544419224563764,7.00993852228391,8.605553092401713,16.507143746708785,2357.8199235134844,1199.913259881379,31934.89644960829,42580.12651850498,True,1,26
1809,newsecondary1809 26-01-31 22-45-35.fits,2026-01-31 22:45:35,1173.0874298372103,1117.7626000350815,4.812142514692877,6.997365089980163,11.331729653144427,16.47753557628508,1738.5825091105123,1191.065983435067,31946.457090587224,42595.3173605704,True,1,12
1810,newsecondary1810 26-01-31 22-46-35.fits,2026-01-31 22:46:35,1173.2645588621651,1118.7425707348589,3.3144724766276745,5.694062181722673,7.804986226666223,13.408491763173211,2423.759599592345,1481.4325693329522,32015.677484810403,42687.0517824152,True,1,7
1811,newsecondary1811 26-01-31 22-47-36.fits,2026-01-31 22:47:36,1174.9694372076904,1118.4244163152034,3.3292865722550387,5.664428342102403,7.839870755998545,13.338709403624167,2471.0780543692945,1410.7497187873373,32008.764719212522,42678.65705045875,True,1,29
1812,newsecondary1812 26-01-31 22-48-36.fits,2026-01-31 22:48:36,1173.5713276278102,1115.0766460513614,4.877735421643516,6.3944716440532146,11.48618914524364,15.05783000479852,1738.663783486198,1346.6195691801427,31972.1936467982,42629.42367427572,True,1,8
1813,newsecondary1813 26-01-31 22-49-36.fits,2026-01-31 22:49:36,1174.0919488773966,1117.0810772785544,3.288612861582605,6.548774139535062,7.744091486801309,15.42118461415747,2527.8028467861986,1366.7844003974299,32020.20466319457,42692.78383027157,True,1,28
1814,newsecondary1814 26-01-31 22-50-36.fits,2026-01-31 22:50:36,1175.648248341781,1118.0924375855102,3.7922744113495623,6.122482149296118,8.930123800103893,14.41734369050667,2248.5520157556675,1436.4221552174454,31932.221321053836,42575.950378216796,True,1,22
1815,newsecondary1815 26-01-31 22-51-36.fits,2026-01-31 22:51:36,1173.9924965725495,1117.5654070051917,3.2512132489367533,6.216191349835877,7.656022129266464,14.638011994341518,2425.6087018890344,1397.8457854571109,31952.927970840232,42602.868422227155,True,1,8
1816,newsecondary1816 26-01-31 22-52-36.fits,2026-01-31 22:52:36,1172.5069622640076,1115.1665044927424,4.268684677282187,4.553875393485864,10.051984243980563,10.723557059153714,1944.1804420159285,1795.8963779159687,31996.526719963935,42662.19139462166,True,1,1
1817,newsecondary1817 26-01-31 22-53-36.fits,2026-01-31 22:53:36,1173.37720111325,1117.1518597863994,3.1785073912659376,6.9771069404817565,7.484812918232061,16.429831279770998,2550.6745850892025,1265.6771942646349,32008.10722116838,42676.54349503061,True,1,30
1818,newsecondary1818 26-01-31 22-54-36.fits,2026-01-31 22:54:36,1175.9625533223434,1116.5743397890283,3.0042703006177045,6.101913370561473,7.074515924585727,14.368907918040518,2733.3756077530793,1354.8032183700398,32030.22880864981,42706.90070733231,True,1,23
1819,newsecondary1819 26-01-31 22-55-36.fits,2026-01-31 22:55:36,1174.5910902629666,1114.3620125055604,4.358467256992056,7.294431565578654,10.263406062375951,17.177073667731104,1946.0484491837512,1203.9629483605106,32022.781755109056,42696.65495140032,True,1,30
1820,newsecondary1820 26-01-31 22-56-36.fits,2026-01-31 22:56:36,1175.7761454844403,1113.0604932444217,5.841730247840592,6.750539328366789,13.75622348527864,15.896305325207877,1463.7700502254283,1208.5126089640164,31995.84372974384,42661.63150510114,True,1,29
1821,newsecondary1821 26-01-31 22-57-36.fits,2026-01-31 22:57:36,1176.1401854496717,1112.3131798742145,4.307141801159673,5.728687568139416,10.142543850161506,13.4900283171743,1982.7081942253606,1428.4819210315993,31986.376497865487,42648.96164712905,True,1,1
1822,newsecondary1822 26-01-31 22-58-36.fits,2026-01-31 22:58:36,1175.3299963455977,1115.0472585842874,4.576535799742231,6.047279073207126,10.776918238034753,14.240253979484322,1881.902304932967,1363.3321527563546,31991.87169374655,42656.30361547754,True,1,10
1823,newsecondary1823 26-01-31 22-59-36.fits,2026-01-31 22:59:36,1174.3534605217174,1114.3739559146638,4.7970752121912685,6.864638231590244,11.296248867189094,16.164987709634516,1774.025917333122,1281.7272965680083,31978.319927889526,42637.38796038155,True,1,7
1824,newsecondary1824 26-01-31 23-00-37.fits,2026-01-31 23:00:37,1175.868185419418,1114.0506956113634,3.5330002551509523,5.287210815385531,8.31957981992892,12.450430010374278,2297.435918307522,1619.6119947247776,31999.044403986383,42664.81695744963,True,1,4
1825,newsecondary1825 26-01-31 23-01-37.fits,2026-01-31 23:01:37,1175.8969197790127,1113.4035947440043,3.5764131251940907,5.473289397533223,8.421809316518827,12.8886115855666,2316.972931878478,1604.4936157522118,31968.21602781951,42623.64925241493,True,1,3
1826,newsecondary1826 26-01-31 23-02-37.fits,2026-01-31 23:02:37,1174.6172921558184,1115.034006340505,4.3815583724501685,6.750948553025114,10.31778148391884,15.897268975636221,1938.634092295626,1374.3084443926596,31963.360378735997,42616.803389592795,True,1,28
1827,newsecondary1827 26-01-31 23-03-37.fits,2026-01-31 23:03:37,1177.5238333863979,1115.6531000336522,4.793247873243853,5.3184213253696635,11.287236172716593,12.523925144900552,1758.1716872089785,1597.0469946614116,31995.358317682203,42660.392118780575,True,1,17
1828,newsecondary1828 26-01-31 23-04-37.fits,2026-01-31 23:04:37,1176.3907617635193,1118.0842416532855,3.5405245852471667,5.249690232678363,8.337298263264916,12.362075790114197,2346.8870655303103,1585.3554634403142,31997.212922791776,42662.93326779005,True,1,1
1829,newsecondary1829 26-01-31 23-05-37.fits,2026-01-31 23:05:37,1175.4235772256118,1115.5704426878044,4.478919508359896,6.524596172683357,10.547049438366047,15.364249853166983,1940.191488335621,1291.3665789736285,31915.425731776253,42554.24178943682,True,1,27
1830,newsecondary1830 26-01-31 23-06-37.fits,2026-01-31 23:06:37,1176.5971967980645,1117.5567339697443,4.427323649465635,6.827050045432519,10.425550475601254,16.07647429541395,1943.9536144568906,1350.172176062797,31987.05195761784,42648.61454218174,True,1,14
1831,newsecondary1831 26-01-31 23-07-37.fits,2026-01-31 23:07:37,1175.4587865076337,1117.3464287608335,3.8228498203369914,6.591405213221536,9.00212338607251,15.521573121015573,2255.1458842523343,1334.00139431865,31965.829532017742,42620.884443598414,True,1,16
1832,newsecondary1832 26-01-31 23-08-37.fits,2026-01-31 23:08:37,1175.8918499138522,1118.7318496238229,3.7124845463581604,6.756088162310588,8.742233026631826,15.909371830605282,2247.5855054448007,1285.772477512633,31995.159867549504,42659.77131734451,True,1,28
1833,newsecondary1833 26-01-31 23-09-37.fits,2026-01-31 23:09:37,1174.068406707781,1120.1496372187255,3.9900259833917686,6.843209264968226,9.395793165885262,16.11452634948869,2079.039633740088,1235.3622583978724,32053.80341831354,42738.200287752414,True,1,31
1834,newsecondary1834 26-01-31 23-10-37.fits,2026-01-31 23:10:37,1175.3721581878033,1119.4866766760142,3.758586518693502,6.483246868676754,8.850794875202551,15.266879683244156,2236.4598931862915,1324.377753678011,32022.9461663493,42697.02902162986,True,1,25
1835,newsecondary1835 26-01-31 23-11-37.fits,2026-01-31 23:11:37,1172.5807760692185,1119.4968937138826,2.946663180348055,8.902453666357781,6.9388615230382475,20.96367634349857,2796.4765415510165,1010.95181146842,32002.03460457122,42668.39993136009,True,1,29
1836,newsecondary1836 26-01-31 23-12-37.fits,2026-01-31 23:12:37,1171.988870981858,1117.9545797069745,3.3435359104016804,6.69941057899666,7.873425383094681,15.775906321313732,2531.26401703242,1475.002711320686,31933.412604974517,42576.054722110035,True,1,1
1837,newsecondary1837 26-01-31 23-13-36.fits,2026-01-31 23:13:36,1173.0180221645498,1119.871136905445,3.3601860831563783,6.835978423681873,7.9126335436506725,16.097499019485145,2503.483389321214,1250.2925525402543,31951.537737929713,42601.87649988991,True,1,29
1838,newsecondary1838 26-01-31 23-14-37.fits,2026-01-31 23:14:37,1172.642648855715,1117.323269291905,7.112192336398649,6.810539515868038,16.74793307786704,16.037594969441432,1200.6249520942629,1176.3577825649693,32015.21053691872,42687.62747879247,True,1,30
1839,newsecondary1839 26-01-31 23-15-37.fits,2026-01-31 23:15:37,1171.42056419522,1119.7077842402082,4.273492927546587,7.5792183107695195,10.063306808084699,17.847695203865676,1994.0315782102584,1167.045967772667,32017.440901880535,42689.503667868696,True,1,29
1840,newsecondary1840 26-01-31 23-16-37.fits,2026-01-31 23:16:37,1172.9134422208167,1118.0767486788377,5.1467931373242255,5.474302237625035,12.119771647398814,12.890996641717212,1697.3997765286176,1556.276140103568,32004.842083520547,42673.40211693178,True,1,1
1841,newsecondary1841 26-01-31 23-17-37.fits,2026-01-31 23:17:37,1172.1090973742682,1117.4279845532294,3.4081364266483467,6.906320914588862,8.025547973671678,16.263142927090332,2428.500851167369,1233.636573569892,31937.77796468184,42583.39033052568,True,1,26
1842,newsecondary1842 26-01-31 23-18-37.fits,2026-01-31 23:18:37,1173.65283412316,1117.4908633209673,3.0019418354671505,6.583198304300875,7.069032808175046,15.502247327381454,2741.0055338729217,1287.1185011140979,32026.8544029123,42702.15660772653,True,1,28
1843,newsecondary1843 26-01-31 23-19-37.fits,2026-01-31 23:19:37,1173.7017302213646,1117.6581158453414,3.8842548256732115,5.343208720178019,9.146721123503474,12.582294999059364,2134.825303735638,1566.6087905665552,31987.409924096002,42649.778663686586,True,1,1
1844,newsecondary1844 26-01-31 23-20-37.fits,2026-01-31 23:20:37,1174.4525770924752,1119.3177662511953,3.6004304165804446,7.910350898613756,8.478365715702763,18.627452859284254,2265.87218635636,1144.4407520123457,31923.435431293245,42563.42678736712,True,1,28
1845,newsecondary1845 26-01-31 23-21-37.fits,2026-01-31 23:21:37,1174.574235107996,1116.6011478898392,3.7796005738152583,7.626835822872964,8.900279193430649,17.95982587586137,2157.735020214851,1105.3412533002074,31988.044561197563,42650.371646747924,True,1,27
1846,newsecondary1846 26-01-31 23-22-37.fits,2026-01-31 23:22:37,1172.3108777358605,1119.834282353638,3.5212139206208124,6.994519445696632,8.291825123119906,16.470834596085194,2268.752930862091,1262.9230877551106,31963.473046782266,42616.8747934975,True,1,12
1847,newsecondary1847 26-01-31 23-23-37.fits,2026-01-31 23:23:37,1172.098718065062,1118.9527088329978,3.2992171056021324,6.36853280532945,7.769062573180892,14.996748707426974,2508.1549723002518,1322.1264454870877,32032.035409680884,42709.19350605987,True,1,24
1848,newsecondary1848 26-01-31 23-24-37.fits,2026-01-31 23:24:37,1172.0454188507529,1118.8860995550433,4.188080273764386,4.972316859102502,9.862175378859082,11.708911410059903,2007.287478883004,1728.661213260593,31886.72167263559,42515.38549318338,True,1,1
1849,newsecondary1849 26-01-31 23-25-38.fits,2026-01-31 23:25:38,1169.4551435717892,1117.3416671961008,3.0213808427026585,6.545461346252072,7.114808172068722,15.413383582129642,2728.2818459941186,1320.3586420529869,31929.09005234543,42571.605362594986,True,1,25
1850,newsecondary1850 26-01-31 23-26-38.fits,2026-01-31 23:26:38,1168.9054964606032,1119.8242625913608,3.6566662744617946,5.926314516291827,8.610791041091277,13.955404216121888,2205.327731490445,1424.5025617819558,31978.706473643877,42637.7880237893,True,1,19
1851,newsecondary1851 26-01-31 23-27-38.fits,2026-01-31 23:27:38,1170.0385900353385,1121.661495062087,3.1277555930936263,6.458937919135722,7.365301566574536,15.209636481591287,2583.2001724065235,1373.1625755693174,31999.273687909437,42664.68018668069,True,1,29
1852,newsecondary1852 26-01-31 23-28-38.fits,2026-01-31 23:28:38,1170.5238599673357,1119.356937586372,4.215348138893131,6.188051152622652,9.926386294249452,14.57174689387269,1918.5035207373005,1348.908577497914,32013.61824669855,42684.489138272045,True,1,28
1853,newsecondary1853 26-01-31 23-29-38.fits,2026-01-31 23:29:38,1168.5778563715628,1120.8534767930416,4.762490995830665,6.227290013097359,11.214809261261456,14.664147349062704,1864.0645470459915,1358.6475139761646,32020.45685969152,42694.480035982946,True,1,12
1854,newsecondary1854 26-01-31 23-30-38.fits,2026-01-31 23:30:38,1169.3946284443996,1118.9666842319464,3.794319019704052,7.626391879065762,8.934938484841283,17.958780468085305,2220.8040594861204,1145.4697235835506,32005.258120966577,42673.278597802746,True,1,29
1855,newsecondary1855 26-01-31 23-31-38.fits,2026-01-31 23:31:38,1173.0872694937018,1118.1087236094818,3.7529987701012972,8.45182017217842,8.837636732811035,19.902515558442673,2263.8940477098904,1064.2751164000913,31945.82743234187,42593.79358200303,True,1,27
1856,newsecondary1856 26-01-31 23-32-38.fits,2026-01-31 23:32:38,1172.857131234983,1118.244919788205,4.439997853776233,5.546196670839766,10.455395945966666,13.0602950941774,1879.195103859296,1498.1393124143742,31979.902639123695,42639.91485987828,True,1,21
1857,newsecondary1857 26-01-31 23-33-38.fits,2026-01-31 23:33:38,1174.0718062989101,1116.614866963008,3.5504405424380376,7.0920211785898175,8.360648558023648,16.70043363112732,2392.7389183808964,1161.9642563150596,31974.627121053625,42633.16444990787,True,1,28
1858,newsecondary1858 26-01-31 23-34-37.fits,2026-01-31 23:34:37,1175.3691502776724,1114.5054454660965,4.233865969899758,4.827310042383361,9.969992453894351,11.36744645138354,1981.5644590779038,1602.5699406317378,32003.681788225982,42672.418450626305,True,1,1
1859,newsecondary1859 26-01-31 23-35-37.fits,2026-01-31 23:35:37,1178.9592738902982,1116.6266443265665,5.083574760887147,5.215012817223377,11.970903747350468,12.28041671709093,1660.64572448411,1719.0682507062593,32009.175155194873,42678.22591065224,True,1,1
1860,newsecondary1860 26-01-31 23-36-38.fits,2026-01-31 23:36:38,1175.0711798426141,1118.6038311437314,3.780019942259371,8.219890610951191,8.901266730649098,19.35636317862956,2306.203841538957,1065.092702434866,31971.392159243376,42628.47459156974,True,1,29
1861,newsecondary1861 26-01-31 23-37-38.fits,2026-01-31 23:37:38,1176.128600364459,1117.6175531517506,3.2296525953839486,6.667694302253269,7.6052506700963525,15.701220197084647,2597.613485311441,1244.6413425627743,31994.122268513896,42658.94638511741,True,1,29
1862,newsecondary1862 26-01-31 23-38-38.fits,2026-01-31 23:38:38,1176.912922892099,1119.469293834947,3.4947589112918513,8.228471268306533,8.22952833686059,19.376569082569464,2420.1806170228087,951.77966232975,32005.2480975897,42674.47163593035,True,1,27
1863,newsecondary1863 26-01-31 23-39-38.fits,2026-01-31 23:39:38,1184.8987819440197,1119.9814566235475,3.836058816554356,5.951578167847402,9.033228195139898,14.014895569215634,2131.157089530617,1404.547219986289,31978.4123080079,42637.64578749002,True,1,28
1864,newsecondary1864 26-01-31 23-40-38.fits,2026-01-31 23:40:38,1183.5238328553219,1119.8761637374664,3.9022910125152137,5.73831933745401,9.189193097814945,13.51270940062542,2021.6849958817677,1478.8216575298657,31958.595563355797,42610.69129397081,True,1,14
1865,newsecondary1865 26-01-31 23-41-38.fits,2026-01-31 23:41:38,1183.1322759828606,1126.1908166259,3.2285575566716673,9.697422592195533,7.6026720509865875,22.83568510523803,2542.3147598696323,932.0251310405448,31982.701609271495,42642.53162956595,True,1,32
1866,newsecondary1866 26-01-31 23-42-38.fits,2026-01-31 23:42:38,1188.9173560627228,1128.1640126361067,3.606045403013974,8.554090355117552,8.491587998309015,20.143343435236723,2254.469381694084,1005.3913660503529,31990.406179244386,42653.26824779833,True,1,29
1867,newsecondary1867 26-01-31 23-43-38.fits,2026-01-31 23:43:38,1192.0535131295962,1136.4500487140178,7.041871603582905,9.885311976539898,16.58234040665126,23.278130793740665,1199.492996120758,858.7988832000146,32019.02751694431,42691.981477254594,True,1,31
1868,newsecondary1868 26-01-31 23-44-38.fits,2026-01-31 23:44:38,1190.3490081302489,1130.854503804168,4.765923251412474,8.869290487891156,11.22289160550517,20.885583026088423,1743.0510986774002,1007.8466947233464,31978.653093317367,42637.38967993858,True,1,29
1869,newsecondary1869 26-01-31 23-45-38.fits,2026-01-31 23:45:38,1187.755280083244,1136.3691619195906,3.418133498048784,10.353106007952759,8.049089277797034,24.37970155585751,2393.2516580782603,859.4029141228468,31978.599785316324,42637.208488171105,True,1,30
1870,newsecondary1870 26-01-31 23-46-38.fits,2026-01-31 23:46:38,1190.7809683967596,1139.015801790245,4.573969166944199,9.633619365257475,10.770874279673713,22.685439987506633,1726.1790762084777,925.1597053524121,32026.1616287952,42700.237311336845,True,1,29
1871,newsecondary1871 26-01-31 23-47-38.fits,2026-01-31 23:47:38,1191.9719105013917,1135.0579759576926,3.2756976443874977,10.515189435404645,7.713678474464342,24.76137885978853,2456.9438171422357,816.329250222993,31998.49542499296,42663.969887771316,True,1,31
1872,newsecondary1872 26-01-31 23-48-38.fits,2026-01-31 23:48:38,1193.446286276423,1136.6219576883784,3.955377665209828,8.656728192356585,9.314202611703818,20.385037071745824,2097.6590027363786,998.1104634200691,32030.872847629435,42707.38775798577,True,1,29
1873,newsecondary1873 26-01-31 23-49-37.fits,2026-01-31 23:49:37,1194.514681426855,1135.8875819227117,3.2527144918515294,9.945354637264678,7.65955728617464,23.41952045477237,2617.3058498888618,906.2361541832547,32026.632407220466,42701.53248994704,True,1,31
1874,newsecondary1874 26-01-31 23-50-38.fits,2026-01-31 23:50:38,1189.8947256696886,1131.0001995354382,3.570796823949629,6.797160962809463,8.408583937769436,16.00609088452559,2310.1617877464655,1193.8032181034087,32020.857456265796,42694.6502229618,True,1,24
1875,newsecondary1875 26-01-31 23-51-38.fits,2026-01-31 23:51:38,1188.0357864785594,1129.340918613778,3.187717186924523,9.34413175581728,7.506500329659537,22.00374876200877,2601.0690845923655,909.5709157865724,31964.108549490695,42618.54361567519,True,1,29
1876,newsecondary1876 26-01-31 23-52-38.fits,2026-01-31 23:52:38,1185.734115166057,1124.075799209629,3.458511448452744,8.572377454299666,8.144172084785545,20.186406262956233,2395.386826580566,1008.8866405739043,31988.165858915938,42650.418354988884,True,1,29
1877,newsecondary1877 26-01-31 23-53-38.fits,2026-01-31 23:53:38,1185.415109252438,1124.3289099935262,3.086601371251006,5.400568396028123,7.268390780041884,12.717366713527666,2513.7237399676164,1433.780984711824,32004.405638209606,42672.56100568248,True,1,26
1878,newsecondary1878 26-01-31 23-54-38.fits,2026-01-31 23:54:38,1184.7365037312054,1121.699338693865,3.0394012799300607,6.061604999485676,7.15724305887203,14.273988957848688,2672.775308290644,1440.0473664730732,31993.868465499152,42657.710723242744,True,1,18
1879,newsecondary1879 26-01-31 23-55-38.fits,2026-01-31 23:55:38,1180.9329595980025,1121.2597248169684,3.867563368888524,7.311384584639726,9.107415746486124,17.21699497683991,2174.334630534958,1152.0205467760686,32019.4929853055,42692.639921641596,True,1,28
1880,newsecondary1880 26-01-31 23-56-38.fits,2026-01-31 23:56:38,1181.5623954922487,1118.3894019163324,3.7626740653143074,6.939025120245461,8.860420311920223,16.340155446127305,2173.067154758662,1128.6217007845685,32049.700017384363,42733.37821737773,True,1,31
1881,newsecondary1881 26-01-31 23-57-38.fits,2026-01-31 23:57:38,1181.2723896021507,1121.7375813235417,3.5461805640936808,7.66866627040334,8.350617075626959,18.058329052198516,2345.194732124873,1118.4378729638488,32017.41383723581,42689.54929668234,True,1,27
1882,newsecondary1882 26-01-31 23-58-38.fits,2026-01-31 23:58:38,1179.025656577632,1120.9943150167817,3.4996869426904333,7.670292014260012,8.241132963980512,18.062157386420292,2290.483684964287,1147.9950173873758,32015.468336531034,42686.273144235885,True,1,27
1883,newsecondary1883 26-01-31 23-59-38.fits,2026-01-31 23:59:38,1178.2608403798954,1121.0555424110255,3.4140402089194604,7.503687348193786,8.039450318505196,17.669833379171855,2400.6647865915343,1078.6882033760908,31996.298132566117,42661.8621410385,True,1,28
1884,newsecondary1884 26-02-01 00-00-38.fits,2026-02-01 00:00:38,1180.7738989094416,1120.8075051761118,3.7304576957597178,5.714597945407096,8.78455655911495,13.456849791137309,2255.5004315338665,1445.606043958884,31979.5147017808,42639.550205798354,True,1,24
1885,newsecondary1885 26-02-01 00-01-38.fits,2026-02-01 00:01:38,1180.069496575498,1118.6433048271256,3.3131325928644517,7.360963068891601,7.801831041522574,17.333743385358474,2494.949277035695,1129.9304442047867,31967.39466265985,42623.12676406148,True,1,26
1886,newsecondary1886 26-02-01 00-02-38.fits,2026-02-01 00:02:38,1178.0778493579546,1120.323352020623,4.710152932796822,7.029723954485732,11.091562541311271,16.553734879057235,1810.458712563494,1124.8028924568127,31929.245229006756,42573.1270345853,True,1,27
1887,newsecondary1887 26-02-01 00-03-38.fits,2026-02-01 00:03:38,1178.894302898768,1120.3729450629348,3.8872435326212664,6.688054768078565,9.153758990533477,15.749165430136223,2115.9058580893234,1355.8240538134444,31978.858363716583,42637.39111735148,True,1,28
1888,newsecondary1888 26-02-01 00-04-38.fits,2026-02-01 00:04:38,1180.3760971690422,1116.3389387369336,3.6931303131069186,7.161156857024944,8.696657290215597,16.86323571253317,2301.1641349543224,1073.4441420331173,31967.963125792106,42624.99706416104,True,1,30
1889,newsecondary1889 26-02-01 00-05-38.fits,2026-02-01 00:05:38,1180.4830296369425,1120.7174846644718,3.5136891768617806,6.20306464256423,8.274105705682418,14.60710096093299,2317.864406079316,1255.2332241537401,31914.067662016372,42552.55177882934,True,1,26
1890,newsecondary1890 26-02-01 00-06-38.fits,2026-02-01 00:06:38,1180.849821569277,1118.1343440078526,2.8867639398512526,6.7977974077373435,6.797809590834247,16.00758959779932,2871.8020443364476,1244.6111765012613,32001.74981239182,42668.78003297215,True,1,29
1891,newsecondary1891 26-02-01 00-07-38.fits,2026-02-01 00:07:38,1181.935055576057,1119.198042405429,3.0573354680972122,7.508460923334007,7.199474844659396,17.68107428959851,2681.456925880517,1303.8619866532251,31922.53486773794,42561.32722079902,True,1,22
1892,newsecondary1892 26-02-01 00-08-38.fits,2026-02-01 00:08:38,1180.9161150107182,1119.1525303956666,3.8407597608152995,5.8812861589477645,9.044298072916142,13.849370537653273,2221.671712226509,1320.3620061333156,31989.74813783171,42653.98712016471,True,1,29
1893,newsecondary1893 26-02-01 00-09-38.fits,2026-02-01 00:09:38,1180.4393605946311,1119.782902261836,3.0330632875161916,7.254325640050233,7.142318227290597,17.08263143037226,2772.5274281332786,1240.1169901517926,31868.31293722381,42490.32707780181,True,1,25
1894,newsecondary1894 26-02-01 00-10-38.fits,2026-02-01 00:10:38,1180.9184115384242,1118.870580954893,3.292418353002018,6.05553958590974,7.7530527342769355,14.259706000378669,2551.4405743874377,1417.475303278195,31994.87472813352,42659.59679069947,True,1,27
1895,newsecondary1895 26-02-01 00-11-38.fits,2026-02-01 00:11:38,1181.550424337687,1118.9417213552035,3.34371376897266,6.326740078130257,7.873844208022804,14.898334355681804,2524.564266629799,1398.4280192450428,32020.216241192655,42693.09806064288,True,1,28
1896,newsecondary1896 26-02-01 00-12-38.fits,2026-02-01 00:12:38,1182.3068640205965,1118.3416204977416,3.0807462753563213,8.738476900523523,7.254603082863502,20.577540568392713,2704.470743833974,1046.6645515250325,32025.538697603646,42699.66807666781,True,1,30
1897,newsecondary1897 26-02-01 00-13-38.fits,2026-02-01 00:13:38,1180.9073919263603,1118.5723374045604,3.069770247045492,6.85027684757784,7.228756511382334,16.131169234687718,2618.309013629601,1220.6096255947868,31850.065087483414,42466.335798824926,True,1,29
1898,newsecondary1898 26-02-01 00-14-37.fits,2026-02-01 00:14:37,1182.286902288954,1116.176902546002,3.5785922175319995,8.184410470020763,8.426940686836108,19.27281383156607,2326.0921834950786,988.2947479235992,31940.528737212022,42587.67534028011,True,1,28
1899,newsecondary1899 26-02-01 00-15-37.fits,2026-02-01 00:15:37,1179.2458714076029,1117.8834315149188,3.9589471582281415,8.469096418836578,9.322608125413941,19.943198010376204,2164.585984731153,1038.0534465676697,31991.989388614602,42655.69973837586,True,1,31
1900,newsecondary1900 26-02-01 00-16-37.fits,2026-02-01 00:16:37,1181.15487177766,1118.0282331290064,3.416719264598664,8.021229646017398,8.045759012520337,18.888552356238275,2456.828707459177,1085.8166624501546,31963.853250531323,42618.064459013236,True,1,30
1901,newsecondary1901 26-02-01 00-17-38.fits,2026-02-01 00:17:38,1178.9399692994452,1116.2266955889475,3.590200975689254,8.524399681829236,8.454277223242727,20.07342724262693,2330.7221238866096,949.6887305429148,32011.814094936257,42682.76981728938,True,1,30
1902,newsecondary1902 26-02-01 00-18-38.fits,2026-02-01 00:18:38,1180.386600229003,1117.5541841755746,3.45385873990677,8.389614368426454,8.133215793437797,19.756032084850283,2467.2990512325196,1069.7446463127646,31863.989683576834,42484.735416671196,True,1,29
1903,newsecondary1903 26-02-01 00-19-38.fits,2026-02-01 00:19:38,1181.9534044300992,1117.4003508543499,3.3225096278626216,8.510017495366036,7.823912271499221,20.039559781652013,2513.561362046029,1005.8125836524334,31953.528671100412,42604.43650123214,True,1,29
1904,newsecondary1904 26-02-01 00-20-38.fits,2026-02-01 00:20:38,1180.4045937863275,1117.6662284103954,3.360616174195458,6.923250442368986,7.913646330650685,16.303008918459877,2384.983050510559,1186.211942676259,31862.660240255784,42483.29241754097,True,1,25
1905,newsecondary1905 26-02-01 00-21-38.fits,2026-02-01 00:21:38,1177.0035200869645,1117.001878588087,3.8171746231012,5.747155505816299,8.988759317862165,13.533516987006207,2218.2598004517495,1640.0892247824165,31888.060633733927,42516.17844821199,True,1,3
1906,newsecondary1906 26-02-01 00-22-38.fits,2026-02-01 00:22:38,1179.0972518439096,1116.6767775108292,2.9858923877227648,7.579542901858179,7.03123924691489,17.84845955746769,2768.936150345618,1170.0429163940407,31962.16930388817,42615.451255914995,True,1,28
1907,newsecondary1907 26-02-01 00-23-38.fits,2026-02-01 00:23:38,1177.2775906281502,1117.223512668176,3.0268131124638606,8.045168315627741,7.127600189792417,18.944923615288083,2788.799835906086,1076.2793864306022,31982.93175531725,42643.62833571543,True,1,29
1908,newsecondary1908 26-02-01 00-24-38.fits,2026-02-01 00:24:38,1179.9897968500447,1118.1643821393002,4.010272366525622,8.100320077157608,9.443469754728238,19.074796088857383,2143.6235332186975,1118.5008396976932,31843.778832712313,42457.773873094455,True,1,26
1909,newsecondary1909 26-02-01 00-25-38.fits,2026-02-01 00:25:38,1178.5416803674475,1119.6210503419438,3.815881761425536,7.158476320697887,8.985714861272859,16.856923531858783,2266.907220241002,1250.0968964699236,31976.799011951203,42635.34707423623,True,1,14
1910,newsecondary1910 26-02-01 00-26-38.fits,2026-02-01 00:26:38,1176.217042668809,1115.5823714993282,2.9668051835405174,8.123155013257556,6.986292315902935,19.12856825411254,2860.618664634858,1036.9636560096876,31995.780285802677,42661.122235497016,True,1,29
1911,newsecondary1911 26-02-01 00-27-38.fits,2026-02-01 00:27:38,1179.246630456723,1118.833772612286,3.0967637322839434,7.356933243342331,7.292321311507086,17.324253871377074,2659.0442020733694,1202.9249221653997,31992.473511109627,42655.83783174669,True,1,18
1912,newsecondary1912 26-02-01 00-28-37.fits,2026-02-01 00:28:37,1176.930259290005,1116.8470815057676,3.032048932455502,6.629358091038736,7.1399296036609075,15.610945318466126,2720.751559168544,1325.8849018022472,31999.960528824522,42665.91734796914,True,1,30
1913,newsecondary1913 26-02-01 00-29-37.fits,2026-02-01 00:29:37,1177.106517293223,1119.6027145735593,3.682343656206643,7.34610930274724,8.671256654327959,17.298765439097533,2333.7485644824715,1137.6334685742593,31946.841774027547,42596.09395905889,True,1,28
1914,newsecondary1914 26-02-01 00-30-37.fits,2026-02-01 00:30:37,1177.6791896450966,1117.6867227752925,3.3405713781910427,7.6055915725274215,7.8664444432209315,17.90979948930603,2383.9255869702038,1141.523630679917,31972.88851489788,42629.59184525305,True,1,28
1915,newsecondary1915 26-02-01 00-31-38.fits,2026-02-01 00:31:38,1178.5682105344624,1115.5602600623604,3.289264571293015,7.314310214184605,7.745626145890924,17.223884307936522,2503.812268179636,1086.9441002351705,31951.974212585563,42603.00035361274,True,1,30
1916,newsecondary1916 26-02-01 00-32-38.fits,2026-02-01 00:32:38,1178.0208587018235,1118.4721838944536,4.044188787698158,8.442205088421824,9.523336823161038,19.87987376647799,2052.7984130480017,1087.1073977039778,31931.787890371506,42574.588070631675,True,1,30
1917,newsecondary1917 26-02-01 00-33-38.fits,2026-02-01 00:33:38,1175.8311525578276,1119.512914216722,3.3844649570438117,6.873207712948623,7.969805922551578,16.185167296112745,2479.2311269991865,1318.8611509994907,31972.868906566346,42629.6228906086,True,1,25
1918,newsecondary1918 26-02-01 00-34-38.fits,2026-02-01 00:34:38,1177.0188648304943,1117.2522652402029,3.3968105434187486,7.024347141558797,7.998877556814941,16.541073452198507,2494.0912087702964,1258.5575411336545,31945.13231375764,42593.034485447024,True,1,28
1919,newsecondary1919 26-02-01 00-35-38.fits,2026-02-01 00:35:38,1174.0838401681842,1117.2793276357877,4.106816895937125,6.7756361603664494,9.670814747824524,15.955403848267451,2032.521096440173,1284.318722577599,32016.69741225613,42688.47228866818,True,1,31
1920,newsecondary1920 26-02-01 00-36-38.fits,2026-02-01 00:36:38,1178.221028145855,1116.452487705738,3.392328356985701,7.092736070525963,7.9883228143568346,16.70211707298859,2515.4472300661537,1267.3803619247888,32001.885178246728,42668.592299954056,True,1,31
1921,newsecondary1921 26-02-01 00-37-38.fits,2026-02-01 00:37:38,1177.4591451969932,1117.5423604369516,3.242877891077423,6.496334867566401,7.636393861496807,15.297699565378839,2562.1387252237528,1452.8090938786622,31977.709942154994,42635.49053848381,True,1,28
1922,newsecondary1922 26-02-01 00-38-38.fits,2026-02-01 00:38:38,1178.2585342085686,1119.5570245741235,3.83834545003474,7.84893196436736,9.038612805495147,18.482822321776403,2270.7239960055335,1096.0899672006901,31929.3895336932,42572.66467950045,True,1,30
1923,newsecondary1923 26-02-01 00-39-38.fits,2026-02-01 00:39:38,1178.5258572031237,1119.9700560725887,3.511936919815916,6.72221152161428,8.269979455666768,15.829598438035307,2409.767663618353,1346.392986466226,31997.202363103406,42662.17858182808,True,1,27
1924,newsecondary1924 26-02-01 00-40-38.fits,2026-02-01 00:40:38,1179.4607104064985,1119.5129302706237,3.2852040000363107,8.161865006026266,7.73606423130136,19.219723321027303,2509.6505433356688,1153.7016451351742,32003.426530381785,42669.724636335646,True,1,30
1925,newsecondary1925 26-02-01 00-41-38.fits,2026-02-01 00:41:38,1178.1181874087983,1119.766966070006,4.483800200912768,6.9448563437081985,10.558542591023183,16.353886928024416,1987.2214680214024,1285.0485051538524,31939.691813259156,42586.23747567075,True,1,11
1926,newsecondary1926 26-02-01 00-42-38.fits,2026-02-01 00:42:38,1179.828379668198,1117.818693703528,4.870278121797641,6.130863824778061,11.46862854608477,14.437081027942492,1836.6774230543945,1421.412866387593,31885.959060394034,42514.90947328785,True,1,18
1927,newsecondary1927 26-02-01 00-43-38.fits,2026-02-01 00:43:38,1179.3822530567027,1117.3066562592583,3.3673780837589113,6.154298910233727,7.929569410833391,14.492266436930509,2569.086655388065,1509.5019175138111,31986.991490332894,42648.49825552324,True,1,12
1928,newsecondary1928 26-02-01 00-44-39.fits,2026-02-01 00:44:39,1180.9606124531106,1120.0122565509564,4.158263509425946,6.1031392058504235,9.79196226451696,14.371794539550846,2035.5641831276043,1302.8622219382178,31966.97564231919,42623.295484051574,True,1,25
1929,newsecondary1929 26-02-01 00-45-39.fits,2026-02-01 00:45:39,1180.4938563875585,1119.4023426247436,3.948081626223273,7.777410404154434,9.297021752848952,18.31440191813512,2162.5627281574434,1184.7496591612462,31918.349719335798,42556.9275794035,True,1,24
1930,newsecondary1930 26-02-01 00-46-39.fits,2026-02-01 00:46:39,1177.554519681162,1118.5020398191277,3.901455201528562,7.2721636972026396,9.18722491334972,17.124636844919156,2206.9265919510726,1231.2189562308708,31996.4604035429,42661.50441784538,True,1,29
1931,newsecondary1931 26-02-01 00-47-39.fits,2026-02-01 00:47:39,1179.2442536477895,1120.614933121341,3.2415423479330197,7.815713269038357,7.633248897729363,18.40459827214589,2621.7021533869897,1203.9982077649497,31946.291579535322,42593.87981743955,True,1,24
1932,newsecondary1932 26-02-01 00-48-39.fits,2026-02-01 00:48:39,1182.1026548174698,1117.341259915267,3.412841037530098,5.794231223867556,8.036626485680097,13.644371831507533,2456.968349743998,1447.1223646132653,31940.519025569167,42587.35906273982,True,1,24
1933,newsecondary1933 26-02-01 00-49-39.fits,2026-02-01 00:49:39,1180.335757406438,1118.0392838621212,3.250664740201215,8.026990097023578,7.654730489901144,18.902117181736045,2538.0461844367474,1180.3881368102639,31991.254425692514,42653.42684546364,True,1,29
1934,newsecondary1934 26-02-01 00-50-39.fits,2026-02-01 00:50:39,1181.207586808478,1119.0184243478934,3.253962749942598,5.793798067283215,7.66249670934886,13.643351825700089,2603.8720752810764,1364.167696719764,31976.007169144057,42635.41014999786,True,1,9
1935,newsecondary1935 26-02-01 00-51-39.fits,2026-02-01 00:51:39,1181.0537755513922,1116.1596771362613,2.909689161406411,8.781518714196386,6.85179436208911,20.67889629400406,2820.8105896489274,1007.1881981843841,31947.617435270575,42596.00193928815,True,1,29
1936,newsecondary1936 26-02-01 00-52-39.fits,2026-02-01 00:52:39,1181.8603022853504,1118.5881448685013,2.9162274473049763,8.154968868834729,6.867190848783195,19.203484158935385,2837.103181284841,1048.329189204905,31991.929423082995,42655.550722364744,True,1,28
1937,newsecondary1937 26-02-01 00-53-38.fits,2026-02-01 00:53:38,1179.5207992964547,1116.9321050800193,3.4260491279993093,8.611825769093937,8.067729161873578,20.279299945376472,2481.5938970385096,1003.1423288312816,32027.709293779626,42703.435967848345,True,1,29
1938,newsecondary1938 26-02-01 00-54-38.fits,2026-02-01 00:54:38,1181.1314985670392,1119.2551445308668,2.9435807998055785,7.8917725456202845,6.93160307155041,18.58370418125157,2833.4137591177446,1061.1498480625273,31973.63725377797,42631.47253564007,True,1,30
1939,newsecondary1939 26-02-01 00-55-38.fits,2026-02-01 00:55:38,1181.6390429595972,1117.5002595130077,3.3756117357036493,7.235880040839559,7.948958179476668,17.039195363608357,2508.122423971367,1241.1755006101148,32008.49450745908,42677.32920714491,True,1,31
1940,newsecondary1940 26-02-01 00-56-39.fits,2026-02-01 00:56:39,1180.493917578109,1117.1360311938736,3.608226235179189,6.291183974377658,8.496723465606511,14.814606129841984,2322.334709023416,1339.0763233315784,31951.951653450196,42602.54435289338,True,1,25
1941,newsecondary1941 26-02-01 00-57-39.fits,2026-02-01 00:57:39,1180.4632221304669,1119.9275976935187,3.7309045846714253,6.952606755031827,8.78560890208214,16.37213775196653,2137.7689855721783,1256.7607703233189,31999.272609507745,42664.71433896964,True,1,28
1942,newsecondary1942 26-02-01 00-58-39.fits,2026-02-01 00:58:39,1180.8770224409573,1119.0010536653208,3.4894701030564885,6.453012623406966,8.217074145213632,15.195683476436477,2384.758576740424,1416.0078953398313,32015.10763237896,42685.758046263094,True,1,3
1943,newsecondary1943 26-02-01 00-59-39.fits,2026-02-01 00:59:39,1179.8007402978449,1119.5373095091477,3.4177048898004108,8.750857614792112,8.0480799825023,20.606694922524188,2497.0237307930424,1002.2415928674283,31907.581870436174,42543.13769707893,True,1,29
1944,newsecondary1944 26-02-01 01-00-39.fits,2026-02-01 01:00:39,1179.4932868283538,1117.4718019989712,3.2131557951258856,7.965839849028127,7.566403674169794,18.758119351997745,2625.999749574102,1006.1649830113332,31935.72442380296,42581.5110604042,True,1,32
1945,newsecondary1945 26-02-01 01-01-39.fits,2026-02-01 01:01:39,1181.6837902127484,1117.1541928491506,3.4393384131402978,5.759563996326277,8.09902303690771,13.562736749187676,2244.3615077128084,1403.2624236585677,32004.9348143045,42672.778281759805,True,1,28
1946,newsecondary1946 26-02-01 01-02-39.fits,2026-02-01 01:02:39,1179.5399977443321,1120.1044926268016,3.4124721032714853,5.368153539267543,8.035757711892618,12.641035559071046,2453.5658796810335,1485.6689434730858,31980.918862069557,42641.73759769185,True,1,18
1947,newsecondary1947 26-02-01 01-03-39.fits,2026-02-01 01:03:39,1181.1723838961075,1118.9470221280978,3.8500155232165243,6.856119882407574,9.066093727750589,16.14492853022859,2134.3006839792247,1190.2984287460856,31890.545064796457,42520.799298274,True,1,25
1948,newsecondary1948 26-02-01 01-04-39.fits,2026-02-01 01:04:39,1179.8882240429703,1121.14605041111,3.30051649575979,5.68764850135567,7.77212240317046,13.393388700082571,2519.1876224968855,1471.4686977644262,32006.51054693278,42675.27702408375,True,1,25
1949,newsecondary1949 26-02-01 01-05-39.fits,2026-02-01 01:05:39,1180.331388065956,1120.5642597638646,3.07620586662586,6.259769460796589,7.2439112373723775,14.740630603556385,2664.150992139641,1363.9250787223848,31951.424377254385,42601.45769920271,True,1,30
1950,newsecondary1950 26-02-01 01-06-39.fits,2026-02-01 01:06:39,1179.571826306785,1118.088718400333,3.487272763605006,7.44005393112862,8.211899806227542,17.51998813313299,2425.465318898535,1163.311196218793,31906.05103721784,42541.14757531325,True,1,24
1951,newsecondary1951 26-02-01 01-07-39.fits,2026-02-01 01:07:39,1177.5960741971483,1121.9579328107156,3.777746632245362,6.9421201946663915,8.89591349465954,16.347443789414577,2254.2851120597834,1316.5283905882375,31923.144389598983,42563.38872169164,True,1,21
1952,newsecondary1952 26-02-01 01-08-38.fits,2026-02-01 01:08:38,1181.075310259852,1118.2155761662807,2.947267164225685,6.394859343420136,6.940283796380166,15.058742967039192,2810.5760202822485,1276.4496521988779,31980.983525665088,42641.46713230607,True,1,26
1953,newsecondary1953 26-02-01 01-09-38.fits,2026-02-01 01:09:38,1180.4264981839747,1120.8415304030198,3.4151721040319685,8.090904339734777,8.042115727805003,19.052623721635353,2508.1072272081537,1095.8070792147425,31932.16094912817,42575.827190013784,True,1,30
1954,newsecondary1954 26-02-01 01-10-38.fits,2026-02-01 01:10:38,1181.9176951733891,1119.2584733795422,3.2833176480915625,6.733884849640096,7.731622211929884,15.857087024862718,2531.150215775184,1268.8435619489735,31954.070790826827,42605.126414735474,True,1,28
1955,newsecondary1955 26-02-01 01-11-38.fits,2026-02-01 01:11:38,1183.3875543238655,1118.7179234825126,4.699005196228863,7.878150850967915,11.065311627784316,18.551627541636876,1826.7456362203193,1127.6927064821145,31982.97892960166,42643.5847634683,True,1,31
1956,newsecondary1956 26-02-01 01-12-39.fits,2026-02-01 01:12:39,1179.9861602004632,1120.0835608781572,3.429931358937071,7.839812985819302,8.07687111710526,18.46134876830123,2496.4118415625508,1140.5106821420259,31984.042415933527,42644.90136717484,True,1,28
1957,newsecondary1957 26-02-01 01-13-39.fits,2026-02-01 01:13:39,1180.247992036864,1118.2186637155673,3.589802885523042,8.418524472978172,8.453339792539602,19.82411017855261,2361.766312361002,1067.274805915495,31935.812930111035,42580.43068308337,True,1,29
1958,newsecondary1958 26-02-01 01-14-39.fits,2026-02-01 01:14:39,1181.3814104525006,1120.6265128415473,4.1400563867921285,6.746307294813496,9.74908776717651,15.88633964776534,2055.124812260825,1266.097037141029,31996.232937084565,42661.60117561926,True,1,22
1959,newsecondary1959 26-02-01 01-15-39.fits,2026-02-01 01:15:39,1180.321803169918,1119.2353243458585,3.0172140681002673,9.321136269669509,7.104996167711885,21.949598530282767,2757.2090931394237,1025.895707896993,31967.673662664187,42621.96159078145,True,1,29
1960,newsecondary1960 26-02-01 01-16-39.fits,2026-02-01 01:16:39,1180.6283836430136,1120.1970702998,3.6023752549938775,7.052126828782471,8.48294546018306,16.606489616517504,2377.3420758169664,1219.9142227742116,31979.551326878853,42639.351595905806,True,1,24
1961,newsecondary1961 26-02-01 01-17-39.fits,2026-02-01 01:17:39,1180.195423011101,1117.879658791197,4.633512016288192,6.297684137362958,10.911086974847205,14.829912843935736,1835.804801007231,1423.3291162117662,31963.94986859152,42618.0099759628,True,1,25
1962,newsecondary1962 26-02-01 01-18-39.fits,2026-02-01 01:18:39,1180.278247826406,1116.309351246936,4.51424971959407,8.670168755336135,10.630245727975458,20.416687178866567,1834.7713514407878,954.3013617795925,31957.506774842954,42610.020202296444,True,1,28
1963,newsecondary1963 26-02-01 01-19-39.fits,2026-02-01 01:19:39,1181.3754365178486,1119.4477446803432,3.092005764125138,8.387372146796936,7.281117152713112,19.75075205641169,2566.719840865715,870.4276247436749,31955.57932661321,42608.25880057064,True,1,29
1964,newsecondary1964 26-02-01 01-20-39.fits,2026-02-01 01:20:39,1180.1644910586647,1116.4084755064575,3.2961153939573697,7.8886121853125895,7.761758600425899,18.576262101449487,2469.8765673932253,1018.6808189523068,31899.023357934315,42532.16655882186,True,1,28
1965,newsecondary1965 26-02-01 01-21-38.fits,2026-02-01 01:21:38,1178.1194630849154,1117.746746097335,3.33849637944534,7.383874604492422,7.8615581945811375,17.387695928653727,2511.726052035613,1214.7718213790727,31884.85646161739,42512.38849740288,True,1,24
1966,newsecondary1966 26-02-01 01-22-38.fits,2026-02-01 01:22:38,1179.3071747471572,1117.2525420264856,3.4021093275280267,9.539267846971956,8.011355239849761,22.463259140968788,2438.583430957396,846.5473275324462,32002.063345318205,42669.70260764284,True,1,30
1967,newsecondary1967 26-02-01 01-23-38.fits,2026-02-01 01:23:38,1177.9977405838806,1118.6871280334237,3.317605980035739,6.633627294954787,7.812365063302706,15.620998525423968,2473.2958019130183,1340.0077566289333,32020.059436661577,42692.531018730224,True,1,29
1968,newsecondary1968 26-02-01 01-24-39.fits,2026-02-01 01:24:39,1179.4458372016882,1117.225037044499,3.5487162076441336,7.937407881300463,8.356588059886619,18.69116718447297,2443.4364176054323,1051.5475816159662,31985.523483708515,42647.783061412614,True,1,30
1969,newsecondary1969 26-02-01 01-25-39.fits,2026-02-01 01:25:39,1176.8840162279223,1116.8925767363842,2.997389345680961,10.116710132668784,7.058312513971728,23.823031810176168,2823.0476796903117,844.5326256920966,31972.928426091086,42630.46534928526,True,1,31
1970,newsecondary1970 26-02-01 01-26-39.fits,2026-02-01 01:26:39,1177.5382710375222,1116.8419584291025,3.924100693741205,5.876516409319641,9.240550972341644,13.83813863561919,2082.8855973449604,1267.8127859799183,31947.160567917734,42597.14650751282,True,1,29
1971,newsecondary1971 26-02-01 01-27-39.fits,2026-02-01 01:27:39,1177.6072143118224,1114.4524468234024,3.818212056222918,7.076109457877303,8.991202286172564,16.662964392242557,2157.755197285497,1057.5536673247523,31873.38945753132,42498.82663789213,True,1,26
1972,newsecondary1972 26-02-01 01-28-39.fits,2026-02-01 01:28:39,1178.29408173944,1115.6268853942674,3.7146241881627184,7.251301343704549,8.747271498042386,17.07550975671533,2265.3825735225464,1188.6799819102803,32029.886809607167,42706.252147990825,True,1,28
1973,newsecondary1973 26-02-01 01-29-39.fits,2026-02-01 01:29:39,1177.878351253035,1115.7940132342553,3.5994971510000853,8.66354737139383,8.476168043206794,20.401095011233384,2292.3699298986485,1051.0331007779907,31986.952878091528,42648.168959561306,True,1,28
1974,newsecondary1974 26-02-01 01-30-39.fits,2026-02-01 01:30:39,1177.2379193043398,1115.6246080345,3.2541959947511776,6.98212099642416,7.663045958899503,16.44163847921108,2594.2756671189545,1198.84536057338,31983.52790838038,42644.796455547716,True,1,30
1975,newsecondary1975 26-02-01 01-31-39.fits,2026-02-01 01:31:39,1178.3929297912423,1117.0808691117525,3.026842509680478,6.663663759066257,7.127669414947375,15.691728993195508,2695.5922175481624,1319.969155254742,31985.082209193253,42645.9553097953,True,1,29
1976,newsecondary1976 26-02-01 01-32-39.fits,2026-02-01 01:32:39,1176.6443031393942,1116.4738554004925,3.245149718677564,6.821232836520543,7.6417436066684745,16.062775815261894,2557.409464575162,1267.7529221072823,31994.41629986411,42658.77242089421,True,1,30
1977,newsecondary1977 26-02-01 01-33-39.fits,2026-02-01 01:33:39,1176.5777578584496,1114.6584460575762,4.255027314548492,7.417474244083533,10.019823612453,17.466817033468693,1956.5885825399353,1220.635098579532,31969.670321259793,42625.28750706928,True,1,30
1978,newsecondary1978 26-02-01 01-34-39.fits,2026-02-01 01:34:39,1177.8844422021173,1117.3515152249793,4.061793040670706,6.67607590005808,9.564791670938588,15.720957351604802,2059.0718603526147,1318.1187818104756,31921.489874569957,42561.42387831302,True,1,20
1979,newsecondary1979 26-02-01 01-35-38.fits,2026-02-01 01:35:38,1177.9812375623592,1116.134065389381,3.5229104605521204,7.706175484431747,8.295820169357347,18.146656501265966,2343.181985848104,1092.5130539911406,31987.612358779013,42649.937989906764,True,1,29
1980,newsecondary1980 26-02-01 01-36-39.fits,2026-02-01 01:36:39,1177.4403516463854,1118.544548888001,4.04922407901767,5.597883449274094,9.535194028092794,13.182008156097627,2100.9187555386125,1532.4016657286704,31951.85990958033,42602.38818234857,True,1,4
1981,newsecondary1981 26-02-01 01-37-39.fits,2026-02-01 01:37:39,1175.6587795080447,1119.301023586699,3.5321447753632205,7.705476087704033,8.317565318976651,18.145009547832114,2306.7542109114743,1042.1890087270742,31973.6348455266,42631.66428228409,True,1,31
1982,newsecondary1982 26-02-01 01-38-39.fits,2026-02-01 01:38:39,1174.6875527634068,1117.9434138403653,4.339475848980164,7.115908782733711,10.218684714106185,16.756684640193125,1978.9824829132062,1302.157658228179,31944.61447195838,42591.9446987416,True,1,24
1983,newsecondary1983 26-02-01 01-39-39.fits,2026-02-01 01:39:39,1174.7968617815254,1118.1739046527537,3.2488058517416527,7.945072277096017,7.65035314209509,18.70921545732539,2508.621539830817,1184.3520695389668,31892.31015376124,42521.45587573291,True,1,29
1984,newsecondary1984 26-02-01 01-40-39.fits,2026-02-01 01:40:39,1177.6470100281583,1119.3213404415771,3.9856581946027987,7.15309467213075,9.385507809292534,16.844250717937577,2076.905030145325,1221.7889774045655,31990.20545847241,42653.011903804625,True,1,30
1985,newsecondary1985 26-02-01 01-41-39.fits,2026-02-01 01:41:39,1175.1831791543443,1116.745282538839,4.967220128061398,6.309562306409817,11.69690952564018,14.857883794505547,1750.2022510368597,1188.2222226277242,31965.918316560525,42622.76718176943,True,1,28
1986,newsecondary1986 26-02-01 01-42-39.fits,2026-02-01 01:42:39,1177.3297988574511,1116.9329881880724,4.460241269019551,6.724429146052575,10.503065545961519,15.834820544514953,1928.8235123124448,1280.0449406197577,31986.04646266991,42648.05607912695,True,1,27
1987,newsecondary1987 26-02-01 01-43-39.fits,2026-02-01 01:43:39,1177.6336820703618,1121.2473614349176,3.2465912290009014,8.106289991478144,7.645138104072988,19.0888541627665,2569.2299876988795,1054.128136540574,31978.53495876329,42637.78379099646,True,1,29
1988,newsecondary1988 26-02-01 01-44-39.fits,2026-02-01 01:44:39,1176.555443464106,1119.3465405647912,3.239448496861371,7.788022985455461,7.628318255254535,18.339392637312297,2606.77999576963,1107.5280071926015,31944.071259062937,42591.86172519239,True,1,31
1989,newsecondary1989 26-02-01 01-45-39.fits,2026-02-01 01:45:39,1177.839019208798,1119.8462321434988,3.5247172263213877,9.9915200278774,8.300074777607493,23.52823164197389,2386.6090745860597,927.9467381314122,31985.625747241545,42646.392772049345,True,1,29
1990,newsecondary1990 26-02-01 01-46-39.fits,2026-02-01 01:46:39,1179.498274407661,1119.1963988944792,3.3352344119303283,7.921178789543634,7.853876848090548,18.65295059389134,2496.8405557554447,1101.5319408083712,31993.809387099325,42657.899478769985,True,1,29
1991,newsecondary1991 26-02-01 01-47-39.fits,2026-02-01 01:47:39,1179.911623910239,1121.1308961725726,4.450370676883141,7.902929822378542,10.479822077742375,18.60997756020987,1992.45232891549,1133.109799363172,31974.990489016844,42633.20752383037,True,1,30
1992,newsecondary1992 26-02-01 01-48-38.fits,2026-02-01 01:48:38,1181.9541595326843,1119.6491257016517,3.939265161718906,8.793546099117403,9.276260565507764,20.707218621105373,2138.7926678064805,935.0540813486025,31913.376919897935,42551.43075930682,True,1,30
1993,newsecondary1993 26-02-01 01-49-39.fits,2026-02-01 01:49:39,1180.227493819689,1120.951012686398,3.681054181245139,6.8444962559746285,8.668220172841043,16.11755698170834,2323.780012730272,1150.8063536822228,31922.855479039816,42564.68058969439,True,1,30
1994,newsecondary1994 26-02-01 01-50-39.fits,2026-02-01 01:50:39,1179.3320705231868,1119.5765634366853,3.9025917926302216,9.05347165644832,9.189901380858911,21.319296533724057,2198.593288235543,1096.350192904125,31966.834721332198,42620.71130168237,True,1,27
1995,newsecondary1995 26-02-01 01-51-39.fits,2026-02-01 01:51:39,1181.2487687921132,1119.7204890519677,3.3496463463034067,7.280976631686045,7.887814360039943,17.145389719696222,2489.0999061768207,1026.8834278350648,31971.776128491845,42630.14488509712,True,1,30
1996,newsecondary1996 26-02-01 01-52-39.fits,2026-02-01 01:52:39,1180.1136274473401,1118.847056190041,3.134833649141474,9.048784925494967,7.381969114835861,21.308260125729433,2693.007643312086,935.7522947341481,31944.01763726545,42591.99090658426,True,1,31
1997,newsecondary1997 26-02-01 01-53-39.fits,2026-02-01 01:53:39,1180.4902713047345,1118.2346588281582,3.319285096911709,8.320359338801147,7.81631908138019,19.592948952869396,2485.6777430031643,1006.8727118623486,31968.86829843016,42624.994143119795,True,1,30
1998,newsecondary1998 26-02-01 01-54-39.fits,2026-02-01 01:54:39,1181.3434607653774,1119.16878278907,3.1056216506156926,7.913922111844422,7.313180115151937,18.635862423784907,2657.4490438804796,1202.7993190756067,31955.725585797027,42606.00193212495,True,1,30
1999,newsecondary1999 26-02-01 01-55-39.fits,2026-02-01 01:55:39,1180.3374795365232,1117.6717382364736,3.774158605517585,7.274987485804917,8.887464337398864,17.131286358922726,2243.60255696217,1258.9226716752667,31969.473994573338,42625.0744223543,True,1,30
2000,newsecondary2000 26-02-01 01-56-39.fits,2026-02-01 01:56:39,1179.4656581489241,1117.130559402383,3.693872596966757,9.861311929605142,8.698405235127849,23.221615002137018,2292.3437292116423,866.2374424336155,31979.156562509852,42638.77921049864,True,1,31
2001,newsecondary2001 26-02-01 01-57-39.fits,2026-02-01 01:57:39,1181.0117061358048,1115.9781172243204,3.4938738714480313,9.848833035844399,8.22744422729571,23.192229452969407,2374.8960771375,959.1974583445062,31975.73149418717,42632.826617143866,True,1,30
2002,newsecondary2002 26-02-01 01-58-39.fits,2026-02-01 01:58:39,1179.0015218770063,1117.2339219006526,3.843700323520742,7.494824532789718,9.051222568918588,17.648963043802947,2243.831519776144,1127.5467565438794,31887.17526768033,42516.45785639547,True,1,28
2003,newsecondary2003 26-02-01 01-59-39.fits,2026-02-01 01:59:39,1179.9933740487986,1116.7660613937283,3.066005014779673,8.165352162712992,7.219890066968587,19.227934947493367,2724.4229389406833,1066.198579199682,32001.116472766935,42667.70039998646,True,1,32
2004,newsecondary2004 26-02-01 02-00-39.fits,2026-02-01 02:00:39,1177.1379847629037,1117.0195288606976,3.2571876322627507,6.911877311253294,7.670090726879222,16.276227241333878,2609.3342013811016,1235.67241246858,31952.598741498954,42603.41118750988,True,1,28
2005,newsecondary2005 26-02-01 02-01-39.fits,2026-02-01 02:01:39,1179.200259922511,1116.68742551105,2.746796461256549,8.162836946479048,6.468211366586999,19.22201206588809,3017.178889686291,1123.9580965419118,31980.450666252174,42639.457032260056,True,1,32
2006,newsecondary2006 26-02-01 02-02-39.fits,2026-02-01 02:02:39,1180.4466175714356,1117.2092114620814,3.084019607116884,7.392692326693326,7.262311190107312,17.40846007764393,2774.7950881761376,1133.8564450782883,31938.86360811721,42585.377474499124,True,1,30
2007,newsecondary2007 26-02-01 02-03-39.fits,2026-02-01 02:03:39,1181.1037594112577,1117.2149876868089,3.317611179737536,7.471164311527672,7.812377307664725,17.593247480505216,2495.4810722304583,1189.5826292272397,31926.801517931366,42568.284039367005,True,1,31
2008,newsecondary2008 26-02-01 02-04-40.fits,2026-02-01 02:04:40,1178.8286198969136,1117.6024687536783,4.104656254554566,8.844932091702155,9.665726826186752,20.82822338647776,2027.0326183168886,979.786826441383,31977.41210287325,42636.10349201156,True,1,28
2009,newsecondary2009 26-02-01 02-05-40.fits,2026-02-01 02:05:40,1176.5860887916779,1116.7639423995727,3.087861248420398,7.261832805429714,7.271357564054646,17.100309453889224,2567.7604778391465,1145.41038064121,31977.147077528538,42635.694660849884,True,1,29
2010,newsecondary2010 26-02-01 02-06-40.fits,2026-02-01 02:06:40,1177.1455641071625,1117.0196695128377,3.398632477865999,8.052588059314775,8.003167884572058,18.962395776451306,2412.6163632764183,1041.962943753251,31968.786520061436,42624.802540846365,True,1,29
2011,newsecondary2011 26-02-01 02-07-40.fits,2026-02-01 02:07:40,1178.8828875275374,1118.1324853538135,4.754800708648037,6.69054847230243,11.19670001885176,15.755037654828957,1807.4394169520654,1206.1586444138145,31906.00424418049,42542.0148422464,True,1,18
2012,newsecondary2012 26-02-01 02-08-40.fits,2026-02-01 02:08:40,1177.6146448636086,1116.5244231199665,3.2571863329838484,7.940892695698215,7.670087667311218,18.699373295270007,2539.039151337278,1050.3596464958446,31921.29238976343,42561.63206367698,True,1,31
2013,newsecondary2013 26-02-01 02-09-40.fits,2026-02-01 02:09:40,1178.638373368059,1118.1469861076246,2.982342152083293,6.236133911054494,7.0228790808664785,14.684973137248374,2713.0913798478487,1385.4964752351148,31935.230691059915,42579.59998810764,True,1,14
2014,newsecondary2014 26-02-01 02-10-40.fits,2026-02-01 02:10:40,1175.8301963547076,1117.417780728463,3.357828895015678,8.944613667822757,7.907082789767042,21.06295556004683,2531.855224062668,1049.035661646018,31957.311654284138,42608.612015685714,True,1,30
2015,newsecondary2015 26-02-01 02-11-40.fits,2026-02-01 02:11:40,1176.388915051199,1118.1502214590455,3.759553565934232,7.907084532249169,8.853072097429514,18.619761154294512,2241.8398426697563,1152.8302962303148,31935.59851171343,42579.911915210476,True,1,25
2016,newsecondary2016 26-02-01 02-12-40.fits,2026-02-01 02:12:40,1176.9661391733057,1117.813099094409,3.1514601078253834,7.254866476962812,7.42112143302261,17.083905003975094,2656.4290031535393,1233.5169167891627,31836.058038369803,42447.33291257623,True,1,30
2017,newsecondary2017 26-02-01 02-13-40.fits,2026-02-01 02:13:40,1175.0150800695767,1117.762534252663,4.505710157656688,9.384048770251596,10.610136596349529,22.097746147736487,1831.572761986806,953.6922976502846,31903.864953675966,42537.587933304254,True,1,30
2018,newsecondary2018 26-02-01 02-14-39.fits,2026-02-01 02:14:39,1177.8210355718795,1115.842021640134,4.47923372917361,6.446247550304061,10.547789371836748,15.179752946687655,1887.5668469422915,1376.251503559505,31964.570920596787,42618.89045858508,True,1,13
2019,newsecondary2019 26-02-01 02-15-40.fits,2026-02-01 02:15:40,1178.2121843892758,1116.927998076959,3.6181910932677774,8.781262195758774,8.520188913179407,20.67829223924525,2339.9296908164147,1084.7784916002502,31933.858835276937,42577.11242261834,True,1,31
2020,newsecondary2020 26-02-01 02-16-40.fits,2026-02-01 02:16:40,1178.1559806625824,1118.1876586031462,3.6037927556394393,6.382533466615478,8.486283419117074,15.029717745267002,2357.7423417737914,1272.0300461401503,31927.235202095297,42570.134388204555,True,1,24
2021,newsecondary2021 26-02-01 02-17-40.fits,2026-02-01 02:17:40,1179.1369018030189,1118.6398109093022,3.727141764845783,6.898538613553561,8.776748138530879,16.24481700861594,2285.4527168145532,1200.9162070299417,31970.857262078775,42628.11094162887,True,1,29
2022,newsecondary2022 26-02-01 02-18-40.fits,2026-02-01 02:18:40,1178.3561396919047,1118.508347341048,3.5034943632527247,7.4221635402915,8.250098754240458,17.4778594821763,2419.3757835247766,1268.8890204546822,31871.649746684943,42494.31883794121,True,1,23
2023,newsecondary2023 26-02-01 02-19-40.fits,2026-02-01 02:19:40,1180.3594912797128,1116.7372395195723,3.6145585080898144,6.563030802816276,8.511634828787058,15.45475649062733,2316.203354017482,1265.5720936797532,31960.10816989511,42613.56274384484,True,1,28
2024,newsecondary2024 26-02-01 02-20-40.fits,2026-02-01 02:20:40,1182.3619688123626,1117.8174191828975,3.5951971591087646,10.893695428538297,8.466042336107643,25.652692359584,2296.189227040058,790.0907643291416,31994.922125551893,42659.44260792307,True,1,29
2025,newsecondary2025 26-02-01 02-21-40.fits,2026-02-01 02:21:40,1178.8741757386504,1116.7704269546339,3.264732573880011,8.580977438278031,7.687857706638135,20.206657677615436,2559.4152663795508,911.0809232738545,31933.08221429189,42578.13645481318,True,1,28
2026,newsecondary2026 26-02-01 02-22-40.fits,2026-02-01 02:22:40,1176.7059150274924,1116.0846695253017,3.6897671007397412,8.72398719778816,8.688737530317672,20.543419925944942,2262.980093806771,974.882012576492,31971.96334144159,42629.08461000151,True,1,28
2027,newsecondary2027 26-02-01 02-23-40.fits,2026-02-01 02:23:40,1176.6048956209017,1116.4300322734905,3.15087840512361,8.611475153622997,7.419751627840225,20.278474309037406,2612.381943249701,980.2000561291904,31972.390121938963,42629.58314290499,True,1,31
2028,newsecondary2028 26-02-01 02-24-40.fits,2026-02-01 02:24:40,1179.1729023276828,1115.1772801724674,3.152340701085266,9.23233695410876,7.423195071682501,21.740492122015286,2701.9296831363563,948.7788792004358,31937.866912424583,42583.510454633266,True,1,29
2029,newsecondary2029 26-02-01 02-25-40.fits,2026-02-01 02:25:40,1177.045511985373,1116.5125531158283,2.861806202571758,9.900447044491292,6.739038610809877,23.313771155135512,2973.7107243491155,968.0417336640304,31973.79904809909,42630.34740710793,True,1,30
2030,newsecondary2030 26-02-01 02-26-40.fits,2026-02-01 02:26:40,1176.9368696361926,1119.528311620027,3.167702264967506,8.115630382963255,7.459368790235422,19.110849103864073,2663.646303600587,987.6242033441495,31924.90276888221,42567.08173373148,True,1,28
2031,newsecondary2031 26-02-01 02-27-41.fits,2026-02-01 02:27:41,1176.5344073887698,1117.121938189633,3.289472463305667,8.081546866827486,7.746115694169519,19.030588556862426,2550.989303076336,1025.4462893119494,31968.993386088205,42625.458893815354,True,1,30
2032,newsecondary2032 26-02-01 02-28-41.fits,2026-02-01 02:28:41,1175.992098567139,1115.6389089934707,3.1886893592910726,8.464628545177673,7.508789620635512,19.93267697192555,2567.6035234617975,1057.5113268082641,31971.58893028518,42627.79993097944,True,1,27
2033,newsecondary2033 26-02-01 02-29-41.fits,2026-02-01 02:29:41,1175.6021388685947,1115.1775807558681,3.1716259422937494,6.914489757132493,7.468608344253494,16.282379081256774,2588.174500817043,1258.4983541305069,31948.316275796617,42597.11915459434,True,1,28
2034,newsecondary2034 26-02-01 02-30-41.fits,2026-02-01 02:30:41,1177.1781831388594,1114.7082579785795,4.012290617149791,8.151099697296944,9.448222371753927,19.194372956240546,2089.944511258184,942.9402063942687,31962.762637713524,42617.9187530452,True,1,28
2035,newsecondary2035 26-02-01 02-31-41.fits,2026-02-01 02:31:41,1176.7918077288862,1113.1659838471828,4.199655172029634,8.358320737981348,9.889432181313282,19.682341216596356,2012.4560975617935,978.6742029687291,31966.818644355964,42622.774998937144,True,1,29
2036,newsecondary2036 26-02-01 02-32-41.fits,2026-02-01 02:32:41,1177.8844300542114,1116.098667306883,3.0620512538499947,6.267116763113397,7.210579671478119,14.757932178328907,2639.71971324252,1376.7673049351745,31955.24538244328,42606.290588973454,True,1,28
2037,newsecondary2037 26-02-01 02-33-41.fits,2026-02-01 02:33:41,1177.2012219625872,1117.283003062721,3.4181732850233133,10.165659397168191,8.049182968962187,23.938298519408892,2375.271888546885,839.7089900387246,31947.91684302969,42596.68463513847,True,1,30
2038,newsecondary2038 26-02-01 02-34-41.fits,2026-02-01 02:34:41,1176.3418330156742,1116.0234261631254,3.041796443253992,9.511886627542703,7.162883237478347,22.39878129659939,2745.429207733237,889.9667222891267,31935.545545924047,42580.58010977954,True,1,31
2039,newsecondary2039 26-02-01 02-35-41.fits,2026-02-01 02:35:41,1175.339578932263,1115.0645914090985,3.9928580037003414,9.604098450850307,9.402462064075824,22.61592354651299,2092.0354539682176,944.0320209423912,31973.683113975352,42630.65764552079,True,1,31
2040,newsecondary2040 26-02-01 02-36-41.fits,2026-02-01 02:36:41,1174.2909862587462,1117.7613287111344,3.448611430594793,8.533144658061781,8.120859324287476,20.094020087952646,2382.247938580139,1095.824766173473,31944.68708605142,42591.45213056267,True,1,28
2041,newsecondary2041 26-02-01 02-37-41.fits,2026-02-01 02:37:41,1175.4769217337914,1114.5147099873304,3.5345303162901605,8.297692236100985,8.323182838569652,19.53957200506828,2347.8788187383975,1022.3890663896095,31963.590421337398,42617.88225020903,True,1,30
2042,newsecondary2042 26-02-01 02-38-41.fits,2026-02-01 02:38:41,1176.23794012638,1117.252521884577,3.2052462730682096,6.298312344994836,7.547778173081764,14.831392159859725,2560.0218914584702,1319.945179185485,31960.977183684554,42614.49708265985,True,1,28
2043,newsecondary2043 26-02-01 02-39-41.fits,2026-02-01 02:39:41,1176.6195741926301,1117.6101927455802,3.7799379005076226,8.565974024424353,8.901073537087552,20.171327337928897,2173.7374221629666,961.8457133141225,31912.441765817166,42549.89327403866,True,1,29
2044,newsecondary2044 26-02-01 02-40-41.fits,2026-02-01 02:40:41,1176.653963049586,1116.5686920153264,4.158419778528439,4.9578675144061135,9.79233025013193,11.674885803531286,2032.6480257960873,1626.8834410403238,31909.37903720416,42546.3373742293,True,1,21
2045,newsecondary2045 26-02-01 02-41-41.fits,2026-02-01 02:41:41,1176.4891068094569,1115.8554946202748,3.4812623619232896,9.635320036548913,8.19774639186875,22.68944476235372,2439.889940894871,908.2692954071331,31928.51580153237,42571.02228861043,True,1,27
2046,newsecondary2046 26-02-01 02-42-41.fits,2026-02-01 02:42:41,1177.1700369360935,1119.8348510628364,3.635449158189402,7.539850400015018,8.560828550395295,17.754990858489986,2259.8504134702684,1223.376663499623,31957.674234848484,42608.93192774903,True,1,26
2047,newsecondary2047 26-02-01 02-43-42.fits,2026-02-01 02:43:42,1175.2770874810005,1118.230330563598,3.2515513574896007,7.794563527194431,7.656818314064106,18.354794436104587,2587.453419164091,1250.9234221194076,31950.290177683288,42598.662739852014,True,1,26
2048,newsecondary2048 26-02-01 02-44-42.fits,2026-02-01 02:44:42,1176.2309921342621,1121.1229636033972,4.239228645488747,5.952876432887706,9.9826205898663,14.017952749756304,2023.5461266821833,1411.9067080069917,31935.632891231653,42581.06739941073,True,1,9
2049,newsecondary2049 26-02-01 02-45-42.fits,2026-02-01 02:45:42,1178.7766551232455,1119.7786598582945,3.7157389254001862,6.681487105633163,8.749896503634117,15.733699766960793,2286.3242683649573,1105.5724967478632,31892.091138141408,42524.2175239468,True,1,29
2050,newsecondary2050 26-02-01 02-46-42.fits,2026-02-01 02:46:42,1180.3099104710166,1117.1923892883758,3.428521487183664,8.348326563752103,8.073551122839413,19.6588067347878,2462.52652159997,986.2769122008484,31891.808632664495,42522.68108023625,True,1,24
2051,newsecondary2051 26-02-01 02-47-42.fits,2026-02-01 02:47:42,1180.341526011487,1119.6609079486882,3.5861203648526745,7.13143170140671,8.44466811904878,16.793238320241688,2411.5697431747144,1258.2777381577157,31929.557958748122,42572.32470057422,True,1,26
2052,newsecondary2052 26-02-01 02-48-42.fits,2026-02-01 02:48:42,1177.9745602525231,1121.1099030747625,3.913131850410596,7.313401612069218,9.214721320195922,17.221744713462254,2108.1607147131595,1133.6808170365143,31991.609777335103,42655.426124855316,True,1,27
2053,newsecondary2053 26-02-01 02-49-42.fits,2026-02-01 02:49:42,1180.3019902180054,1117.10059413209,3.7937017955668866,6.695638179464515,8.93348503307081,15.767022999277573,2179.8300053668045,1224.2184269490715,31962.635850361,42616.94154289947,True,1,7
2054,newsecondary2054 26-02-01 02-50-42.fits,2026-02-01 02:50:42,1179.122521916985,1118.6395340741346,2.9050553156824126,8.382981687853404,6.840882489292658,19.740413315684574,2846.127752968333,1020.5451237114673,31936.82592591765,42582.06443712164,True,1,31
2055,newsecondary2055 26-02-01 02-51-42.fits,2026-02-01 02:51:42,1180.6297336618309,1117.8670005948375,3.2751220646732633,10.552725764759582,7.71232308781575,24.84977016057042,2514.063536402776,846.2289466592828,31798.9312350534,42397.67734238122,True,1,29
2056,newsecondary2056 26-02-01 02-52-42.fits,2026-02-01 02:52:42,1181.9294185462813,1120.1166964362128,3.41675652611918,8.372279690405128,8.045846756695758,19.715212037571504,2410.1864724934644,1038.8631805172283,31935.905426350608,42580.61070801556,True,1,32
2057,newsecondary2057 26-02-01 02-53-42.fits,2026-02-01 02:53:42,1178.5807231697556,1117.9488067311677,3.226526795428044,9.252932073698014,7.597889973703431,21.788989922453872,2557.9599414818313,1036.1989280062755,31951.270439409538,42599.97312396714,True,1,28
2058,newsecondary2058 26-02-01 02-54-42.fits,2026-02-01 02:54:42,1179.4220760654553,1120.1968605697234,3.892278224262158,9.120203868326161,9.165614783329998,21.47643888390325,2079.7416434721627,939.3287003468488,31953.51505084169,42604.078211446285,True,1,31
2059,newsecondary2059 26-02-01 02-55-42.fits,2026-02-01 02:55:42,1178.4507425466402,1118.7573262404746,3.979323685351473,7.868904340292701,9.37059117993208,18.529853672952292,2140.5176953296377,1044.5718253514908,31929.919371021642,42573.610302686495,True,1,31
2060,newsecondary2060 26-02-01 02-56-41.fits,2026-02-01 02:56:41,1176.7079937073577,1116.8821820142325,4.548079333943352,7.233914656156802,10.709908381960814,17.034567236361205,1850.0245187211003,1074.7660867574284,31936.008134100997,42582.16849334751,True,1,29
2061,newsecondary2061 26-02-01 02-57-41.fits,2026-02-01 02:57:41,1177.2919318909737,1117.527861707141,3.113844636369848,8.757794202246183,7.332543766835826,20.623029337705145,2601.3236105749866,930.5660181352143,31932.52508343388,42576.636171351725,True,1,32
2062,newsecondary2062 26-02-01 02-58-41.fits,2026-02-01 02:58:41,1176.857377932866,1116.2611715421867,3.0598720979731517,9.364435320258071,7.205448151538082,22.051560002539524,2681.8159033995084,893.4961821005338,31952.25176470711,42602.794661670865,True,1,30
2063,newsecondary2063 26-02-01 02-59-42.fits,2026-02-01 02:59:42,1178.2829760750387,1113.7609251957113,3.506439762816557,9.532661577848637,8.257034640173996,22.44770256601433,2396.55686736653,950.1400306985418,31867.90387512179,42489.695245170544,True,1,29
2064,newsecondary2064 26-02-01 03-00-42.fits,2026-02-01 03:00:42,1176.525544837101,1118.436668275661,2.894081493518812,6.289980657768921,6.815041112891206,14.81177253577121,2728.9717845240352,1317.48673291123,31948.58062651398,42597.60579040355,True,1,28
2065,newsecondary2065 26-02-01 03-01-42.fits,2026-02-01 03:01:42,1176.469538365349,1116.8517693995684,3.684048001888279,6.555337118745972,8.675270081702736,15.436639249158443,2272.0557653234678,1274.0610592614178,31895.785730203075,42527.73811303028,True,1,16
2066,newsecondary2066 26-02-01 03-02-42.fits,2026-02-01 03:02:42,1175.3631853608958,1116.7603127227385,3.50346026584066,9.092438911625383,8.250018460971045,21.41105740731484,2337.333737658275,940.2285915998933,31935.45016704416,42580.13575479462,True,1,28
2067,newsecondary2067 26-02-01 03-03-42.fits,2026-02-01 03:03:42,1176.3143524782272,1118.4020025047437,4.097586178740186,8.608610996564,9.64907806993916,20.271729734582763,2020.2487635429952,967.6423032338934,31976.696285364065,42635.528109791405,True,1,30
2068,newsecondary2068 26-02-01 03-04-42.fits,2026-02-01 03:04:42,1174.8993660524475,1114.6497350667348,3.602200305838308,8.055966513770278,8.482533486404664,18.970351428724346,2329.7652734394596,935.550336849635,31904.57317542582,42540.53402197664,True,1,31
2069,newsecondary2069 26-02-01 03-05-42.fits,2026-02-01 03:05:42,1176.0919370071242,1116.501718766014,4.437403874715861,7.155945693732286,10.449287592078914,16.85096436075369,1901.412679536378,1219.005804524519,31973.48523728148,42630.945129698295,True,1,12
2070,newsecondary2070 26-02-01 03-06-42.fits,2026-02-01 03:06:42,1174.6856091164018,1115.7540140813187,4.2028427180747485,9.872059458990908,9.896938278634776,23.246923499769178,2012.9179066661663,924.5521059374089,31957.609174969555,42609.28519467233,True,1,30
2071,newsecondary2071 26-02-01 03-07-42.fits,2026-02-01 03:07:42,1173.9555072017342,1117.2538298127718,3.518402153593308,8.4269569165363,8.285203917761581,19.84396706567188,2368.3093712958553,1160.8388120276593,31827.091476391673,42434.25273294436,True,1,24
2072,newsecondary2072 26-02-01 03-08-42.fits,2026-02-01 03:08:42,1173.1725886357294,1119.2285152071663,3.7871964255941726,9.470946505690756,8.91816605745872,22.30237467701642,2175.6111144163765,941.6753667851267,31833.33013886077,42443.56455387718,True,1,31
2073,newsecondary2073 26-02-01 03-09-42.fits,2026-02-01 03:09:42,1175.6284952297708,1120.8194802757803,2.762024856535263,9.590390170935908,6.504071497042969,22.58364301418767,3012.582194567546,911.8574739082677,31931.125686731524,42574.28722366301,True,1,28
2074,newsecondary2074 26-02-01 03-10-42.fits,2026-02-01 03:10:42,1173.8114028301422,1118.1845219330066,3.2111734188847247,8.793224839330904,7.561735534860315,20.706462112120462,2583.089402724587,973.8533176379283,31882.19874616319,42509.25203802404,True,1,27
2075,newsecondary2075 26-02-01 03-11-42.fits,2026-02-01 03:11:42,1172.864594545942,1118.2023273299665,3.1328005910444245,8.258362997883388,7.377181628876216,19.446958726557686,2618.108715786562,1012.0889972149236,31906.757563070936,42542.142028594244,True,1,28
2076,newsecondary2076 26-02-01 03-12-42.fits,2026-02-01 03:12:42,1173.3356111403414,1119.9902558461558,3.790233411373665,8.185234268404239,8.925317612448742,19.27475372851254,2182.014405031724,1082.1132795356746,31981.98662118987,42641.89193115923,True,1,30
2077,newsecondary2077 26-02-01 03-13-43.fits,2026-02-01 03:13:43,1173.7859099633624,1120.0949594036417,3.1870240485653674,8.597103621476585,7.504868113557417,20.24463193706123,2564.3927261756303,985.2852093342125,31914.70674202852,42552.55831096099,True,1,28
2078,newsecondary2078 26-02-01 03-14-43.fits,2026-02-01 03:14:43,1170.390107658033,1117.8183601844091,3.384337022164692,10.256058513045335,7.969504658933769,24.151172169529467,2424.221573198387,862.4054837321426,31975.76375849735,42633.52580799747,True,1,30
2079,newsecondary2079 26-02-01 03-15-43.fits,2026-02-01 03:15:43,1173.7570531756205,1117.3928906242948,3.211478797340935,6.009932028096162,7.56245464617032,14.15230840903435,2472.6798934102853,1466.6583590782511,31897.93401524546,42529.452305702995,True,1,2
2080,newsecondary2080 26-02-01 03-16-43.fits,2026-02-01 03:16:43,1172.911881995143,1120.0480464398365,3.036168725888802,7.822465724617989,7.149630975819028,18.42049908989799,2693.9337182702097,1105.4839020218353,31977.40188752731,42635.93192193944,True,1,33
2081,newsecondary2081 26-02-01 03-17-43.fits,2026-02-01 03:17:43,1175.4974046709542,1121.1639230779087,3.5012966287846976,8.495508916667697,8.244923485061493,20.005394689708258,2388.0442707664897,1004.4802705254891,31970.455035084997,42627.05118780841,True,1,28
2082,newsecondary2082 26-02-01 03-18-43.fits,2026-02-01 03:18:43,1176.9417493145436,1119.1466350909132,3.2313178481286577,8.312329481628693,7.609172040639636,19.574040084240966,2564.0047609145813,1115.7888051091247,31967.47773846881,42622.02752752295,True,1,30
2083,newsecondary2083 26-02-01 03-19-43.fits,2026-02-01 03:19:43,1174.462547586695,1120.3539073055413,3.4998256252960998,8.096340382826458,8.241459536560232,19.065424624873295,2387.610117431012,1121.3540855433741,31867.869623841918,42489.56104005827,True,1,30
2084,newsecondary2084 26-02-01 03-20-43.fits,2026-02-01 03:20:43,1176.9686808057545,1120.6844335293704,2.8951581608352766,7.302272961237285,6.817576470669846,17.195538743409067,2891.989667093358,1201.6118798945947,31869.824685293974,42492.581581945735,True,1,29
2085,newsecondary2085 26-02-01 03-21-43.fits,2026-02-01 03:21:43,1179.7763022579343,1116.5498585499456,4.360606689274834,6.92102769791185,10.268444040400425,16.29777475525723,1927.7001024195874,1069.6454690610367,31978.149470750614,42638.825779633116,True,1,30
2086,newsecondary2086 26-02-01 03-22-42.fits,2026-02-01 03:22:42,1178.4112980719087,1116.8376949875826,2.9780739438761987,7.495319012312466,7.012828218624047,17.65012745409497,2804.9120096616907,1170.5056766329392,31955.885240753647,42607.3053314537,True,1,30
2087,newsecondary2087 26-02-01 03-23-42.fits,2026-02-01 03:23:42,1177.1201794588696,1119.239305178845,3.9080766546305195,10.629258688034318,9.20281724384144,25.02999142240258,2106.317131645257,754.0777198766378,31936.365476985327,42582.099616367545,True,1,32
2088,newsecondary2088 26-02-01 03-24-42.fits,2026-02-01 03:24:42,1179.9720269430443,1116.750481781763,3.2374827311005547,7.683480058197334,7.623689230637129,18.093212856638647,2609.0054564607335,1061.7782741428136,31876.581592697185,42502.48073287637,True,1,30
2089,newsecondary2089 26-02-01 03-25-42.fits,2026-02-01 03:25:42,1179.703207058086,1118.8159176260074,3.1210284837353863,9.26435536898435,7.349460434612638,21.815889727174447,2648.593967870024,1019.8472218514387,31919.84427677526,42558.26841911208,True,1,28
2090,newsecondary2090 26-02-01 03-26-43.fits,2026-02-01 03:26:43,1178.1557795462054,1117.742895983582,3.381822178310311,8.389141673053816,7.96358265421535,19.7549189723116,2393.6081978605334,986.9846096092747,31912.98551406093,42550.40855628932,True,1,28
2091,newsecondary2091 26-02-01 03-27-43.fits,2026-02-01 03:27:43,1181.6840470306754,1115.8533391613169,3.0965591688425054,9.083551916281934,7.291839601414708,21.39013013253999,2593.560684835082,1003.4884962801847,31975.890811062094,42633.123190288294,True,1,29
2092,newsecondary2092 26-02-01 03-28-43.fits,2026-02-01 03:28:43,1177.6588086508611,1119.7731009031695,3.074040542034066,9.62266062491913,7.2388122876196235,22.659634126089607,2728.082663007611,766.0822255120621,31992.815131920106,42658.39494059403,True,1,30
2093,newsecondary2093 26-02-01 03-29-43.fits,2026-02-01 03:29:43,1177.750700981912,1117.822200006073,3.718950924679263,7.954348317700706,8.757460183921113,18.731058863679834,2256.929753041712,1016.046982426941,31943.870308126345,42592.228627173055,True,1,29
2094,newsecondary2094 26-02-01 03-30-43.fits,2026-02-01 03:30:43,1178.4594551057248,1117.1848351329886,3.098788235166935,7.30377182408843,7.2970886514771784,17.199068295695696,2663.1156037092464,1128.2263858031693,31806.65594998423,42408.89023182948,True,1,28
2095,newsecondary2095 26-02-01 03-31-43.fits,2026-02-01 03:31:43,1177.3742345630067,1119.8101742142283,3.3538188556059354,8.951541131696588,7.8976398685836156,21.079268490838157,2455.9125117318667,984.1992317282669,31967.641084393446,42622.782075296855,True,1,32
2096,newsecondary2096 26-02-01 03-32-43.fits,2026-02-01 03:32:43,1179.4390044682445,1117.228241371992,3.5350897604058744,5.878810859646725,8.324500228787409,13.843541653241735,2345.7372512815737,1427.698922479956,31937.929034104,42583.77543101839,True,1,25
2097,newsecondary2097 26-02-01 03-33-43.fits,2026-02-01 03:33:43,1177.4256740741748,1119.252409078064,3.4681277091073226,6.502109010326691,8.166816648133189,15.31129663249364,2371.6216180582333,1285.9743492857735,31979.30777980038,42638.90108736913,True,1,18
2098,newsecondary2098 26-02-01 03-34-43.fits,2026-02-01 03:34:43,1178.1621108588251,1117.4004669827884,3.2586544514668523,9.110296729033607,7.6735448221434766,21.45310935370823,2445.67377449128,989.7997432322569,31972.258935544796,42628.327575573334,True,1,26
2099,newsecondary2099 26-02-01 03-35-43.fits,2026-02-01 03:35:43,1178.4411054442246,1117.3464862822466,2.9926496581901074,8.95857397821727,7.0471514028610835,21.095829578798682,2696.5914794302585,958.1188008231534,31886.87755639638,42515.1747228674,True,1,30
2100,newsecondary2100 26-02-01 03-36-43.fits,2026-02-01 03:36:43,1176.2146052820024,1115.8602595783882,4.007055605521198,9.016272705229872,9.435894861434946,21.231699697740726,2059.1203737081278,854.1399089855163,31912.822833884828,42551.13943348326,True,1,28
2101,newsecondary2101 26-02-01 03-37-42.fits,2026-02-01 03:37:42,1175.9336954749213,1120.1208048366236,3.960720793704207,7.025463084285604,9.326784717785559,16.543701296500696,2148.104350992093,1161.0520599471333,31932.71894384065,42577.41132338779,True,1,28
2102,newsecondary2102 26-02-01 03-38-42.fits,2026-02-01 03:38:42,1174.3992130758934,1119.008135724419,3.3344815339800604,7.359429365377329,7.852103956001795,17.330131789579934,2501.5679732190533,1146.9266476101047,31890.106917494526,42520.01452584605,True,1,29
2103,newsecondary2103 26-02-01 03-39-43.fits,2026-02-01 03:39:43,1174.3122345820655,1121.0892371886919,3.0515851954364477,6.288672952870346,7.185933987333434,14.808693126063062,2664.8789255472857,1398.2794567857948,31880.16313097226,42506.03158942843,True,1,6
2104,newsecondary2104 26-02-01 03-40-43.fits,2026-02-01 03:40:43,1173.653164346978,1121.5034050608804,3.044198489069844,8.827789209182184,7.168539623114598,20.787854983090117,2702.4487964566074,982.2802565481178,31937.15489745173,42582.299955984105,True,1,28
2105,newsecondary2105 26-02-01 03-41-43.fits,2026-02-01 03:41:43,1176.5170648855064,1120.498762008009,3.5345929300844157,8.126198155755068,8.32333028278746,19.135734307065565,2366.837116154675,1002.9123148633411,31992.663593672536,42657.16323033818,True,1,30
2106,newsecondary2106 26-02-01 03-42-43.fits,2026-02-01 03:42:43,1177.4066527658654,1119.7223964329776,3.827459954860109,7.143665781938479,9.012979423257837,16.82204737831042,2156.066103621667,997.0321211905778,31899.151489234046,42533.65876004567,True,1,30
2107,newsecondary2107 26-02-01 03-43-43.fits,2026-02-01 03:43:43,1172.3576665735934,1119.4679291307789,4.2782584802658965,9.976843557399595,10.07452882715378,23.49367119510245,1901.845777012435,862.0237511586068,31991.17924340114,42654.307769717045,True,1,29
2108,newsecondary2108 26-02-01 03-44-43.fits,2026-02-01 03:44:43,1175.8895524859083,1122.3746201284937,3.1683286175305407,6.158643635652531,7.460843737806114,14.502497483436862,2613.235653574983,1325.4813627545857,32006.45568956152,42675.424369273176,True,1,27
2109,newsecondary2109 26-02-01 03-45-43.fits,2026-02-01 03:45:43,1175.4476763210223,1119.7515164679553,3.379269526615599,8.100875963199266,7.95757161883666,19.07610510045103,2460.39098509292,1081.9533047636153,31974.179814685696,42631.65894073766,True,1,28
2110,newsecondary2110 26-02-01 03-46-43.fits,2026-02-01 03:46:43,1173.1857399253447,1122.2544486531517,2.9994734889837047,7.723205630962628,7.063220296397746,18.186759431686696,2728.0665014472297,1069.0106243720224,31991.471008683555,42655.20000180448,True,1,31
2111,newsecondary2111 26-02-01 03-47-42.fits,2026-02-01 03:47:42,1178.5542762846833,1119.8014590131304,3.7577485176710224,5.452154945839085,8.84882153359706,12.838843755076509,2259.6125277706765,1358.3090298144555,31963.868472177444,42619.890758564856,True,1,13
2112,newsecondary2112 26-02-01 03-48-42.fits,2026-02-01 03:48:42,1175.1461210109533,1119.760259871219,3.922813044469478,6.843381080427691,9.23751879002561,16.11493094397668,2198.180933277207,1307.6588456485322,31917.0494644849,42555.645918366165,True,1,16
2113,newsecondary2113 26-02-01 03-49-42.fits,2026-02-01 03:49:42,1177.032212295006,1119.7128298271402,3.0257999297132536,7.225261073966342,7.125214326742007,17.014189607557785,2768.948938547873,1114.4814845379976,31957.1650280324,42609.97354790294,True,1,29
2114,newsecondary2114 26-02-01 03-50-43.fits,2026-02-01 03:50:43,1179.3516377655942,1121.076067180425,3.4552784663564475,5.735282353114918,8.136558993739959,13.505557849027282,2437.2123526704922,1478.308430820407,31936.66591946711,42582.14738234036,True,1,1
2115,newsecondary2115 26-02-01 03-51-43.fits,2026-02-01 03:51:43,1177.2150816742758,1118.5364545112436,3.0941137364328677,9.593284048224719,7.286081048157724,22.59045757443522,2588.0279123405207,871.6237320498955,31934.451308349704,42578.81185225563,True,1,29
2116,newsecondary2116 26-02-01 03-52-43.fits,2026-02-01 03:52:43,1178.0413495865525,1118.333163055816,3.9581512964096195,6.441826527249277,9.320734014050611,15.169342232978707,2142.3274487602753,1330.4479818532634,31939.388369632303,42585.73400424224,True,1,28
2117,newsecondary2117 26-02-01 03-53-43.fits,2026-02-01 03:53:43,1176.940465474793,1121.4220656514033,3.5576862300296526,7.111859947093646,8.377710848404416,16.747150360868865,2366.1669093702267,1254.315878608879,31956.393134283837,42607.87632459301,True,1,27
2118,newsecondary2118 26-02-01 03-54-43.fits,2026-02-01 03:54:43,1180.1342638598376,1120.8920034352645,3.662010892423547,8.975269893841276,8.623376654600644,21.135145455580236,2262.6979527818316,960.5236669551712,31944.474929236443,42592.20136823169,True,1,30
2119,newsecondary2119 26-02-01 03-55-43.fits,2026-02-01 03:55:43,1179.3448354235638,1120.6901465396438,4.205578390661973,7.922458213017129,9.903380295279815,18.65596340593281,1978.0137733276565,1086.087498872756,31941.777442697043,42588.66808638996,True,1,28
2120,newsecondary2120 26-02-01 03-56-43.fits,2026-02-01 03:56:43,1177.797991882257,1118.9433367684999,3.461925650361715,7.915813043639455,8.152211915878572,18.640315227879636,2418.002598307813,1039.12408813872,31911.59573766512,42548.98184092975,True,1,28
2121,newsecondary2121 26-02-01 03-57-43.fits,2026-02-01 03:57:43,1177.434509136486,1119.38399366295,3.324138958094444,8.16590406786832,7.827749050989091,19.22923458481609,2488.0172474743945,958.5554993284587,31926.026579109755,42568.60670595364,True,1,29
2122,newsecondary2122 26-02-01 03-58-43.fits,2026-02-01 03:58:43,1177.6535087948178,1121.2552885711405,3.589473107037388,9.791510573185455,8.452563223551165,23.05724536886959,2254.291340680453,864.2811120197952,31978.91707967301,42638.07786164212,True,1,31
2123,newsecondary2123 26-02-01 03-59-42.fits,2026-02-01 03:59:42,1177.2813748072347,1119.5417116120236,3.017627640777019,9.903675690940155,7.105970056941177,23.321374036511614,2718.042701004713,890.9196113911942,31897.49326105646,42529.189850217466,True,1,30
2124,newsecondary2124 26-02-01 04-00-42.fits,2026-02-01 04:00:42,1177.8463219833134,1118.1853676001078,2.985426479808104,9.223122107552365,7.030142117618308,21.718792816632405,2639.2913865758264,905.8262988066037,31925.24430829527,42566.37976188744,True,1,29
2125,newsecondary2125 26-02-01 04-01-43.fits,2026-02-01 04:01:43,1176.2416479981098,1119.678118627826,3.804029221831623,8.56680295790539,8.95780426345259,20.17327932710604,2188.5856418400713,1058.010658950864,31970.49004911092,42626.368055841616,True,1,30
2126,newsecondary2126 26-02-01 04-02-43.fits,2026-02-01 04:02:43,1177.4161291278008,1118.4322524442782,3.1978863559323765,7.73858718268784,7.530446892680537,18.222980218012907,2535.7794095913637,1098.728501730079,31916.912196948102,42555.375579483516,True,1,30
2127,newsecondary2127 26-02-01 04-03-43.fits,2026-02-01 04:03:43,1177.3379502705923,1118.7017283664823,4.118720346172306,7.091776097510471,9.698845231043355,16.699856509289017,2003.4328310426536,1149.6514262534386,31904.67336317746,42539.69150356559,True,1,27
2128,newsecondary2128 26-02-01 04-04-43.fits,2026-02-01 04:04:43,1178.2856774364966,1117.278166071611,4.39592791137591,6.631500895809403,10.351619162219029,15.615991238092679,1917.996345222047,1193.2305467935705,31925.030355078714,42567.375657118704,True,1,25
2129,newsecondary2129 26-02-01 04-05-43.fits,2026-02-01 04:05:43,1174.511062402474,1118.833713909517,3.261546165633186,8.48051073015619,7.680354288626859,19.97007665947185,2507.3926730241697,947.0688119672058,31937.31437180171,42583.27453488127,True,1,25
2130,newsecondary2130 26-02-01 04-06-43.fits,2026-02-01 04:06:43,1175.7112036189317,1119.1911027585597,3.199429322979456,10.096911028155345,7.534080302411822,23.77640848199426,2568.4623810070802,907.1413108287295,31985.84394162779,42646.57766268989,True,1,30
2131,newsecondary2131 26-02-01 04-07-43.fits,2026-02-01 04:07:43,1175.2515245530672,1120.603848064116,4.50842562794899,7.65415987732361,10.616531040225526,18.02416910699327,1883.9183233237989,1087.3668053441152,31983.090254072664,42644.34034730847,True,1,28
2132,newsecondary2132 26-02-01 04-08-43.fits,2026-02-01 04:08:43,1174.5010647241954,1120.234953001562,3.5986463048541593,8.317549106386618,8.47416445364713,19.58633136124847,2319.6856293377787,950.3429492640157,31969.981230189085,42627.213115244514,True,1,30
2133,newsecondary2133 26-02-01 04-09-43.fits,2026-02-01 04:09:43,1175.775048460502,1118.5315831020976,3.667249323374537,8.597205851508814,8.635712216808546,20.244872670390325,2281.844592937425,931.2002541925808,31975.132832302843,42633.977692812994,True,1,29
2134,newsecondary2134 26-02-01 04-10-43.fits,2026-02-01 04:10:43,1176.1663266607638,1122.789030194011,3.8343988993639244,7.577754331256446,9.02931938886678,17.844247795562776,2141.1530092932658,1131.164127345421,31983.89525259796,42644.727353311195,True,1,28
2135,newsecondary2135 26-02-01 04-11-42.fits,2026-02-01 04:11:42,1177.0290081467685,1121.4130089442654,3.2333793915554994,6.365528973140307,7.614026604424865,14.989675223176071,2540.7319936090184,1180.846175189757,31956.288067730125,42609.28467115047,True,1,26
2136,newsecondary2136 26-02-01 04-12-42.fits,2026-02-01 04:12:42,1176.2592334535932,1121.733224311047,3.2175635567498486,7.424170485733168,7.57678315959562,17.48258547753162,2570.8284719404546,1175.4525163025867,31972.940070288314,42630.000132098925,True,1,26
2137,newsecondary2137 26-02-01 04-13-42.fits,2026-02-01 04:13:42,1176.5083278239206,1121.169536551427,3.508410939495101,7.019831660204982,8.26167640652893,16.53044030619358,2419.061864924249,1299.0222662543242,32006.85651529283,42674.993962549655,True,1,4
2138,newsecondary2138 26-02-01 04-14-43.fits,2026-02-01 04:14:43,1174.120875579748,1120.3611014419487,3.791749196781617,8.112716127424703,8.928887014311353,19.103986556505546,2248.975615574785,956.5830536077223,31998.42422772532,42665.55470390109,True,1,31
2139,newsecondary2139 26-02-01 04-15-43.fits,2026-02-01 04:15:43,1177.0744295116197,1123.3992178792603,3.847011719924975,7.580195911570254,9.05902031154832,17.84999727782728,2150.862034411215,1114.3600860016602,32009.3268427564,42678.8798049617,True,1,30
2140,newsecondary2140 26-02-01 04-16-43.fits,2026-02-01 04:16:43,1174.084330941806,1122.768853918486,4.5414120598615755,6.936241322704898,10.69420815130733,16.33360010387748,1851.9050270906025,1231.7381656960115,32028.56658753968,42704.58348122779,True,1,30
2141,newsecondary2141 26-02-01 04-17-43.fits,2026-02-01 04:17:43,1176.3437442690715,1122.7742916147067,3.132953605551726,7.703376428346456,7.377541950505191,18.140065227889153,2596.784443719714,1068.225772255003,31982.519314049514,42643.23873101139,True,1,31
2142,newsecondary2142 26-02-01 04-18-43.fits,2026-02-01 04:18:43,1177.5038918328676,1120.3360000218097,4.908427411365157,4.928947231749569,11.558463257862044,11.606783742223692,1729.5140937317155,1778.1860520684324,31980.17196964627,42639.87419899345,True,1,1
2143,newsecondary2143 26-02-01 04-19-43.fits,2026-02-01 04:19:43,1176.635595575291,1120.957091578974,4.59022385927664,8.229117184802801,10.809151155003956,19.37809009968229,1851.1664395517105,1071.1463858851112,31912.300349871522,42549.32464063062,True,1,30
2144,newsecondary2144 26-02-01 04-20-43.fits,2026-02-01 04:20:43,1179.2046422399296,1124.1961689976447,3.3935094287007117,6.589555298024294,7.991104025705961,15.5172169036275,2444.6381128756834,1235.9810789737614,32008.874713065783,42678.69475377156,True,1,26
2145,newsecondary2145 26-02-01 04-21-43.fits,2026-02-01 04:21:43,1180.331023580651,1123.1163578739245,3.9564683508997707,10.635657014517786,9.316770980229323,25.045058329860506,2080.147055559513,806.8209582400817,31995.137098411204,42659.73016688566,True,1,31
2146,newsecondary2146 26-02-01 04-22-43.fits,2026-02-01 04:22:43,1176.3461849212438,1121.6453136919695,3.818491793993399,4.928942385220899,8.991861018281845,11.606772329520831,2224.3756524879177,1730.4666486879244,32018.050270276122,42690.687777242456,True,1,1
2147,newsecondary2147 26-02-01 04-23-43.fits,2026-02-01 04:23:43,1175.3971151051371,1122.6005947932797,2.991039707522288,8.569473345485441,7.043360258756992,20.179567609307547,2809.6107159487588,1066.1457197076818,31997.44720494431,42662.31824776845,True,1,28
2148,newsecondary2148 26-02-01 04-24-43.fits,2026-02-01 04:24:43,1177.9409776654811,1121.1940641005294,3.271241753372842,8.386128606734303,7.7031856529845575,19.747823743345403,2529.0621320547007,1102.91013896097,31963.397464901558,42616.60485001875,True,1,28
2149,newsecondary2149 26-02-01 04-25-42.fits,2026-02-01 04:25:42,1178.393347042205,1120.6326140027738,3.0848353786723597,7.400919663570543,7.264232185318312,17.427833975439626,2637.5029588404814,1108.5596258598912,31959.56921855391,42612.671150884744,True,1,30
2150,newsecondary2150 26-02-01 04-26-43.fits,2026-02-01 04:26:43,1179.7867052985707,1119.7828008996146,3.982342199966404,7.239356183999565,9.377699238653538,17.047381055200937,2174.9062067853197,1196.6052403338938,32024.780300589984,42699.70522253134,True,1,28
2151,newsecondary2151 26-02-01 04-27-43.fits,2026-02-01 04:27:43,1179.4788790644077,1121.1807217523585,3.5617885714836244,7.6875320907010645,8.38737112429179,18.102754664001548,2356.322491415582,1191.879445570869,31999.593967757322,42665.132581653364,True,1,30
2152,newsecondary2152 26-02-01 04-28-43.fits,2026-02-01 04:28:43,1181.5560951767952,1120.4978795103402,2.957069713477092,7.369656151389821,6.963367035849782,17.35421403027839,2804.4659687530875,1223.824274672946,31979.03646923676,42637.77896514094,True,1,29
2153,newsecondary2153 26-02-01 04-29-43.fits,2026-02-01 04:29:43,1179.7196484738993,1119.6019878491927,3.5309046029540743,8.580823949713686,8.3146449361283,20.20629623966743,2402.962101067386,1052.5127058287715,31997.2963683192,42662.356775479566,True,1,30
2154,newsecondary2154 26-02-01 04-30-43.fits,2026-02-01 04:30:43,1176.1801277275347,1121.9809653756681,3.4024224530079343,8.184385231261853,8.012092594006457,19.272754398830674,2537.416187139505,1124.6419160166724,31939.86742715416,42585.75346355824,True,1,31
2155,newsecondary2155 26-02-01 04-31-43.fits,2026-02-01 04:31:43,1177.2306471015413,1119.441219313137,2.9591975967445237,7.481796342646775,6.968377818021416,17.61828400050387,2872.0225008033244,1147.0518952224722,31969.419931266802,42625.7860567541,True,1,29
2156,newsecondary2156 26-02-01 04-32-43.fits,2026-02-01 04:32:43,1178.175791027281,1122.07088013563,4.267021121780848,7.918953070556019,10.048066870139989,18.6477094262047,1998.2857499742015,1092.8090694254545,31925.658049286496,42567.3800821628,True,1,29
2157,newsecondary2157 26-02-01 04-33-43.fits,2026-02-01 04:33:43,1178.0770122032425,1122.5129721525464,3.9471482887723384,6.668655874735239,9.294823911110713,15.70348452723994,2140.6519486460948,1346.559707511203,31994.448425113555,42658.58082377998,True,1,26
2158,newsecondary2158 26-02-01 04-34-43.fits,2026-02-01 04:34:43,1180.3815572794508,1120.7159547086007,3.430220549745746,7.353431825107555,8.077552109418365,17.31600866153179,2374.975545209378,1188.607398711117,31940.342313540907,42586.35761716791,True,1,26
2159,newsecondary2159 26-02-01 04-35-43.fits,2026-02-01 04:35:43,1176.0029146613415,1121.5889650317633,3.0829086422238503,7.713704777872986,7.25969506770787,18.164386632386314,2709.476981537069,1100.5360960155106,32018.69095623155,42691.412399565554,True,1,32
2160,newsecondary2160 26-02-01 04-36-43.fits,2026-02-01 04:36:43,1176.2961931124314,1123.984107174537,3.151352950479886,6.335848370262326,7.42086909675746,14.919782744570398,2650.7516794472444,1362.0995209669047,32006.29745203493,42674.70661393677,True,1,31
2161,newsecondary2161 26-02-01 04-37-42.fits,2026-02-01 04:37:42,1179.1983810109562,1123.4125858451143,3.980233179262558,6.6754781787539805,9.372732874424734,15.719549825496568,2089.703117056229,1323.064671441375,32002.64664547789,42669.53201393521,True,1,21
2162,newsecondary2162 26-02-01 04-38-42.fits,2026-02-01 04:38:42,1178.8583019912357,1121.479034478409,3.3951019258406885,6.875026467998993,7.994854069892833,16.189450136962357,2480.057400743357,1233.6983435177392,31919.50234197951,42559.25694900551,True,1,28
2163,newsecondary2163 26-02-01 04-39-42.fits,2026-02-01 04:39:42,1179.1194730827783,1122.942864434465,3.6055846809726746,8.212996861537716,8.490503080810974,19.34012963932529,2254.5149859434327,1025.1377004894787,31994.518521610647,42658.98331357756,True,1,30
2164,newsecondary2164 26-02-01 04-40-42.fits,2026-02-01 04:40:42,1179.4816892763847,1120.317019714338,3.702343232050139,5.5394452490452935,8.71835205641634,13.044396710803316,2258.483678653326,1436.7533039200898,32032.707705268567,42710.796402311345,True,1,6
2165,newsecondary2165 26-02-01 04-41-43.fits,2026-02-01 04:41:43,1179.4777532609817,1122.512523355706,3.29340322938625,8.25893513332543,7.755371940928403,19.44830600256508,2460.1294195356904,932.489140085609,32025.36064851849,42700.9977030564,True,1,31
2166,newsecondary2166 26-02-01 04-42-43.fits,2026-02-01 04:42:43,1179.7819954962636,1121.7985563487757,3.7222022433810094,6.350906133409148,8.76511645437277,14.955241067061863,2208.4050365927924,1330.9826119653887,32030.246986599228,42706.695785714306,True,1,26
2167,newsecondary2167 26-02-01 04-43-43.fits,2026-02-01 04:43:43,1180.305709721498,1122.6026126989839,3.2002638304652264,7.965504861911047,7.536045417367043,18.757330517619618,2551.335580067347,1014.720385214385,31982.76177199951,42643.7883357591,True,1,31
2168,newsecondary2168 26-02-01 04-44-43.fits,2026-02-01 04:44:43,1178.124538166912,1122.7154154525474,3.14503010005142,9.24173154382379,7.405979921826775,21.76261469019108,2602.2096021669886,996.4636012456681,31995.53228595777,42659.38803344034,True,1,29
2169,newsecondary2169 26-02-01 04-45-43.fits,2026-02-01 04:45:43,1176.4934393409267,1124.7092748453224,4.772118950575937,7.15448741499706,11.237481362088275,16.847530376756737,1739.5746904596656,1210.7033068376768,32019.113939927574,42691.68707930936,True,1,29
2170,newsecondary2170 26-02-01 04-46-43.fits,2026-02-01 04:46:43,1176.606248808978,1123.8470385295836,3.7893613401223782,8.88293004040641,8.923264041585517,20.917701717756596,2225.151918338393,1024.1375589000081,31970.294116271587,42626.20079450149,True,1,29
2171,newsecondary2171 26-02-01 04-47-43.fits,2026-02-01 04:47:43,1176.5094547278945,1124.028386480188,5.059523074933337,6.918022602619263,11.914266355149648,16.290698296625017,1690.100896344852,1216.848682966289,31914.604768407127,42552.97774441406,True,1,26
2172,newsecondary2172 26-02-01 04-48-43.fits,2026-02-01 04:48:43,1177.7451849577546,1124.9955874238087,4.306245286267264,7.022114031401149,10.140432718922192,16.535814879636515,1953.5340113126254,1327.305384341635,31977.8272564552,42635.93209712149,True,1,17
2173,newsecondary2173 26-02-01 04-49-43.fits,2026-02-01 04:49:43,1176.4710053176057,1125.330203430058,4.165031485094783,6.660452849557512,9.807899629286219,15.684167879121535,2078.2330786801554,1279.6256447841163,31977.69670552878,42637.10045898816,True,1,28
2174,newsecondary2174 26-02-01 04-50-43.fits,2026-02-01 04:50:43,1179.2025380427408,1124.7794024116781,2.7770008005925844,8.67763049190536,6.539337150302412,20.43425822571052,2843.6447529870816,1008.2326397660187,31989.02031188831,42650.92815477985,True,1,28
2175,newsecondary2175 26-02-01 04-51-43.fits,2026-02-01 04:51:43,1178.322629896191,1123.1091697298798,3.817677721316306,8.936018467541768,8.989944023623716,21.0427154101341,2210.036803990461,1007.2846415662876,31954.448323761306,42605.20398796718,True,1,28
2176,newsecondary2176 26-02-01 04-52-43.fits,2026-02-01 04:52:43,1181.937136031018,1123.6017654999628,3.7427346405844673,6.3650857474892435,8.813466554880009,14.988631506528474,2273.5310722489917,1182.612853534152,31953.16456009957,42605.485352617994,True,1,31
2177,newsecondary2177 26-02-01 04-53-44.fits,2026-02-01 04:53:44,1180.0580212545522,1122.3804958132466,3.2062134395463446,6.801423462847897,7.550055676091358,16.01612830505804,2707.392637600878,1278.1408569676764,32034.28636834543,42712.365450646554,True,1,30
2178,newsecondary2178 26-02-01 04-54-44.fits,2026-02-01 04:54:44,1179.1675895347385,1122.1973081150031,2.9471629294246835,7.850506064337471,6.940038342181378,18.486529043938905,2824.187517536707,1134.8226529745207,31970.638301974548,42626.76266398983,True,1,29
2179,newsecondary2179 26-02-01 04-55-44.fits,2026-02-01 04:55:44,1178.8703908134278,1122.3084766803343,3.343534149212024,8.363217968578962,7.8734212358099755,19.693873313372755,2473.1740595960605,1034.6794197323873,32029.59233605052,42705.627839499895,True,1,31
2180,newsecondary2180 26-02-01 04-56-44.fits,2026-02-01 04:56:44,1178.8591314683408,1120.738745599987,3.077338676266954,7.739296820267647,7.246578800222431,18.224651286810545,2713.817645158821,1140.634622005177,31983.48352818085,42644.030459192734,True,1,31
2181,newsecondary2181 26-02-01 04-57-44.fits,2026-02-01 04:57:44,1180.4089661655162,1121.264217706115,3.3701471391361038,6.78358403685239,7.936090037941405,15.974119667131975,2464.6796479614068,1312.1447398393416,32012.732295786987,42682.87622995039,True,1,29
2182,newsecondary2182 26-02-01 04-58-44.fits,2026-02-01 04:58:44,1180.1539616746036,1121.6014810737026,3.078938527992492,5.830246186437808,7.250346163134805,13.729180587289,2694.9331759666143,1459.078266296299,32016.857317785576,42688.87327722872,True,1,8
2183,newsecondary2183 26-02-01 04-59-44.fits,2026-02-01 04:59:44,1179.0318194798479,1120.4316925171956,3.4201794773129373,9.048962944653068,8.053907190779979,21.30867932881133,2440.06636973932,982.9248821367523,31989.908187367626,42652.50304411902,True,1,29
2184,newsecondary2184 26-02-01 05-00-44.fits,2026-02-01 05:00:44,1177.3917225318073,1122.8702630679475,3.5430113057354213,7.850204102613774,8.343154042517048,18.48581797841911,2326.6715012150016,1016.9033922375459,31990.360263017435,42654.149608609994,True,1,30
2185,newsecondary2185 26-02-01 05-01-44.fits,2026-02-01 05:01:44,1177.4434939607236,1121.1748194090062,2.8755894986101778,7.31068534509137,6.771495792607744,17.215348393535162,2874.587582630779,1087.9308595958105,31924.437837624755,42566.32020632187,True,1,31
2186,newsecondary2186 26-02-01 05-02-44.fits,2026-02-01 05:02:44,1177.6928452243712,1121.9861433664842,3.7371978493480276,5.840809286199466,8.800428407891289,13.754054786345414,2267.897962008446,1290.409365725821,31914.415456419574,42553.76412271044,True,1,26
2187,newsecondary2187 26-02-01 05-03-44.fits,2026-02-01 05:03:44,1177.0154032725616,1124.1609878521836,3.7805223824510263,6.055850549302503,8.902449886883838,14.26043826320922,2165.6806512018866,1362.3595363677825,31970.405563718814,42627.12638926737,True,1,17
2188,newsecondary2188 26-02-01 05-04-43.fits,2026-02-01 05:04:43,1177.2997783795345,1122.5347258642819,4.459121493183067,11.100795287670204,10.500428675375824,26.1403752591909,1891.174663859898,791.3144972722175,31922.644158922034,42563.0726465511,True,1,31
2189,newsecondary2189 26-02-01 05-05-44.fits,2026-02-01 05:05:44,1178.558208299469,1122.7102642126076,2.9669830231814194,9.185296049818271,6.986711096254132,21.629719257655662,2839.2147735439553,921.8064937236811,31908.25517321805,42544.28457500119,True,1,29
2190,newsecondary2190 26-02-01 05-06-44.fits,2026-02-01 05:06:44,1177.963869382057,1125.5656447676977,4.321290568833661,7.950586076667638,10.1758616518927,18.722199463080926,1935.8708294359876,983.5149256702662,31973.378819625912,42631.875704504855,True,1,30
2191,newsecondary2191 26-02-01 05-07-44.fits,2026-02-01 05:07:44,1178.5830601698065,1122.025938778491,3.683934850671387,7.431198175396925,8.675003630949078,17.499134422022095,2185.592957169083,1096.0036482640837,31966.29115614727,42621.60157618547,True,1,29
2192,newsecondary2192 26-02-01 05-08-44.fits,2026-02-01 05:08:44,1177.298061137961,1120.3121998855079,4.751265499174296,5.703892338796972,11.188375236719612,13.431640014097573,1778.2185717557495,1536.2898109894825,32012.205643413614,42682.535924991505,True,1,1
2193,newsecondary2193 26-02-01 05-09-44.fits,2026-02-01 05:09:44,1178.9367585091566,1122.0533797706191,4.4427928571786275,7.615129141459442,10.461977676004556,17.932258747808017,1930.39414069724,1191.2599520791875,31890.9916282418,42520.6835776445,True,1,27
2194,newsecondary2194 26-02-01 05-10-44.fits,2026-02-01 05:10:44,1178.0442266857647,1122.642423409131,2.970417963457836,8.766923950616192,6.994799762470522,20.64452825217293,2765.6055031600213,1004.0186178261873,31966.793996151624,42621.63491225245,True,1,27
2195,newsecondary2195 26-02-01 05-11-44.fits,2026-02-01 05:11:44,1175.6107932628515,1121.897715404186,4.002135014521389,6.507857931609189,9.424307755115198,15.324834307566972,2079.806333859964,1253.30872248083,31973.438913609956,42631.46761802285,True,1,28
2196,newsecondary2196 26-02-01 05-12-43.fits,2026-02-01 05:12:43,1176.7773867000014,1120.6696562813465,3.7020687218453645,6.891288922140534,8.71770563428357,16.227745289956253,2247.6531318595885,1224.3000847395592,31908.122465454177,42544.01366414976,True,1,30
2197,newsecondary2197 26-02-01 05-13-43.fits,2026-02-01 05:13:43,1174.4796472202765,1121.0387693177163,3.5959058073631325,7.121545168442403,8.467711075221905,16.76995731424148,2212.727615709212,1251.5376179868013,31980.675679076165,42639.66806516121,True,1,30
2198,newsecondary2198 26-02-01 05-14-43.fits,2026-02-01 05:14:43,1175.1682190502377,1121.4164577246224,4.600615940157464,7.110997249091188,10.833622635371704,16.745118862319867,1775.284047868893,1164.6613728558689,32006.916421293135,42675.74091851329,True,1,28
2199,newsecondary2199 26-02-01 05-15-43.fits,2026-02-01 05:15:43,1174.40176312594,1122.3461825003435,3.765859240782716,8.750807426126466,8.867920826960171,20.60657673724829,2223.4136184685467,1034.8829073019992,31951.850634350456,42601.58684208427,True,1,32
2200,newsecondary2200 26-02-01 05-16-43.fits,2026-02-01 05:16:43,1174.3412347995627,1122.959723904775,2.9880438596257854,8.148054435680937,7.036305576078444,19.18720191314481,2861.224503905142,1066.3936816623539,31866.600953326557,42488.62130754223,True,1,28
2201,newsecondary2201 26-02-01 05-17-44.fits,2026-02-01 05:17:44,1172.577659907076,1125.2321579268819,3.961591201558815,8.274072315128883,9.328834371648941,19.48395134170113,2135.5883025670514,1103.6539792303568,31933.750811353584,42577.46871928989,True,1,27
2202,newsecondary2202 26-02-01 05-18-44.fits,2026-02-01 05:18:44,1176.6411331342624,1123.8525668168818,3.6441180035099814,6.831748555828982,8.581242121123468,16.087538441877328,2260.35313496493,1269.4227174230252,31980.77041630352,42640.46583067743,True,1,31
2203,newsecondary2203 26-02-01 05-19-44.fits,2026-02-01 05:19:44,1176.2803701233597,1122.6577896568315,3.304050962994917,7.2049402037741315,7.780445437464242,16.9663376150967,2528.475703664887,1166.6372437657556,31838.144712392714,42450.79341900352,True,1,25
2204,newsecondary2204 26-02-01 05-20-44.fits,2026-02-01 05:20:44,1177.9199946797103,1124.5610270597822,3.147877962756405,7.237352295807709,7.412686126009971,17.042662259118753,2666.7991587217807,1206.7170155657302,31989.215455817182,42651.85057712003,True,1,30
2205,newsecondary2205 26-02-01 05-21-44.fits,2026-02-01 05:21:44,1178.1169791077268,1124.2465804351398,2.973022141949296,8.201489599364747,7.000932134183051,19.313032107696955,2776.4994068496253,1066.1173797211054,31903.774614477185,42537.7354255358,True,1,30
2206,newsecondary2206 26-02-01 05-22-44.fits,2026-02-01 05:22:44,1179.634272057901,1122.967474982525,3.42522590630769,6.613948460237001,8.06579062293265,15.574658410967674,2479.7338685593054,1310.5454240638,31969.203155881758,42625.37955099366,True,1,28
2207,newsecondary2207 26-02-01 05-23-44.fits,2026-02-01 05:23:44,1179.188371885404,1124.8750874250684,4.042569761293852,6.496871181650003,9.519524307330743,15.298962488533338,2082.661222481714,1355.49361574194,31964.681302592795,42619.07585367532,True,1,26
2208,newsecondary2208 26-02-01 05-24-44.fits,2026-02-01 05:24:44,1178.8931774851078,1124.2118950748963,3.334787313179854,7.359686506109482,7.8528240109908225,17.330737309730402,2380.777798352422,1222.1951381667716,31969.704825061628,42624.91200933958,True,1,29
2209,newsecondary2209 26-02-01 05-25-44.fits,2026-02-01 05:25:44,1177.7652818416364,1122.7053950664802,3.9098839149538165,7.1205007873203,9.207073016677331,16.7674979846405,2176.3904762862367,1163.7141378266915,31999.165513817366,42665.8418250945,True,1,30
2210,newsecondary2210 26-02-01 05-26-44.fits,2026-02-01 05:26:44,1178.2139972417588,1124.7264274192446,4.236042993647124,6.114408780867347,9.975118953053158,14.398332360699678,2024.3855427911951,1328.3686725649427,31955.60713715697,42608.06054074464,True,1,6
2211,newsecondary2211 26-02-01 05-27-44.fits,2026-02-01 05:27:44,1174.0824495883421,1123.6221088082343,3.789835055369931,7.17474636176377,8.924379555746091,16.8952365506942,2246.032012284532,1196.441422338621,31979.258623604524,42638.91856607073,True,1,14
2212,newsecondary2212 26-02-01 05-28-44.fits,2026-02-01 05:28:44,1177.37971438149,1122.6253763836926,3.478617669186629,8.536158909342744,8.191518616399513,20.101118107289818,2454.9608814121266,1073.8396939474455,31992.59132700874,42655.98049191394,True,1,31
2213,newsecondary2213 26-02-01 05-29-43.fits,2026-02-01 05:29:43,1179.8570120742036,1124.1378549028375,3.66557392758875,8.069467843913861,8.631766961228815,19.002144631581036,2204.3320413266183,1080.9432183526521,31982.871947319603,42643.00081922653,True,1,28
2214,newsecondary2214 26-02-01 05-30-43.fits,2026-02-01 05:30:43,1177.78365287538,1122.0651578050965,4.959959716452066,7.109051020007186,11.67981256284735,16.740535843060638,1771.2015666053153,1096.84862001046,31868.62000345926,42492.76668382282,True,1,29
2215,newsecondary2215 26-02-01 05-31-43.fits,2026-02-01 05:31:43,1179.2907666878239,1123.5396943281573,3.126241220721961,8.639631076886122,7.361735492158098,20.344776441523766,2684.178624480796,978.3915237388347,31991.34448491518,42655.04661349846,True,1,31
2216,newsecondary2216 26-02-01 05-32-43.fits,2026-02-01 05:32:43,1178.8700389876856,1123.4052824073672,3.776560750806511,6.588863988564641,8.893120957276304,15.515588994254587,2184.6908838511813,1366.7970527019381,31908.036947531415,42543.075724508395,True,1,1
2217,newsecondary2217 26-02-01 05-33-44.fits,2026-02-01 05:33:44,1181.5081944198807,1123.6040958728909,3.1554426744671367,7.3558017509564895,7.430499660781282,17.321589410426096,2651.8092934125416,1213.3052218702207,31917.945006369784,42556.54154419728,True,1,30
2218,newsecondary2218 26-02-01 05-34-44.fits,2026-02-01 05:34:44,1180.3518658577784,1121.1339726555718,3.3806911406423854,6.584860248261076,7.960919264043233,15.506160906332655,2481.0925355627955,1326.830075689142,31971.045094297995,42627.60988285614,True,1,24
2219,newsecondary2219 26-02-01 05-35-44.fits,2026-02-01 05:35:44,1180.543337142619,1123.137740177215,2.8903776281432316,8.52307554389599,6.806319176460693,20.070309136079338,2791.271323200992,1082.2003882546246,31824.360321645676,42430.99005837535,True,1,27
2220,newsecondary2220 26-02-01 05-36-44.fits,2026-02-01 05:36:44,1180.6312257021748,1122.3769202888736,3.656909835077605,9.156595393254213,8.611364582511568,21.562134376273068,2237.420603965831,954.3433446015318,31952.29346204673,42602.340400560366,True,1,30
2221,newsecondary2221 26-02-01 05-37-44.fits,2026-02-01 05:37:44,1180.1863793833547,1121.610060764726,3.0247889266391,8.935772552113262,7.1228335964374025,21.042136323553674,2758.3012225868283,949.073718863595,31934.463156234182,42579.107006147984,True,1,30
2222,newsecondary2222 26-02-01 05-38-44.fits,2026-02-01 05:38:44,1181.291868866375,1124.3005994547616,3.6361638873390008,6.1943650005193795,8.562511608923538,14.586614869461181,2292.4406482917584,1351.4404340551757,31945.905294749606,42594.494456941145,True,1,23
2223,newsecondary2223 26-02-01 05-39-44.fits,2026-02-01 05:39:44,1182.7857988504404,1118.8420622844278,3.7239747347454095,8.148421825521593,8.769290352567303,19.18806705010593,2238.5336560234086,1046.7996659778266,31872.353834162102,42496.222247549726,True,1,26
2224,newsecondary2224 26-02-01 05-40-44.fits,2026-02-01 05:40:44,1180.4321966961184,1122.4557523344831,3.4130602529016483,9.162789860621919,8.037142698431202,21.57672123219883,2452.6581507976643,984.4392440908123,31991.398086081506,42654.360435479866,True,1,28
2225,newsecondary2225 26-02-01 05-41-43.fits,2026-02-01 05:41:43,1181.5819713945687,1122.597158982118,3.1648988590902047,7.528038925471475,7.452767273881196,17.72717696147348,2572.530293030695,1234.5240806836027,31958.473587365395,42609.81303312134,True,1,17
2226,newsecondary2226 26-02-01 05-42-43.fits,2026-02-01 05:42:43,1179.9032053228932,1120.916613661712,4.444314985081987,7.651868844117817,10.465562013302488,18.018774136076434,1946.4407416068557,1047.0404380317564,31934.317581815027,42579.91376296818,True,1,28
2227,newsecondary2227 26-02-01 05-43-43.fits,2026-02-01 05:43:43,1180.6071556854474,1120.011758200475,3.387211907949723,9.422469728782003,7.976274497607535,22.188220591033193,2440.22512883285,902.7210631451652,32015.804905310582,42687.430023656176,True,1,28
2228,newsecondary2228 26-02-01 05-44-44.fits,2026-02-01 05:44:44,1180.7405699599385,1124.1827840414455,3.3180512667620263,7.4323335358595335,7.813413633411553,17.501807991597783,2412.6412012615597,1080.5080200768716,31971.262257272498,42628.316888001405,True,1,29
2229,newsecondary2229 26-02-01 05-45-44.fits,2026-02-01 05:45:44,1178.706820122773,1121.6351097545191,3.1872627426986453,8.02844427444723,7.505430195287091,18.905541507882294,2570.47814995563,1046.299396117404,32020.03577270224,42693.11364732404,True,1,31
2230,newsecondary2230 26-02-01 05-46-44.fits,2026-02-01 05:46:44,1180.0721568669514,1122.7248632688063,3.806751734350808,9.784631277682386,8.964215290505614,23.041045865923273,2192.3034381036045,844.5359608861696,31993.12492131729,42657.605732854776,True,1,30
2231,newsecondary2231 26-02-01 05-47-44.fits,2026-02-01 05:47:44,1178.248683786445,1123.955400218708,4.548698956079512,8.933772819353361,10.71136748058739,21.037427312765953,1870.7378572212845,1059.293481161039,31988.72686682037,42650.405635186085,True,1,30
2232,newsecondary2232 26-02-01 05-48-44.fits,2026-02-01 05:48:44,1179.316763605086,1121.1807946492768,3.7366412991192797,6.314853314055596,8.799117832256567,14.870343165368238,2131.907927066141,1318.0803338132864,31966.907314786324,42622.0823661184,True,1,28
2233,newsecondary2233 26-02-01 05-49-44.fits,2026-02-01 05:49:44,1177.1249606606214,1120.6234733241722,4.172214633078909,8.11665650789207,9.824814650145662,19.113265443415152,2041.0198847149288,956.4911440743734,31925.583188220164,42568.41397396865,True,1,27
2234,newsecondary2234 26-02-01 05-50-44.fits,2026-02-01 05:50:44,1175.2871795403596,1123.7720960830238,3.676913999740736,6.878895398240484,8.658470790444408,16.19856077144785,2250.381958979027,1283.426231482908,32014.608411366855,42685.43008992436,True,1,29
2235,newsecondary2235 26-02-01 05-51-44.fits,2026-02-01 05:51:44,1176.0899382255288,1125.443082778357,3.8502456880869342,5.84579967738677,9.066635724601094,13.765806259545823,2209.864574782544,1510.7816391718488,32007.948417943604,42676.84781056742,True,1,9
2236,newsecondary2236 26-02-01 05-52-44.fits,2026-02-01 05:52:44,1175.420689745139,1124.5999385458845,4.059397250946791,6.73797307971682,9.559150017273035,15.866714070996087,2141.954132872476,1395.6023009058556,31975.34520064441,42632.88006376639,True,1,21
2237,newsecondary2237 26-02-01 05-53-43.fits,2026-02-01 05:53:43,1175.4485219668045,1125.0040198725505,3.709030494066845,7.648161115360528,8.734099355059652,18.010043102077233,2303.780722365683,1138.6353472442092,31972.914498587546,42630.3416210254,True,1,30
2238,newsecondary2238 26-02-01 05-54-43.fits,2026-02-01 05:54:43,1175.3969538028698,1124.7534225960144,3.396635558583997,6.519361825600191,7.998465499018492,15.351923907732893,2483.9307402779627,1349.6745715479985,31988.42652720093,42650.76858814485,True,1,27
2239,newsecondary2239 26-02-01 05-55-43.fits,2026-02-01 05:55:43,1175.2302906629668,1123.6901580841648,3.5891741619365978,9.435836979580934,8.451859261635459,22.21969806116147,2367.3219653952738,852.1360662584334,31960.43319993993,42614.49905438081,True,1,28
2240,newsecondary2240 26-02-01 05-56-43.fits,2026-02-01 05:56:43,1179.3939311603121,1123.968722521648,3.3873222843312907,9.131884028509283,7.976534414123348,21.503943559231637,2460.2892256780833,939.6361171801015,31981.595015443014,42641.80838717547,True,1,29
2241,newsecondary2241 26-02-01 05-57-44.fits,2026-02-01 05:57:44,1180.340681017176,1122.9859022566277,3.5301881566902975,8.89911266703529,8.31295783410517,20.95580889132353,2340.9344459183,1006.2090595271801,31970.11627187348,42625.9314446306,True,1,28
2242,newsecondary2242 26-02-01 05-58-44.fits,2026-02-01 05:58:44,1178.763099659833,1123.7466923874415,3.1541580039843344,8.096620124527147,7.42747449297712,19.066083366237507,2675.963331805641,1118.6354171645487,31958.96991772097,42611.16463542042,True,1,27
2243,newsecondary2243 26-02-01 05-59-44.fits,2026-02-01 05:59:44,1179.5262597259234,1123.6092963648543,3.337688761613659,7.824506741470806,7.859656399922369,18.42530531729525,2548.3323787269737,1163.567563781649,31919.918121917523,42559.11872332022,True,1,21
2244,newsecondary2244 26-02-01 06-00-44.fits,2026-02-01 06:00:44,1178.8976454498795,1121.7414859671392,4.014747913838736,9.498815932754162,9.454008863253643,22.368002162508855,2100.0843645868695,990.3823981961597,31868.56398211796,42490.15997648346,True,1,31
2245,newsecondary2245 26-02-01 06-01-44.fits,2026-02-01 06:01:44,1182.2201638235147,1122.043197073404,3.5541545320706307,6.251981727874446,8.369394335257516,14.722291893965975,2335.025179301587,1448.741057013519,31981.750150790594,42641.35555958996,True,1,20
2246,newsecondary2246 26-02-01 06-02-44.fits,2026-02-01 06:02:44,1177.8201847465346,1121.7408489163588,2.957803437310169,8.991667330255954,6.965094823439429,21.17375846753664,2799.0443677244084,973.9489367651599,31972.50137605235,42629.384974907975,True,1,27
2247,newsecondary2247 26-02-01 06-03-44.fits,2026-02-01 06:03:44,1180.5628143696688,1123.574529774814,3.8840048467908157,7.176370616690294,9.146132468220374,16.89906137875342,2206.882164156101,1085.7791731337104,31772.177983367186,42363.90919130169,True,1,20
2248,newsecondary2248 26-02-01 06-04-43.fits,2026-02-01 06:04:43,1180.3165061743925,1123.530082332694,3.194300480137843,7.633394606485239,7.522002800480578,17.975270630982575,2563.8378883075234,1140.2465004858125,32024.97436154783,42699.302689754426,True,1,31
2249,newsecondary2249 26-02-01 06-05-43.fits,2026-02-01 06:05:43,1179.8440636778494,1122.7352760054596,2.939618317507659,6.987078611718929,6.922272138807189,16.45331277108275,2761.4519367696194,1236.9622458018607,32034.951063842764,42712.5909631263,True,1,30
2250,newsecondary2250 26-02-01 06-06-43.fits,2026-02-01 06:06:43,1179.5731879870439,1121.3537633627216,3.135269362220485,6.664694116102596,7.382995140728198,15.694155298598218,2666.458383578081,1267.303524548211,32003.352401235312,42671.025483682235,True,1,27
2251,newsecondary2251 26-02-01 06-07-43.fits,2026-02-01 06:07:43,1179.993017565235,1121.265774472709,3.2630039911414968,9.155179591455024,7.683787205355987,21.55880041781655,2547.819016968858,1015.9675976749053,31973.76467457425,42630.412517161334,True,1,30
2252,newsecondary2252 26-02-01 06-08-43.fits,2026-02-01 06:08:43,1179.149280432314,1122.450823037151,3.7907947675034075,9.716567823459563,8.92663950511546,22.880768679585323,2184.746863084024,1005.4895375427591,31889.46731777349,42517.37112851538,True,1,26
2253,newsecondary2253 26-02-01 06-09-43.fits,2026-02-01 06:09:43,1179.0582699009738,1121.0983733906924,4.036757992680245,10.438549315074049,9.50583863810234,24.580905168180458,2025.920776974673,837.5635026063286,31875.575005107898,42500.03841536802,True,1,27
2254,newsecondary2254 26-02-01 06-10-44.fits,2026-02-01 06:10:44,1179.2581457018975,1121.106092293314,3.172831250150049,6.903115729060356,7.4714466273539415,16.25559529195976,2536.9217585237484,1208.0587740231433,32027.529932843667,42702.999125748,True,1,26
2255,newsecondary2255 26-02-01 06-11-44.fits,2026-02-01 06:11:44,1178.8784777601213,1121.39952929092,3.798735673838262,7.903350723731067,8.94533891052849,18.610968707151777,2238.785213533103,1027.7047372548818,32006.056807998935,42675.235280561705,True,1,28
2256,newsecondary2256 26-02-01 06-12-44.fits,2026-02-01 06:12:44,1177.075974913506,1122.3860282987328,3.483052302301514,6.786626501941128,8.201961379350802,15.98128412490924,2385.5573126622317,1248.856271871977,31999.796054510876,42666.18005103805,True,1,27
2257,newsecondary2257 26-02-01 06-13-44.fits,2026-02-01 06:13:44,1178.0742715937063,1120.8266490954397,5.144706939654263,7.896871834315241,12.11485902730769,18.59571208848585,1635.467599924939,1027.1674423240208,32030.331491477045,42707.49882259277,True,1,27
2258,newsecondary2258 26-02-01 06-14-44.fits,2026-02-01 06:14:44,1174.9057429959732,1121.7429818250666,3.082117660754205,9.2570051551841,7.257832448687901,21.798581296382352,2701.2145306728685,982.2121703108038,32008.946822533984,42677.60693178472,True,1,30
2259,newsecondary2259 26-02-01 06-15-44.fits,2026-02-01 06:15:44,1177.2244827992702,1121.8424361780192,3.6881269732752755,9.200449641668152,8.684875325287942,21.66540323949798,2228.187247523671,933.9660416862331,31894.30784574988,42525.260171989365,True,1,30
2260,newsecondary2260 26-02-01 06-16-44.fits,2026-02-01 06:16:44,1178.5646438587473,1123.1396525199016,3.6677361684396312,9.847597499093254,8.636858649326655,23.18931998626144,2252.1569611658865,893.8222898625271,31999.22664139192,42664.937063951795,True,1,32
2261,newsecondary2261 26-02-01 06-17-44.fits,2026-02-01 06:17:44,1174.8278295286318,1124.157853476871,3.404623935084981,8.98828656147547,8.017276688130263,21.165797365444742,2343.3605928281772,1043.5579087342865,32013.504808623486,42682.865912620815,True,1,30
2262,newsecondary2262 26-02-01 06-18-44.fits,2026-02-01 06:18:44,1174.436877123197,1122.945602903839,2.8590017794089015,7.211304825291613,6.732434698931233,16.981325153425097,2906.402304835581,1223.7564116684885,32002.07962945372,42668.77484815248,True,1,28
2263,newsecondary2263 26-02-01 06-19-44.fits,2026-02-01 06:19:44,1175.4025638733324,1123.0155767635445,3.7997808846317374,7.847386950479294,8.947800193856247,18.479184092102933,2250.9662371393033,1074.4265596236503,31998.566497292242,42664.91230014539,True,1,29
2264,newsecondary2264 26-02-01 06-20-43.fits,2026-02-01 06:20:43,1176.0562706692365,1125.6888136200678,3.326065901201291,7.47960746643688,7.832286655242729,17.613129590928718,2481.342524332768,1200.198161996415,31987.07929175087,42648.50564293858,True,1,24
2265,newsecondary2265 26-02-01 06-21-43.fits,2026-02-01 06:21:43,1176.0065020867014,1121.854396189596,3.9230346895026647,5.59080360590101,9.238040724192642,13.16533639900701,2123.760661201234,1251.3633290265755,31927.73526585251,42572.03565386452,True,1,27
2266,newsecondary2266 26-02-01 06-22-43.fits,2026-02-01 06:22:43,1176.8680120257588,1123.1793501312488,3.7602836182354396,6.887583469283286,8.854791239222319,16.21901961529209,2171.213318989647,1208.2106479630759,31873.10491494353,42497.2704282824,True,1,28
2267,newsecondary2267 26-02-01 06-23-43.fits,2026-02-01 06:23:43,1175.3027029624423,1122.433114019182,4.091709726607526,6.847810977409206,9.635240082663508,16.125362554186175,2096.7649069957233,1278.5838161623788,31971.187403646967,42628.0227445476,True,1,30
2268,newsecondary2268 26-02-01 06-24-43.fits,2026-02-01 06:24:43,1176.8157923886602,1125.160764859693,3.8544481031545095,5.723534251404937,9.076531655839759,13.477893183629554,2139.5306384821956,1570.1256415983476,31926.2386435168,42567.36407620335,True,1,1
2269,newsecondary2269 26-02-01 06-25-44.fits,2026-02-01 06:25:44,1176.0250235566532,1122.414642900704,3.6728648337918837,6.629290038233639,8.648935733302393,15.610785066356561,2290.0184353010577,1323.2757010278012,31960.85259629909,42614.004068000344,True,1,29
2270,newsecondary2270 26-02-01 06-26-44.fits,2026-02-01 06:26:44,1179.0267830360524,1123.9068853670376,3.7214643531924105,6.776487793958768,8.763378855765625,15.957409292121666,2216.505548865099,1309.0909890286048,31941.516863323362,42587.88662675466,True,1,24
2271,newsecondary2271 26-02-01 06-27-44.fits,2026-02-01 06:27:44,1177.557006539025,1122.6208352408855,3.221286343988246,8.231936877505328,7.585549653607983,19.38472996857903,2656.8180531330013,1082.0376925154694,31980.2323855807,42639.85997689743,True,1,30
2272,newsecondary2272 26-02-01 06-28-44.fits,2026-02-01 06:28:44,1178.0732750994475,1126.377058997526,3.1209461538295615,8.931772859729522,7.349266562500096,21.032717767754484,2635.590498541242,908.5841569597404,31988.108271147194,42650.95321058701,True,1,29
2273,newsecondary2273 26-02-01 06-29-44.fits,2026-02-01 06:29:44,1177.4860387022225,1124.2693100380359,3.233273298789033,9.277902055088289,7.613776775051757,21.84778973515574,2593.059018337096,999.3768681790973,31931.670237991417,42574.41524681177,True,1,31
2274,newsecondary2274 26-02-01 06-30-44.fits,2026-02-01 06:30:44,1179.6431572863082,1121.578234132967,3.3049569194374375,7.662901858870381,7.782578801855014,18.044754900372894,2512.991358779315,1122.3747357898412,31966.681184241705,42621.860788913895,True,1,30
2275,newsecondary2275 26-02-01 06-31-44.fits,2026-02-01 06:31:44,1180.028740228444,1121.515663528802,2.86516861840055,8.131713465316137,6.746956495003246,19.148721868574523,2921.991138638604,1122.9752907327418,31958.07543009813,42609.78764873465,True,1,28
2276,newsecondary2276 26-02-01 06-32-43.fits,2026-02-01 06:32:43,1180.4141694253112,1122.439928344936,3.453911465433974,6.9615386522024085,8.133339952566143,16.39317076246397,2405.1806562807556,1172.3833496791613,31939.769187671798,42586.546770810106,True,1,25
2277,newsecondary2277 26-02-01 06-33-43.fits,2026-02-01 06:33:43,1180.737445701137,1121.9923981952086,3.580366807562093,8.08311769644111,8.431119527010685,19.03428757792392,2322.914820016392,943.0327916466088,31883.999867127062,42512.894990911314,True,1,30
2278,newsecondary2278 26-02-01 06-34-43.fits,2026-02-01 06:34:43,1180.8306477316573,1121.6392649498382,2.939004173179267,9.862869016783383,6.92082593943215,23.225281662236203,2697.307564658316,890.7548937049485,31957.38617266713,42608.74190884598,True,1,28
2279,newsecondary2279 26-02-01 06-35-43.fits,2026-02-01 06:35:43,1181.4565460316842,1121.388533363747,3.1814391155023864,8.145771358068796,7.491716601230554,19.18182567621938,2587.122081619687,1074.2412207857183,31972.33160328587,42629.10529338651,True,1,27
2280,newsecondary2280 26-02-01 06-36-43.fits,2026-02-01 06:36:43,1178.8255330319134,1124.0751372168513,3.8350055314167024,7.4199331071488395,9.030747898184618,17.47260721350286,2195.2482670991817,1236.0686228427955,31955.204176247644,42605.96828293597,True,1,29
2281,newsecondary2281 26-02-01 06-37-44.fits,2026-02-01 06:37:44,1181.2583525631226,1120.917558658092,3.8593824261172016,6.530947477484355,9.088151098460964,15.379206033024472,2221.0352152831,1216.2477555674104,31941.492138454687,42589.46667922514,True,1,27
2282,newsecondary2282 26-02-01 06-38-44.fits,2026-02-01 06:38:44,1178.678401132143,1122.7599779010188,2.8769921426539704,7.7648503402738145,6.77479876691811,18.284825227942164,2801.78903423558,998.8308796337564,31935.551604438304,42581.12868406569,True,1,29
2283,newsecondary2283 26-02-01 06-39-44.fits,2026-02-01 06:39:44,1179.3868157487161,1120.6389612897185,3.062234866175121,8.65404655548864,7.211012045461842,20.37872229949569,2743.2998655466668,1024.6584380226277,31848.439717239122,42463.98437205937,True,1,26
2284,newsecondary2284 26-02-01 06-40-44.fits,2026-02-01 06:40:44,1180.0047797109123,1124.936034107351,3.3667758090324376,8.53361872166125,7.928151162234875,20.095136422419298,2511.987109787255,1017.6139684208271,31982.37951355117,42642.88046104054,True,1,29
2285,newsecondary2285 26-02-01 06-41-44.fits,2026-02-01 06:41:44,1179.7294134824708,1123.001466314044,3.551982375246917,9.299977102657861,8.364279296828084,21.89977249966758,2317.344892989033,961.0768176297456,32021.96856520454,42695.046695207246,True,1,29
2286,newsecondary2286 26-02-01 06-42-44.fits,2026-02-01 06:42:44,1179.0155779014785,1124.059485081661,3.4653627567324663,7.5966883782538766,8.16030568285732,17.888834068965885,2371.2771986110356,1190.5410043370857,31973.138577938786,42629.78530353681,True,1,30
2287,newsecondary2287 26-02-01 06-43-44.fits,2026-02-01 06:43:44,1177.138151424194,1123.365307649988,3.663991794522747,10.3387794087818,8.628041322571084,24.34596499295261,2239.4215573793535,816.0528713903601,31962.36749920662,42616.19115239798,True,1,29
2288,newsecondary2288 26-02-01 06-44-44.fits,2026-02-01 06:44:44,1177.0767535383093,1124.125917942585,3.487930192824525,10.535298854583022,8.213447933731857,24.808732923163703,2307.6870102909193,900.8684893337331,31924.843372174546,42564.598659790136,True,1,31
2289,newsecondary2289 26-02-01 06-45-43.fits,2026-02-01 06:45:43,1176.1481019831876,1122.3935448053592,3.5872894761900507,7.469744956208872,8.447421165860906,17.58990515414948,2341.1548119078684,1100.534921080321,31964.58114701035,42619.67063918952,True,1,29
2290,newsecondary2290 26-02-01 06-46-43.fits,2026-02-01 06:46:43,1176.475707136076,1121.5422728963406,3.1611230972603366,8.759642856128993,7.44387603423896,20.62738258492471,2639.7292234528063,979.0379768525258,31980.976241414974,42641.00313672744,True,1,32
2291,newsecondary2291 26-02-01 06-47-43.fits,2026-02-01 06:47:43,1176.7335859708373,1124.7389364516896,2.946643970625148,6.818461651972664,6.938816287597687,16.05625017434007,2722.1860396668394,1259.7473091922907,31963.876755333105,42617.76966015334,True,1,19
2292,newsecondary2292 26-02-01 06-48-43.fits,2026-02-01 06:48:43,1173.8481303375834,1123.4264166878015,3.449386242607222,7.092810333290207,8.122683867145476,16.70229194843443,2327.49073769438,1197.8352475792879,32024.954764323647,42699.33674920713,True,1,29
2293,newsecondary2293 26-02-01 06-49-44.fits,2026-02-01 06:49:44,1176.6018499512234,1123.4573188954078,4.1728613725894075,7.6953865050481065,9.826337605308897,18.121250396347943,1991.5662133277067,1148.6633027469716,32001.91226512991,42668.534408253836,True,1,28
2294,newsecondary2294 26-02-01 06-50-44.fits,2026-02-01 06:50:44,1174.981249534017,1126.0558891509277,3.4725036190859613,8.33006499515096,8.177121128666139,19.61580402699212,2355.6343718647277,1087.9642424342671,31990.378822848084,42652.70004992029,True,1,29
2295,newsecondary2295 26-02-01 06-51-44.fits,2026-02-01 06:51:44,1176.8938909712415,1123.0686640575332,4.568392091728698,5.539674232500007,10.757741271163605,13.044935925632455,1885.6695874970699,1525.921975345197,31988.46323523384,42651.4923836475,True,1,5
2296,newsecondary2296 26-02-01 06-52-44.fits,2026-02-01 06:52:44,1172.145576953915,1123.649435882053,4.112778277046449,8.266310760468773,9.68485272755683,19.465674277206897,2054.2446880662487,1021.1984062896855,32004.466577038635,42672.63126987457,True,1,29
2297,newsecondary2297 26-02-01 06-53-44.fits,2026-02-01 06:53:44,1172.3474544364979,1124.8387942927086,3.16370913611704,6.960018868369077,7.449965690375954,16.389591945029128,2636.532960014355,1213.8401491778295,31915.51915646014,42553.88741048227,True,1,28
2298,newsecondary2298 26-02-01 06-54-44.fits,2026-02-01 06:54:44,1176.7428305941453,1125.1927553620383,4.41615230971649,7.855420070532538,10.399243980830116,18.498100644228455,1912.6286298759492,1116.8213836308175,31989.37301936345,42652.07618139715,True,1,30
2299,newsecondary2299 26-02-01 06-55-44.fits,2026-02-01 06:55:44,1174.7135959568886,1125.8686793716063,3.380412588674706,8.015730053223962,7.960263324286159,18.875601804888785,2479.525849868738,1076.7345528355143,31987.88846141873,42650.196892276406,True,1,29
2300,newsecondary2300 26-02-01 06-56-44.fits,2026-02-01 06:56:44,1176.0090379705618,1125.1996485021423,3.436681814289307,8.331930936231087,8.092767224681792,19.62019798245045,2460.208822623016,1061.1819572159259,32006.92691779922,42675.40388774654,True,1,29
2301,newsecondary2301 26-02-01 06-57-43.fits,2026-02-01 06:57:43,1176.8512914120786,1124.5570718513534,3.7049297149259437,8.049707807745817,8.724442758138412,18.95561330232199,2273.6397754843033,1248.106345187471,31820.774296543917,42425.60605862485,True,1,25
2302,newsecondary2302 26-02-01 06-58-43.fits,2026-02-01 06:58:43,1179.4548620298274,1123.6320408300799,2.9315959773842666,8.301869983144977,6.903380971476569,19.549409847550542,2823.4144313232387,1028.875621770004,31980.986636200807,42640.97448806753,True,1,29
2303,newsecondary2303 26-02-01 06-59-43.fits,2026-02-01 06:59:43,1179.2846722505674,1122.0770581112647,3.3648742492676615,7.847078575615651,7.923673331183957,18.478457924792643,2464.355209202301,1149.240975462343,31951.835425625388,42601.51119563344,True,1,30
2304,newsecondary2304 26-02-01 07-00-44.fits,2026-02-01 07:00:44,1180.0361935964613,1121.4369008166198,3.0246783571049125,7.108441798011154,7.122573225081928,16.73910123489251,2718.468363943662,1155.4463585710487,32005.599640431843,42674.144547905606,True,1,28
2305,newsecondary2305 26-02-01 07-01-44.fits,2026-02-01 07:01:44,1181.5453746546389,1123.2323798214347,4.140844759657952,8.702977401076176,9.750944243403909,20.493945635505533,2070.7494933213848,1021.4176395973915,32023.223199992328,42697.22512452418,True,1,30
2306,newsecondary2306 26-02-01 07-02-44.fits,2026-02-01 07:02:44,1177.8913667781055,1126.184161635415,2.9854647425868275,7.221029914152231,7.030232219576624,17.00422598761379,2783.332983084469,1222.062305989265,31988.82988651646,42651.109124107184,True,1,26
2307,newsecondary2307 26-02-01 07-03-44.fits,2026-02-01 07:03:44,1178.4863954650957,1123.2237119703186,3.8038044374168947,7.045424209954809,8.957274936606977,16.590706155347924,2193.713625704667,1190.253082948178,31922.022201611857,42562.64291233336,True,1,31
2308,newsecondary2308 26-02-01 07-04-44.fits,2026-02-01 07:04:44,1180.3767895196415,1122.3384700125996,3.473204243038819,9.050143547718669,8.178770971994355,21.311459436575433,2418.7364691940415,1034.3678055539317,31987.514044349802,42648.780354250106,True,1,31
2309,newsecondary2309 26-02-01 07-05-44.fits,2026-02-01 07:05:44,1178.5961088644958,1124.7429186221414,3.3901726122297964,7.029596393882127,7.98324642339366,16.55343449679091,2387.088313499069,1074.53765033413,31999.666958403504,42666.91770468536,True,1,28
2310,newsecondary2310 26-02-01 07-06-44.fits,2026-02-01 07:06:44,1179.9877122655826,1126.230503548213,2.9427642474127604,8.790933403658983,6.929680237607984,20.70106619346832,2832.1683466422855,980.2403332921438,31988.922356442217,42651.5317971238,True,1,28
2311,newsecondary2311 26-02-01 07-07-43.fits,2026-02-01 07:07:43,1180.0358942302305,1125.3719154127432,3.1108746447279194,8.05191869990909,7.325549970983838,18.960819555505466,2607.912140681341,947.7409400207988,31917.564817189894,42557.37427257146,True,1,31
2312,newsecondary2312 26-02-01 07-08-43.fits,2026-02-01 07:08:43,1180.4168457628884,1123.2274531468545,3.191536799544497,8.588939482597597,7.5154948300213045,20.225406859178573,2549.752905610527,1038.2896333714937,31945.491892740156,42592.98321665095,True,1,31
2313,newsecondary2313 26-02-01 07-09-44.fits,2026-02-01 07:09:44,1178.2001243938473,1123.3126457809292,4.39566556377715,9.316374777398796,10.3510013808347,21.93838607283943,1906.1744654351637,942.3976820164248,31985.140508746877,42646.33718127914,True,1,31
2314,newsecondary2314 26-02-01 07-10-44.fits,2026-02-01 07:10:44,1179.665309218199,1123.1954837238136,3.3499227497334285,7.994463715732292,7.8884652403774735,18.825523407079007,2450.2335650225887,926.295403884837,31935.868966663536,42582.19384170437,True,1,31
2315,newsecondary2315 26-02-01 07-11-44.fits,2026-02-01 07:11:44,1179.144750809486,1121.951244763156,3.109690500677203,8.586509238686007,7.322761524837007,20.219684072101245,2582.9575799938784,958.5665215454994,31909.333820882362,42545.522424677045,True,1,30
2316,newsecondary2316 26-02-01 07-12-44.fits,2026-02-01 07:12:44,1177.9973036681029,1122.6639678525537,3.6380536331077376,8.232727230208901,8.566961620139772,19.386591106968048,2267.3121329627365,1078.1467173935025,31970.670840328956,42626.752030422715,True,1,30
2317,newsecondary2317 26-02-01 07-13-44.fits,2026-02-01 07:13:44,1180.1579240168699,1123.92569289676,4.029584541947471,6.493138521377764,9.488946452524761,15.290172745302979,2064.6490299727225,1376.417196780824,31997.90804797355,42663.08106604407,True,1,28
2318,newsecondary2318 26-02-01 07-14-44.fits,2026-02-01 07:14:44,1179.612600774628,1124.8346545663592,3.543838103868003,9.640353109968615,8.345101003332845,22.701296744530545,2289.7985542084875,926.7808842124548,31966.549199559664,42621.0085093006,True,1,31
2319,newsecondary2319 26-02-01 07-15-44.fits,2026-02-01 07:15:44,1178.3675359521424,1121.2701158174918,2.9501023264191515,6.190640988429794,6.946960093144255,14.57784549114469,2680.7455694114387,1293.0649706506988,31949.611649734463,42599.35786460702,True,1,31
2320,newsecondary2320 26-02-01 07-16-44.fits,2026-02-01 07:16:44,1178.4707782533337,1124.3095503553175,2.9580874831707926,6.030736571548946,6.965763700325733,14.201299364984681,2747.0574736525705,1427.8741601767522,31891.413212798576,42521.25879150933,True,1,16
2321,newsecondary2321 26-02-01 07-17-43.fits,2026-02-01 07:17:43,1178.4320400056454,1126.2897539759028,5.041569187018317,9.232842980520587,11.87198818000112,21.741683723153173,1665.282944271792,944.0571363229146,31952.431810741073,42602.82890814337,True,1,30
2322,newsecondary2322 26-02-01 07-18-43.fits,2026-02-01 07:18:43,1177.4039703056656,1124.6803533240259,3.0047355309077854,8.455458860130694,7.075611458198365,19.9110840137703,2689.9516806205747,1079.5588076381043,31941.49727732568,42587.314857630314,True,1,30
2323,newsecondary2323 26-02-01 07-19-43.fits,2026-02-01 07:19:43,1176.8356678242528,1124.3015832890271,3.9645429717906517,5.915831905380024,9.335785259359197,13.930719553822515,2181.7011185677648,1460.8499830468975,32004.836824648966,42673.12518522363,True,1,29
2324,newsecondary2324 26-02-01 07-20-43.fits,2026-02-01 07:20:43,1177.0188799321747,1125.483872879365,3.477574828176534,7.327138616726545,8.189062913485163,17.254092887388012,2338.901443801376,1023.0836804535214,31957.077093208358,42610.25803639153,True,1,28
2325,newsecondary2325 26-02-01 07-21-43.fits,2026-02-01 07:21:43,1176.2462363384507,1124.397363632977,3.70938199967208,5.905930494107924,8.7349270875048,13.907403512084878,2197.502439381062,1449.6597399910816,32003.422272541182,42670.700759894935,True,1,9
2326,newsecondary2326 26-02-01 07-22-44.fits,2026-02-01 07:22:44,1177.2340258722493,1125.5059144657034,4.605232640942973,8.82477085498334,10.84449413492333,20.78074730211968,1894.2447857728841,995.4914821911269,31890.61866661156,42520.74552980855,True,1,29
2327,newsecondary2327 26-02-01 07-23-44.fits,2026-02-01 07:23:44,1171.499298693196,1122.9840740361562,4.384159480653548,7.151984796615725,10.323906625655452,16.841637160827307,1931.7366461796546,1044.8505573595344,31966.432585259612,42623.194742885484,True,1,29
2328,newsecondary2328 26-02-01 07-24-44.fits,2026-02-01 07:24:44,1174.0429096748394,1125.7875943868096,4.121456343409742,9.198916137333564,9.705288012181219,21.661792112751748,2129.226718942052,1124.7580985534473,31914.07447764532,42550.07357585034,True,1,29
2329,newsecondary2329 26-02-01 07-25-44.fits,2026-02-01 07:25:44,1173.7176036873286,1128.1270260385807,3.2224173580459925,6.997867834049718,7.588212988182377,16.47871944809759,2569.4658913288245,1270.4231019483582,31993.284872635664,42656.9261524532,True,1,31
2330,newsecondary2330 26-02-01 07-26-44.fits,2026-02-01 07:26:44,1175.0838592351288,1126.361459067802,4.996305471353005,5.806452659334459,11.765400275039863,13.673151112724046,1742.0555036067708,1382.5675046171662,31916.003744163594,42555.54334233258,True,1,23
2331,newsecondary2331 26-02-01 07-27-44.fits,2026-02-01 07:27:44,1176.762405781136,1126.9781951470468,3.0050554589247285,9.10714565586238,7.0763648311056295,21.445689143441264,2718.4782836894024,958.8955677068094,31972.478745145872,42629.24491381634,True,1,30
2332,newsecondary2332 26-02-01 07-28-44.fits,2026-02-01 07:28:44,1178.259952222009,1126.5534149196576,3.0924948783838273,8.877084422333896,7.282268928773784,20.903936339143844,2756.0858457503264,981.4272857285705,31960.610938500264,42613.90417726482,True,1,29
2333,newsecondary2333 26-02-01 07-29-44.fits,2026-02-01 07:29:44,1176.646600921081,1128.382152420229,3.459824790359928,6.586310386779882,8.14726476863456,15.509575721584811,2486.3764959585483,1387.380998988182,31969.604518963133,42625.44913987369,True,1,10
2334,newsecondary2334 26-02-01 07-30-44.fits,2026-02-01 07:30:44,1177.8913051329891,1127.5443654227527,2.7092068281311765,7.164440330342323,6.379694545018013,16.87096770131826,3068.4083629675365,1046.896888356739,31841.829674852324,42456.82058073467,True,1,28
2335,newsecondary2335 26-02-01 07-31-44.fits,2026-02-01 07:31:44,1178.875149236068,1126.2513478412382,3.462740639339431,7.1953639247290315,8.154131068259776,16.943787201244486,2334.233020814685,1217.313593705095,31952.240862587023,42602.11595000538,True,1,31
2336,newsecondary2336 26-02-01 07-32-44.fits,2026-02-01 07:32:44,1181.4689417435407,1126.4986229865556,3.470970374060434,8.047181429072173,8.173510612546082,18.949664135179955,2445.2319944366373,1158.427599968677,31910.18110496329,42545.831799334934,True,1,29
2337,newsecondary2337 26-02-01 07-33-43.fits,2026-02-01 07:33:43,1179.6918789367721,1125.0254173166975,3.9832109011657684,7.811323215488217,9.379744873650942,18.394260486047262,2153.9198270766296,986.9807079888375,31887.69457571993,42518.0477547165,True,1,30
2338,newsecondary2338 26-02-01 07-34-43.fits,2026-02-01 07:34:43,1177.4154286068,1126.4517676765508,3.8728371332885048,10.491079346166266,9.11983451260797,24.70460393836251,2101.9224116082914,898.8152854809928,31945.2071895095,42591.94734661812,True,1,30
2339,newsecondary2339 26-02-01 07-35-43.fits,2026-02-01 07:35:43,1179.312489887366,1124.8122707598454,3.279789368593487,6.906047897471221,7.723313748643344,16.262500020909073,2587.4142637661294,1204.1904097991567,31974.251279625518,42632.55421101899,True,1,30
2340,newsecondary2340 26-02-01 07-36-43.fits,2026-02-01 07:36:43,1179.6829364709706,1123.146435827657,2.985753846369951,8.167755523991602,7.030913006960218,19.23359443080769,2720.8705168422907,1047.1455044435354,31889.087395395072,42518.23006065508,True,1,27
2341,newsecondary2341 26-02-01 07-37-43.fits,2026-02-01 07:37:43,1180.1636746272497,1121.2795110680693,3.000142427982924,9.178673659255427,7.064795527362011,21.614124719612253,2726.998160066242,1007.5282269272438,31943.302976210354,42589.69561260722,True,1,31
2342,newsecondary2342 26-02-01 07-38-43.fits,2026-02-01 07:38:43,1180.2608895454662,1123.2184430327643,3.0231042865952498,7.491043909373849,7.118866572293482,17.640060356000546,2698.9158277174784,1167.9732346433773,31942.188718824782,42588.8238991654,True,1,28
2343,newsecondary2343 26-02-01 07-39-43.fits,2026-02-01 07:39:43,1179.4886281651748,1123.5631824026107,2.810907948820239,10.356162503149045,6.619182382618729,24.386899052013263,2891.9249021671335,898.6445997852444,31928.15346545081,42569.35290113357,True,1,31
2344,newsecondary2344 26-02-01 07-40-43.fits,2026-02-01 07:40:43,1176.9773150505255,1123.4430747240638,3.4432848051178966,8.915726917337942,8.108316079842108,20.99493246096938,2391.7354163833306,967.4851580408176,31986.370311643448,42647.990350633685,True,1,31
2345,newsecondary2345 26-02-01 07-41-44.fits,2026-02-01 07:41:44,1180.9072337930413,1124.305825320043,3.4901836245375244,7.2902623495517895,8.218754359899735,17.16725591425898,2309.9128986819806,1249.3507861574476,31951.53414825377,42600.69670337744,True,1,27
2346,newsecondary2346 26-02-01 07-42-44.fits,2026-02-01 07:42:44,1178.9736443949303,1124.3452692526823,4.449078974789805,10.307687299800783,10.47678035176078,24.272748671481825,1800.1017656123536,829.3102467070172,31986.229910576043,42647.61093762034,True,1,29
2347,newsecondary2347 26-02-01 07-43-44.fits,2026-02-01 07:43:44,1179.0723842594316,1121.1484427298217,3.7551495527098324,7.749970739975148,8.842701438810117,18.249786446896817,2251.2361813372204,1051.9149136349242,31859.76413773689,42480.07417158876,True,1,29
2348,newsecondary2348 26-02-01 07-44-44.fits,2026-02-01 07:44:44,1178.9006935802902,1124.6059585077437,4.080054800544845,6.676758348991649,9.607794829147753,15.722564396033283,2011.8329794983322,1305.5080859058974,31958.560810389245,42610.759166243566,True,1,26
2349,newsecondary2349 26-02-01 07-45-43.fits,2026-02-01 07:45:43,1178.9902497231833,1124.4611023224072,3.546844379210525,9.15278257027173,8.352180240770299,21.553155864285763,2310.447561150115,889.1920721417155,31939.98020360462,42586.71275754649,True,1,28
2350,newsecondary2350 26-02-01 07-46-43.fits,2026-02-01 07:46:43,1177.7944007115436,1124.4523499818579,4.263803451993846,6.502180840266096,10.040489836827266,15.311465779074783,1976.4288097776507,1167.2910757555896,31878.051459440256,42505.1480696512,True,1,27
2351,newsecondary2351 26-02-01 07-47-44.fits,2026-02-01 07:47:44,1176.6794868264526,1127.8162459707482,3.1448602954306812,6.586955861553605,7.405580062502121,15.511095698520537,2644.526672578716,1181.891484694252,31951.59305844101,42602.809532260995,True,1,26
2352,newsecondary2352 26-02-01 07-48-44.fits,2026-02-01 07:48:44,1179.239428405461,1126.9947937021968,3.11833104267114,9.503226670328822,7.343108446324261,22.378388655763032,2607.215838985723,874.4801065983617,31932.708605648135,42576.71242774543,True,1,30
2353,newsecondary2353 26-02-01 07-49-44.fits,2026-02-01 07:49:44,1175.7374756061772,1124.5721228278285,3.499190911522382,9.16092493205319,8.239964899843024,21.57232966102264,2348.965700805279,989.0376816675889,31921.268835050592,42560.607352941865,True,1,27
2354,newsecondary2354 26-02-01 07-50-44.fits,2026-02-01 07:50:44,1175.6827599762892,1124.9555537361805,3.5339568926450937,7.296113653244172,8.321832529075953,17.181034681483364,2323.832072367844,1233.9012919008703,31851.14342612817,42467.17212836548,True,1,25
2355,newsecondary2355 26-02-01 07-51-44.fits,2026-02-01 07:51:44,1176.284032725886,1125.0384470466795,3.7579684671324523,7.536826839349553,8.849339474997729,17.747870917227583,2229.516342628817,1034.6396863905156,31935.592721849982,42581.53886973243,True,1,29
2356,newsecondary2356 26-02-01 07-52-44.fits,2026-02-01 07:52:44,1176.2385244250258,1124.93272441749,3.2011072681484714,8.517363342446655,7.538031561330283,20.05685792960519,2610.6805122675582,954.6884763526297,31836.751518572033,42449.292968482165,True,1,31
2357,newsecondary2357 26-02-01 07-53-44.fits,2026-02-01 07:53:44,1177.2699592986405,1125.6189191741153,3.587342983013532,6.171977778049473,8.447547164801385,14.533896989236478,2320.520670585969,1301.9278043622335,31936.025294762327,42581.739745217834,True,1,27
2358,newsecondary2358 26-02-01 07-54-44.fits,2026-02-01 07:54:44,1178.3747402031959,1124.8417577329776,3.601520524024233,8.912917675154088,8.480932722562633,20.988317201163493,2265.5310988630335,998.0189837019965,31912.067332429237,42548.47422173642,True,1,28
2359,newsecondary2359 26-02-01 07-55-44.fits,2026-02-01 07:55:44,1176.8300830923815,1125.1131653151908,3.263371509272678,9.001918617809645,7.684652644418205,21.19789840495545,2615.45782184616,975.8674003028254,31929.78796293679,42572.728948051015,True,1,28
2360,newsecondary2360 26-02-01 07-56-44.fits,2026-02-01 07:56:44,1178.244147596349,1124.8777340123868,3.2157751910277828,7.83394125366637,7.572571880145453,18.447521895728453,2621.4201300976724,992.7088915709129,31919.356627997488,42559.984256584896,True,1,30
2361,newsecondary2361 26-02-01 07-57-43.fits,2026-02-01 07:57:43,1180.887937558119,1126.3990012589022,2.7144830605432366,9.160984654209287,6.392119122864174,21.572470295952947,3011.9535267575757,917.56781874684,31951.872710585038,42602.20047423165,True,1,29
2362,newsecondary2362 26-02-01 07-58-43.fits,2026-02-01 07:58:43,1178.1541347090342,1124.0418077524957,3.7840585534851896,7.228118212996391,8.910776933317743,17.020917655817186,2225.794522012928,1248.0972455931349,31897.363746569274,42529.046151038936,True,1,22
2363,newsecondary2363 26-02-01 07-59-43.fits,2026-02-01 07:59:43,1177.7420799109216,1123.4985729312025,3.1167003058940463,9.489923054095316,7.339268354673392,22.347061033584975,2602.649700835576,920.5382426521709,31849.789751433476,42465.581534821955,True,1,28
2364,newsecondary2364 26-02-01 08-00-44.fits,2026-02-01 08:00:44,1177.35235968885,1124.1711732117046,3.7430706349808434,8.886473632094033,8.814257761219613,20.926046238494013,2221.2048681687957,1069.1446419481163,31863.661101424463,42483.35118869864,True,1,29
2365,newsecondary2365 26-02-01 08-01-44.fits,2026-02-01 08:01:44,1178.497376288194,1125.612332938768,3.0598968552942196,7.700402530428289,7.205506450573995,18.13306223345958,2691.1247289786565,1060.8583601151383,31809.589895373567,42412.87101966801,True,1,28
2366,newsecondary2366 26-02-01 08-02-44.fits,2026-02-01 08:02:44,1178.0313995185072,1126.1473023085066,3.7419005798530254,8.85659865887219,8.811502491950836,20.855696052706456,2239.6221684872257,945.4975658309853,31831.72929913938,42442.31417885768,True,1,26
2367,newsecondary2367 26-02-01 08-03-44.fits,2026-02-01 08:03:44,1178.1241624849868,1124.3594630260543,3.0888183431764915,10.788370113587339,7.273611349971288,25.404670196688286,2653.825579948857,842.7373404978767,31951.28885184111,42600.56498511519,True,1,29
2368,newsecondary2368 26-02-01 08-04-44.fits,2026-02-01 08:04:44,1179.8273022258306,1125.8242978988808,2.882376773808969,8.601022815965846,6.787478604296999,20.253860934804916,2826.3071322120495,1059.9357163922703,31890.023841741233,42518.78099013648,True,1,29
2369,newsecondary2369 26-02-01 08-05-44.fits,2026-02-01 08:05:44,1179.6061536652571,1123.6706814903666,3.056329551128823,8.967544734487781,7.197106091218596,21.116954095483567,2700.0268026043695,1063.9197280217095,31797.91198806008,42395.554471077776,True,1,28
2370,newsecondary2370 26-02-01 08-06-44.fits,2026-02-01 08:06:44,1177.7182565213238,1126.5216974626546,3.765438813737006,8.373642500802163,8.86693079692546,19.71842121081202,2179.793825127515,965.4381751707575,31951.97449661563,42602.792093561526,True,1,30
2371,newsecondary2371 26-02-01 08-07-44.fits,2026-02-01 08:07:44,1179.832348091718,1125.5237769016198,3.0881338518276773,7.684996241031838,7.27199949602245,18.09678319436927,2690.810672811472,1258.7887790254983,31929.032393117934,42570.284162480864,True,1,28
2372,newsecondary2372 26-02-01 08-08-44.fits,2026-02-01 08:08:44,1178.8359332752275,1128.126952455422,3.6446474567925966,7.571075199120373,8.582488888326278,17.82851964132534,2303.964446980301,1179.7532605827614,32001.19656483653,42667.57242519374,True,1,26
2373,newsecondary2373 26-02-01 08-09-43.fits,2026-02-01 08:09:43,1179.5314770663274,1130.0239510851927,3.1707774649352682,7.3962249798543755,7.466610332761988,17.41677884011971,2621.1287923332393,1137.2458879891547,31859.723137356745,42479.50150765952,True,1,13
2374,newsecondary2374 26-02-01 08-10-43.fits,2026-02-01 08:10:43,1180.5665403399526,1126.7833346260757,4.694710617267134,7.538632844613718,11.055198667160269,17.75212373462507,1803.995843860197,1110.1710690853417,31934.8409596627,42579.916973398686,True,1,29
2375,newsecondary2375 26-02-01 08-11-43.fits,2026-02-01 08:11:43,1179.410770155222,1127.2837712173664,3.597323569422383,7.182505176723935,8.471049649738111,16.913507163688084,2354.5872225049434,1266.172259357141,31992.435311275927,42655.77571940306,True,1,31
2376,newsecondary2376 26-02-01 08-12-43.fits,2026-02-01 08:12:43,1176.9877596101148,1123.9773766045223,3.455228700125176,7.104512301255288,8.136441803220995,16.729847977164912,2282.4807943880537,1128.3710980655542,31956.607829194287,42608.64277180691,True,1,29
2377,newsecondary2377 26-02-01 08-13-43.fits,2026-02-01 08:13:43,1177.7208619278742,1125.3214665464957,3.57754496599711,6.647447204376832,8.42447459792956,15.653541925151508,2312.342227085998,1310.745669023408,32011.638463274645,42681.61649457088,True,1,29
2378,newsecondary2378 26-02-01 08-14-43.fits,2026-02-01 08:14:43,1176.8550469112845,1125.1390438261728,4.379934407581548,7.851646399055818,10.313957338893784,18.489214326991714,1968.588633584832,1128.8477968882598,31977.559076520996,42636.43465385143,True,1,29
2379,newsecondary2379 26-02-01 08-15-44.fits,2026-02-01 08:15:44,1178.2845852673365,1128.996140702743,3.7712854912611204,5.546810888772985,8.880698670356077,13.06174146687856,2262.944060753828,1530.2990451672424,32000.510768770557,42667.406912914055,True,1,1
2380,newsecondary2380 26-02-01 08-16-44.fits,2026-02-01 08:16:44,1178.4119475232721,1128.0449143315593,3.2288833748988424,7.857163128673182,7.603439294278975,18.5022052324777,2621.077317225379,1106.4382129700698,31964.289745934322,42618.75602534564,True,1,31
2381,newsecondary2381 26-02-01 08-17-44.fits,2026-02-01 08:17:44,1176.8345558158544,1126.3972451648783,3.6372674560461515,8.134146576254723,8.565110314636206,19.15445140698449,2234.2522687938776,1074.990080043785,31947.73831101353,42596.188129589966,True,1,27
2382,newsecondary2382 26-02-01 08-18-44.fits,2026-02-01 08:18:44,1177.9638825622576,1127.4665302117714,2.960403729489272,8.356523492080974,6.971218043585718,19.678109025924307,2853.80059582307,1045.904507373961,31983.878085179127,42644.79462644521,True,1,30
2383,newsecondary2383 26-02-01 08-19-44.fits,2026-02-01 08:19:44,1179.9328181405401,1126.915560420577,3.8648442264105793,8.130302052567192,9.101012655273765,19.145398245541493,2160.4451050312964,1104.39702070034,31948.532097156287,42597.231368679604,True,1,30
2384,newsecondary2384 26-02-01 08-20-44.fits,2026-02-01 08:20:44,1179.770427004688,1127.7004188454432,3.1317794330579702,8.584516590384167,7.374776985580571,20.214991743937375,2644.0921664302587,1051.6297987287517,32003.04642341466,42669.76534362807,True,1,30
2385,newsecondary2385 26-02-01 08-21-44.fits,2026-02-01 08:21:44,1179.6522343365991,1126.0037528087826,4.2261651389687165,7.228405256161508,9.95185838285454,17.021593590816195,2027.6699069244396,1165.7442551038844,31978.67902424948,42638.422822640314,True,1,32
2386,newsecondary2386 26-02-01 08-22-44.fits,2026-02-01 08:22:44,1180.5962256494902,1128.8232127694935,3.973803271112907,8.027010869595602,9.357591597826229,18.902166097405033,2072.2105706849293,1032.217543029363,31976.778945305323,42635.639417086604,True,1,19
2387,newsecondary2387 26-02-01 08-23-44.fits,2026-02-01 08:23:44,1178.5016158375586,1126.4031461155494,3.0166715377957467,7.09837072915916,7.103718606475764,16.715385680084946,2768.496272109745,1174.644110267786,31970.68809152891,42627.60163817447,True,1,30
2388,newsecondary2388 26-02-01 08-24-44.fits,2026-02-01 08:24:44,1179.9371808631975,1123.547748230263,3.3109344144690054,6.803711812505121,7.796654726974423,16.02151695670091,2550.7432135830913,1197.3933291309977,31962.01645957682,42616.40699762799,True,1,28
2389,newsecondary2389 26-02-01 08-25-44.fits,2026-02-01 08:25:44,1179.6371226644337,1125.7414537077748,3.4971787138831028,9.259617293946466,8.235226536507485,21.804732413100375,2365.531284987022,966.8691799143827,32026.879032495144,42701.62837527252,True,1,28
2390,newsecondary2390 26-02-01 08-26-44.fits,2026-02-01 08:26:44,1178.7552854573557,1122.5761299443554,2.8895772231033985,6.00969870180929,6.80443436662875,14.15175896761699,2835.1415259568726,1233.6011649143402,31971.195523856753,42629.26488297895,True,1,28
2391,newsecondary2391 26-02-01 08-27-44.fits,2026-02-01 08:27:44,1178.2424220041187,1125.632003624227,3.142207842724825,9.891150008672822,7.399334013701875,23.29187830883081,2555.407787596079,971.3111543800044,32005.9065283459,42672.507643274475,True,1,29
2392,newsecondary2392 26-02-01 08-28-44.fits,2026-02-01 08:28:44,1182.0516708643447,1126.4335116304655,3.5655870067037196,9.12084685618086,8.396315755687821,21.477953004592205,2264.9243673928713,863.9345570586169,31958.048614654588,42610.984173355515,True,1,29
2393,newsecondary2393 26-02-01 08-29-45.fits,2026-02-01 08:29:45,1178.0049178743518,1126.8972882433047,3.3514429674452644,7.998471255541332,7.892045079518116,18.834960442152592,2497.724173996203,939.4962565322303,31948.187910705463,42598.688198018535,True,1,31
2394,newsecondary2394 26-02-01 08-30-45.fits,2026-02-01 08:30:45,1179.2602007587727,1127.6895957833633,3.531571434876205,6.427967131005316,8.316215205305198,15.136705848891399,2342.572414342356,1297.1891534584588,31953.33748456037,42604.365744981165,True,1,1
2395,newsecondary2395 26-02-01 08-31-45.fits,2026-02-01 08:31:45,1177.9057763678934,1127.1887995083807,4.629462288794942,6.454819429109276,10.901550595369187,15.199938178721752,1842.5814273990454,1340.565965541751,31931.081040379944,42574.61618650672,True,1,28
2396,newsecondary2396 26-02-01 08-32-45.fits,2026-02-01 08:32:45,1178.7321740851057,1126.2633226678151,3.8503977733733685,5.854269352285611,9.066993858082142,13.785750819772508,2180.4537945127436,1392.7907761564,31965.339242076974,42620.7641582595,True,1,21
2397,newsecondary2397 26-02-01 08-33-45.fits,2026-02-01 08:33:45,1179.2766194010173,1125.2613366536739,3.7008926413638807,7.069101333346775,8.714936176391202,16.646461520119995,2231.3071649366093,1164.079441631088,31917.341702989626,42556.49278134573,True,1,28
2398,newsecondary2398 26-02-01 08-34-45.fits,2026-02-01 08:34:45,1179.1686266023178,1123.7981633754573,3.635148712818476,5.4900634356159985,8.5601210556134,12.928111426680035,2303.868338380155,1438.7579902643286,31926.351554304132,42569.08254244182,True,1,26
2399,newsecondary2399 26-02-01 08-35-45.fits,2026-02-01 08:35:45,1176.3891772743882,1126.62573165987,3.492699437896736,7.589342984176392,8.224678647627563,17.871536987753572,2393.5364833759168,1073.0423624174248,31987.824779871764,42650.7118338663,True,1,32
2400,newsecondary2400 26-02-01 08-36-45.fits,2026-02-01 08:36:45,1177.5814004115637,1128.0159041628633,3.0667931071517627,7.559885056682632,7.221745882683718,17.8021688696062,2719.3927630074286,1058.8871183466665,31922.913651218627,42564.316500789064,True,1,28
2401,newsecondary2401 26-02-01 08-37-45.fits,2026-02-01 08:37:45,1179.0005766683587,1128.5245250090268,4.377110523069637,4.77358529372637,10.307307599040286,11.240934336331808,1949.905175788282,1599.5196139616512,31991.54708788517,42656.555957744844,True,1,2
2402,newsecondary2402 26-02-01 08-38-45.fits,2026-02-01 08:38:45,1177.8819550196251,1126.8119355691265,4.514231697266447,6.254348530959372,10.630203288637114,14.727865289313,1927.3903776469456,1267.3414727921484,31980.148770290583,42641.19674557385,True,1,30
2403,newsecondary2403 26-02-01 08-39-44.fits,2026-02-01 08:39:44,1181.1242654154294,1126.7128290624937,3.6955139677277886,8.343760961738495,8.702270367897253,19.64805556364852,2243.806773398145,1073.2609763759767,31975.142743070694,42632.66875560668,True,1,29
2404,newsecondary2404 26-02-01 08-40-44.fits,2026-02-01 08:40:44,1178.3511646706825,1128.3373037399203,3.1438576924150254,7.6287046534063965,7.403219112823646,17.964226635462264,2643.354068394904,1101.053107164134,31911.635067247633,42548.73163702115,True,1,28
2405,newsecondary2405 26-02-01 08-41-44.fits,2026-02-01 08:41:44,1178.8392103850588,1127.6404238018129,3.392076495311624,7.777332907461286,7.987729725438143,18.31421942736867,2508.4115300334734,1236.965324211903,31984.010336557625,42643.913840543166,True,1,29
2406,newsecondary2406 26-02-01 08-42-44.fits,2026-02-01 08:42:44,1181.844922759248,1128.2661554680062,5.365350272364366,6.961950321729975,12.634434369975873,16.39414017011941,1553.0214679546216,1064.488894031555,31955.83545890535,42608.96892036199,True,1,30
2407,newsecondary2407 26-02-01 08-43-44.fits,2026-02-01 08:43:44,1178.9350162915982,1127.362601092361,3.5695700674418296,10.833820461480219,8.405695146954498,25.511697586960068,2337.794568489957,847.844807899238,31960.323064700366,42612.680360346225,True,1,28
2408,newsecondary2408 26-02-01 08-44-45.fits,2026-02-01 08:44:45,1179.347236485473,1127.3225654763187,3.25892624332371,7.913428964757923,7.674184843056081,18.634701151140472,2554.9769333719414,1220.1816853585278,31913.741360471213,42549.94107291588,True,1,29
2409,newsecondary2409 26-02-01 08-45-45.fits,2026-02-01 08:45:45,1178.3847204557485,1128.795198124404,3.7259933462366868,7.524350322852638,8.774043819370092,17.71849096608849,2298.1659082024703,1173.2554586525464,31963.27078132896,42617.35263523838,True,1,28
2410,newsecondary2410 26-02-01 08-46-45.fits,2026-02-01 08:46:45,1179.6696266904423,1127.470652617894,3.1860097989205975,8.08610364448462,7.502479738163247,19.041318948230195,2447.821099228482,1029.387614725962,31923.282929192465,42563.70035507135,True,1,27
2411,newsecondary2411 26-02-01 08-47-45.fits,2026-02-01 08:47:45,1180.917038351725,1127.7182243566785,3.7048972223554504,9.029913828666382,8.7243662439821,21.263822088645764,2246.1527829065594,973.9367086491447,32027.59545834913,42702.850975185596,True,1,28
2412,newsecondary2412 26-02-01 08-48-45.fits,2026-02-01 08:48:45,1179.0185671444053,1126.5658642721437,3.4617968601209657,7.205417511480763,8.151908638038051,16.967461588851922,2393.5526818530743,1138.242831006609,32034.691008971393,42713.03027309944,True,1,29
2413,newsecondary2413 26-02-01 08-49-45.fits,2026-02-01 08:49:45,1178.0929920403219,1129.7041655487808,3.7990635803043453,5.5889379214646455,8.946111071247717,13.160943047898558,2145.86463569611,1402.92709581895,32019.524797066217,42693.10125896043,True,1,4
2414,newsecondary2414 26-02-01 08-50-45.fits,2026-02-01 08:50:45,1180.1573427386675,1126.2655273838552,4.159066000905083,9.558671560228042,9.793851987537998,22.508951393892254,2013.7691416417802,885.3399640660945,32038.851075859817,42718.35556687663,True,1,30
2415,newsecondary2415 26-02-01 08-51-44.fits,2026-02-01 08:51:44,1176.5625725142886,1126.176859583582,3.6526477151550782,7.827521388773369,8.601328057083675,18.432404269192023,2333.627865391322,1148.6640014480938,32001.831288533598,42668.50587640367,True,1,29
2416,newsecondary2416 26-02-01 08-52-44.fits,2026-02-01 08:52:44,1181.491333414752,1126.9534935046413,3.0132101253447954,8.38014500634838,7.095567603052143,19.73373344121518,2685.6789530777996,1096.0209261492614,32018.900876948534,42690.45940569129,True,1,30
2417,newsecondary2417 26-02-01 08-53-44.fits,2026-02-01 08:53:44,1178.8660281602224,1127.9952375725175,3.5853584573453094,8.187020525020001,8.442873963977977,19.278960041396907,2296.7639872054333,957.0274421303981,31948.358261004298,42598.32616134828,True,1,32
2418,newsecondary2418 26-02-01 08-54-44.fits,2026-02-01 08:54:44,1181.1107799027739,1128.4327259032862,3.508475793325186,7.730433033041939,8.26182912562801,18.203778662976557,2365.01677389197,957.8617958220844,31966.481863790097,42623.12716221343,True,1,30
2419,newsecondary2419 26-02-01 08-55-44.fits,2026-02-01 08:55:44,1179.3388270441387,1129.575424832553,3.2596449901588245,8.103838989564842,7.675877362510711,19.083082494330643,2517.0699755331034,1114.8747138655285,31923.009155192365,42562.941976323265,True,1,28
2420,newsecondary2420 26-02-01 08-56-45.fits,2026-02-01 08:56:45,1178.072874585872,1128.6732412315273,3.292414202083634,5.025083753794454,7.753042959611119,11.833167951394548,2402.7165534147885,1453.909543837191,31906.94819450548,42543.37733049199,True,1,6
2421,newsecondary2421 26-02-01 08-57-45.fits,2026-02-01 08:57:45,1178.0100364211296,1128.4095948889858,3.47839141661057,6.939761874426464,8.19098583229817,16.341890369640993,2430.077202392831,1380.6782984277006,31859.420167275934,42477.7713703306,True,1,23
2422,newsecondary2422 26-02-01 08-58-45.fits,2026-02-01 08:58:45,1178.7578014872383,1127.7788063108198,3.5107417758608337,6.475492466554196,8.267165106724644,15.248619461688726,2377.05422490729,1244.317237912676,31901.634115215616,42535.88306293794,True,1,25
2423,newsecondary2423 26-02-01 08-59-45.fits,2026-02-01 08:59:45,1180.9997233428826,1125.764402999274,2.8913388451317603,7.408079957830945,6.808582669492905,17.44469517989234,2851.6870168655455,1171.870718123929,31994.12784142634,42658.27478280969,True,1,30
2424,newsecondary2424 26-02-01 09-00-45.fits,2026-02-01 09:00:45,1177.6304649924773,1127.9765789578648,2.987355395729584,8.241406206140766,7.034684367495389,19.407028533462743,2813.46917704299,1111.5413520868074,31968.4904358163,42623.67933174373,True,1,30
2425,newsecondary2425 26-02-01 09-01-45.fits,2026-02-01 09:01:45,1179.5116737917547,1129.665280222603,4.221055005201304,7.779027001969048,9.939824937426248,18.318208715073723,2026.7525657916935,1209.5627948589283,31957.034610229675,42608.278075595226,True,1,26
2426,newsecondary2426 26-02-01 09-02-45.fits,2026-02-01 09:02:45,1179.4086877783031,1131.6665492285124,4.408458812574723,7.910433260502951,10.381127179544293,18.62764680671188,1966.3535183943434,1098.791705280692,31895.511987248094,42527.3192342177,True,1,24
2427,newsecondary2427 26-02-01 09-03-45.fits,2026-02-01 09:03:45,1179.3691899765445,1128.800044355305,3.1784096873495087,7.992164319697924,7.484582843091176,18.82010874320581,2643.8756582912924,1239.9290053874408,31962.133873640425,42614.23612383135,True,1,27
2428,newsecondary2428 26-02-01 09-04-45.fits,2026-02-01 09:04:45,1179.8162900122898,1128.9321640772464,3.0902353362349935,5.554754420869046,7.2769481136291185,13.080447055486712,2522.68491988101,1330.8104450479084,31994.371567445265,42659.68219572897,True,1,27
2429,newsecondary2429 26-02-01 09-05-45.fits,2026-02-01 09:05:45,1180.3849586075623,1128.8781439508969,3.233228826364782,8.758085614045141,7.613672050495679,20.623715560050687,2560.3353021413827,980.9036404363073,31950.50955069031,42600.27621514733,True,1,31
2430,newsecondary2430 26-02-01 09-06-45.fits,2026-02-01 09:06:45,1179.8893093270494,1126.3840768070831,3.217254287604062,8.278915171400111,7.576054886411812,19.49535539672382,2611.7001575125,1061.562081499659,31969.974169393852,42626.13440872238,True,1,29
2431,newsecondary2431 26-02-01 09-07-44.fits,2026-02-01 09:07:44,1179.792431411978,1125.9690434552379,3.1334516528200176,7.646214924681237,7.378714762195936,18.00546017325419,2622.6820779143086,1149.446984997942,31919.309571676735,42558.34333724112,True,1,29
2432,newsecondary2432 26-02-01 09-08-44.fits,2026-02-01 09:08:44,1178.4548682943405,1125.1258538233549,2.8582700124094673,8.552541210479488,6.730711519332674,20.139695478390358,2875.5316195750233,976.703877936132,31939.84641489169,42586.28877633813,True,1,28
2433,newsecondary2433 26-02-01 09-09-44.fits,2026-02-01 09:09:44,1180.4106774768325,1125.3323928591071,3.51232057873946,7.87923107621299,8.270882903390385,18.554171277697126,2343.5957389451105,1092.803976050356,31992.713268039104,42656.46234037337,True,1,13
2434,newsecondary2434 26-02-01 09-10-45.fits,2026-02-01 09:10:45,1179.421090935172,1125.2152176942202,2.8469340668383385,8.55011724662765,6.7040174074724,20.13398747972362,2731.221347401833,1003.1967297278094,31989.33196118468,42651.40870477611,True,1,30
2435,newsecondary2435 26-02-01 09-11-45.fits,2026-02-01 09:11:45,1178.6892948983811,1125.5155850847243,3.082897025763244,6.647843080615446,7.259667713033582,15.65447414245355,2656.6380034375875,1298.3824859509948,32003.218503085478,42670.38898187691,True,1,29
2436,newsecondary2436 26-02-01 09-12-45.fits,2026-02-01 09:12:45,1176.8269330819055,1121.394574883926,3.6620495272171123,9.715566822006451,8.623467632586967,22.87841150129843,2220.2319832842904,874.9545777369144,32004.581639444037,42672.29833122653,True,1,25
2437,newsecondary2437 26-02-01 09-13-45.fits,2026-02-01 09:13:45,1177.5709559211273,1125.4036845447386,2.9632938464485625,8.835442054448999,6.978023748933939,20.805876056525936,2763.8542516432,931.6749899170566,31984.745537387225,42646.27368136014,True,1,31
2438,newsecondary2438 26-02-01 09-14-45.fits,2026-02-01 09:14:45,1174.0595545125839,1127.0789619432637,3.464330919848897,8.855362812438013,8.15787589268069,20.852785856750675,2278.474843134002,938.5060118650887,32029.036729673826,42704.84407692175,True,1,31
2439,newsecondary2439 26-02-01 09-15-45.fits,2026-02-01 09:15:45,1175.9581424174826,1125.4937395697048,3.819770658745583,9.642860812802331,8.994872514635173,22.707201933430362,2112.5221056319137,906.1923417159344,32012.0845444615,42681.91685364164,True,1,29
2440,newsecondary2440 26-02-01 09-16-45.fits,2026-02-01 09:16:45,1175.519753999297,1123.584225123524,3.372666253604756,10.585075126916678,7.9420220991879145,24.925947087021914,2443.5718207410173,824.3042801976302,32028.833716630863,42704.487581947076,True,1,30
2441,newsecondary2441 26-02-01 09-17-45.fits,2026-02-01 09:17:45,1174.748746054929,1123.06695173315,4.166736878647319,8.295254804650842,9.811915524208397,19.533832292631093,1984.7074934875523,1041.0331546217087,31943.050077556923,42590.26166274195,True,1,29
2442,newsecondary2442 26-02-01 09-18-44.fits,2026-02-01 09:18:44,1176.0559788223318,1124.769299496048,3.0455991057854397,8.696587300184808,7.171837823431888,20.478898097836773,2666.7322653846963,981.4279314467894,32048.653037416647,42731.00449739226,True,1,30
2443,newsecondary2443 26-02-01 09-19-44.fits,2026-02-01 09:19:44,1177.1767638781673,1123.6449878940532,3.302400848811851,8.525030205426795,7.776559715509368,20.074912012233327,2494.7324727004116,1027.4260165858784,31948.73914956135,42597.64807066543,True,1,27
2444,newsecondary2444 26-02-01 09-20-44.fits,2026-02-01 09:20:44,1175.293397736694,1124.041264592059,4.1943071917916726,9.33732173003278,9.876838650248501,21.987712376784252,1890.9693527652928,898.404438051862,31990.225371618144,42653.04406841411,True,1,31
2445,newsecondary2445 26-02-01 09-21-44.fits,2026-02-01 09:21:44,1176.6651506898947,1125.2611125512024,3.6104973725822886,10.002722780513222,8.502071585488348,23.55461210844025,2284.0541530750484,963.4545921352595,31973.521184636662,42629.56851806961,True,1,29
2446,newsecondary2446 26-02-01 09-22-44.fits,2026-02-01 09:22:44,1176.3841846654668,1125.1466133686245,3.4675045427370037,8.859398613732392,8.165349203472973,20.86228944253644,2360.988936817241,902.2916802255858,31992.014616659097,42656.26831841561,True,1,31
2447,newsecondary2447 26-02-01 09-23-45.fits,2026-02-01 09:23:45,1174.155950074135,1123.8707594640946,3.4490705397104398,7.29809338846997,8.121940443635859,17.185696601676927,2411.4378429432654,1180.2750020503115,31853.945533614246,42471.54501663675,True,1,29
2448,newsecondary2448 26-02-01 09-24-45.fits,2026-02-01 09:24:45,1177.0498953193724,1122.6390499593672,3.535746604491968,10.246194593584434,8.326046978407803,24.127944414260366,2284.1688041966,836.9335654564707,31972.87919105263,42629.8619853211,True,1,28
2449,newsecondary2449 26-02-01 09-25-45.fits,2026-02-01 09:25:45,1178.0236154056217,1122.8399447208317,4.0693017081909675,7.8930264010776785,9.582473231726773,18.58665678521621,2114.6771788009414,1056.8679203987208,31839.595221194857,42453.1332261729,True,1,27
2450,newsecondary2450 26-02-01 09-26-45.fits,2026-02-01 09:26:45,1175.9844423677418,1126.2327921150982,3.137769649317268,6.6617651890889915,7.388882866902035,15.68725820255615,2664.7497399424888,1333.4165920285502,31932.403221986027,42575.86514969002,True,1,30
2451,newsecondary2451 26-02-01 09-27-45.fits,2026-02-01 09:27:45,1176.052124301994,1123.990555184505,4.660637708334435,8.869725655408695,10.974963098213035,20.88660776728167,1806.2417580126344,1028.4702750137,32024.055017528164,42697.83225936331,True,1,30
2452,newsecondary2452 26-02-01 09-28-45.fits,2026-02-01 09:28:45,1173.6609902568678,1125.556694361663,3.0563406594866773,8.592141095141162,7.197132249402339,20.23294608057258,2660.8251499916123,979.5716514370697,32016.85421529971,42688.77246277556,True,1,28
2453,newsecondary2453 26-02-01 09-29-45.fits,2026-02-01 09:29:45,1175.3920424507692,1121.5825243712354,3.1144118045886313,8.308768258670364,7.333879345926321,19.56565404503387,2580.5713979549237,1065.7079301049525,32007.71193045804,42675.89480847138,True,1,30
2454,newsecondary2454 26-02-01 09-30-45.fits,2026-02-01 09:30:45,1174.264168701786,1125.717817441604,3.5790058675867122,7.804641801624567,8.427914758276573,18.37852695875199,2348.520408155164,1138.0224618878015,32008.228729207705,42677.02391172064,True,1,27
2455,newsecondary2455 26-02-01 09-31-45.fits,2026-02-01 09:31:45,1177.204172815376,1126.0638411145972,3.529049487796276,8.779461334182292,8.310276473768875,20.674051534306624,2408.1357544394464,1090.413727585806,31984.658022547188,42644.824811137296,True,1,27
2456,newsecondary2456 26-02-01 09-32-45.fits,2026-02-01 09:32:45,1176.6297942665135,1127.3143740373841,3.2996389961464305,8.152662874555373,7.770056049491414,19.198053957382633,2470.833929745638,1118.2416167537122,31980.286578177085,42639.1393801631,True,1,31
2457,newsecondary2457 26-02-01 09-33-44.fits,2026-02-01 09:33:44,1175.4793060951906,1125.3687916016843,3.4991223172461883,9.18997915039428,8.239803372666469,21.640747116764942,2395.5160788302956,1005.9064694340758,31973.03315239949,42629.59931983778,True,1,29
2458,newsecondary2458 26-02-01 09-34-44.fits,2026-02-01 09:34:44,1177.2593111737997,1126.4745871057996,2.9811860486578734,7.638713902517384,7.020156665346171,17.987796615904525,2740.123761515343,1108.1806412041622,32016.545450614263,42688.34526950275,True,1,29
2459,newsecondary2459 26-02-01 09-35-44.fits,2026-02-01 09:35:44,1177.8656656957435,1125.82372834385,2.97878877952718,8.631266575709946,7.01451152794388,20.325079546487423,2779.2839857704635,1008.3570208221355,31996.658902503994,42661.66451418164,True,1,28
2460,newsecondary2460 26-02-01 09-36-44.fits,2026-02-01 09:36:44,1177.5412075096003,1125.7920420537994,3.034251547323306,7.381447471505153,7.145116365303095,17.381980467243352,2765.7104105894946,1150.9042959199644,31968.761081668817,42624.881348493065,True,1,31
2461,newsecondary2461 26-02-01 09-37-44.fits,2026-02-01 09:37:44,1176.195204641227,1124.7303964032026,3.8472465922928336,9.740941403859562,9.059573393708177,22.93816407528041,2053.1605611718433,962.9634297781793,31998.441784614763,42662.67921798944,True,1,29
2462,newsecondary2462 26-02-01 09-38-45.fits,2026-02-01 09:38:45,1178.4271422555641,1126.4110102555426,3.4223346266058,9.165722145034115,8.058982179534848,21.583626234310405,2378.758222572226,891.2866530903883,31962.823986592997,42617.06205605175,True,1,28
2463,newsecondary2463 26-02-01 09-39-45.fits,2026-02-01 09:39:45,1177.0129798634134,1123.2419653448374,3.209082177708579,11.104739879310538,7.556811038219733,26.14966406265502,2498.971829494868,859.4643486609176,31960.44071383667,42611.95494787333,True,1,30
2464,newsecondary2464 26-02-01 09-40-45.fits,2026-02-01 09:40:45,1178.6938369979346,1125.9788823824956,3.450418231261396,9.27863348381339,8.125114014714569,21.84951211817912,2332.3357605733077,935.6058137883725,31987.39653709877,42649.04506188875,True,1,29
2465,newsecondary2465 26-02-01 09-41-45.fits,2026-02-01 09:41:45,1178.0654847970493,1125.0198606351462,3.2821454967451236,11.126481715605486,7.72886200644348,26.200862174578145,2544.0771832937094,865.354304347017,31995.134095301903,42658.53050837999,True,1,29
2466,newsecondary2466 26-02-01 09-42-45.fits,2026-02-01 09:42:45,1177.2823498048242,1124.9017430585168,4.267511867109011,10.311825651908213,10.049222487075752,24.2824937459778,1895.584658817324,810.7235841332699,32001.124925142583,42667.81763711833,True,1,30
2467,newsecondary2467 26-02-01 09-43-45.fits,2026-02-01 09:43:45,1177.9489207623915,1125.1176424234948,4.231943510067076,7.310150945574094,9.965465406944585,17.214089978839823,1962.2384825972742,1068.8722226967484,31974.92428710333,42633.86479726191,True,1,32
2468,newsecondary2468 26-02-01 09-44-45.fits,2026-02-01 09:44:45,1176.201527475768,1126.5742520333563,3.034973994409398,8.600102334704335,7.146817598182898,20.251693367079234,2746.9031088045294,967.3432836031393,31979.33672561025,42639.138235345876,True,1,30
2469,newsecondary2469 26-02-01 09-45-44.fits,2026-02-01 09:45:44,1175.6308692760895,1122.7056677117669,3.419319316332014,10.492700036334972,8.05188166646015,24.708420372058562,2287.8630425395786,832.3651878485371,31952.026933520672,42601.52814526451,True,1,30
2470,newsecondary2470 26-02-01 09-46-44.fits,2026-02-01 09:46:44,1175.7896006043793,1119.655766417753,3.4500365144211504,10.368158225008848,8.124215140247633,24.415146818303345,2365.6485617331628,787.016634336568,31982.187101871477,42642.91827745732,True,1,28
2471,newsecondary2471 26-02-01 09-47-44.fits,2026-02-01 09:47:44,1176.456576405315,1120.8981818597506,3.1768945673959,8.922108663322717,7.481015008253792,21.009960324336625,2597.5972535392602,1037.1187666786243,31964.89335260903,42618.56710432019,True,1,31
2472,newsecondary2472 26-02-01 09-48-44.fits,2026-02-01 09:48:44,1174.6299653310905,1121.3137241214074,3.5039047934216336,11.960753657771145,8.25106524342929,28.165422466996738,2404.0673810134895,782.0379248121229,31942.62156939121,42588.962753620006,True,1,28
2473,newsecondary2473 26-02-01 09-49-44.fits,2026-02-01 09:49:44,1174.2863378233321,1121.8656495917926,2.887020359837072,9.401392447332961,6.798413413756801,22.13858738618223,2747.962620499744,964.7015256489465,31925.10719714551,42565.34467090662,True,1,28
2474,newsecondary2474 26-02-01 09-50-44.fits,2026-02-01 09:50:44,1175.9019325735203,1122.1109283827752,3.019761113233824,12.186720796717387,7.110994000647983,28.697534415305643,2691.6627253198185,806.6716051571891,31964.60635730052,42617.27990492336,True,1,29
2475,newsecondary2475 26-02-01 09-51-44.fits,2026-02-01 09:51:44,1176.8341403462482,1124.456617040413,3.1099760823296303,9.213916518626192,7.323434018236635,21.69711531130274,2634.6129292568576,953.8696780426517,31937.798507979176,42582.963763188985,True,1,27
2476,newsecondary2476 26-02-01 09-52-45.fits,2026-02-01 09:52:45,1176.0307541433046,1124.4278393803688,3.3507194366248303,9.970377774982454,7.89034129463896,23.47844544105976,2367.766646557209,925.2855839691651,31984.65744937771,42644.54435907484,True,1,29
2477,newsecondary2477 26-02-01 09-53-45.fits,2026-02-01 09:53:45,1175.4288290128702,1123.9985717126076,4.0327248760210095,8.276950619017788,9.496341374149223,19.49072922939441,2091.1390357805058,1053.2463860426392,31980.771077472236,42640.661031835385,True,1,30
2478,newsecondary2478 26-02-01 09-54-45.fits,2026-02-01 09:54:45,1175.40592422868,1121.944782739736,3.078814655397414,10.47696975176568,7.250054465464886,24.67137838264075,2707.6928820539315,888.5702927977071,31994.436162088256,42657.99356152742,True,1,31
2479,newsecondary2479 26-02-01 09-55-45.fits,2026-02-01 09:55:45,1174.7748054264275,1121.0851343057723,3.3422650513343193,9.844506809414655,7.87043273868845,23.182041968253305,2444.966794560051,848.4980202890233,32013.542252266197,42684.48920897991,True,1,30
2480,newsecondary2480 26-02-01 09-56-45.fits,2026-02-01 09:56:45,1175.7140080678043,1122.4187443904273,2.9953161653641343,7.254270377033315,7.053430547404701,17.082501295912273,2677.8601043547346,1176.5239384666609,32015.025941436576,42686.03877150313,True,1,27
2481,newsecondary2481 26-02-01 09-57-45.fits,2026-02-01 09:57:45,1175.302363465401,1123.248281923473,3.160622621014063,7.706592492598793,7.442697502742172,18.147638480456667,2621.0164725977247,1060.4619563220529,31913.71179829943,42551.759495685365,True,1,30
2482,newsecondary2482 26-02-01 09-58-45.fits,2026-02-01 09:58:45,1176.8784571141555,1124.3454974073463,3.4552491581199805,8.086748442147966,8.136489978117242,19.042837330692834,2352.4409504428354,1026.4236590937267,31962.144849367316,42615.971145748495,True,1,29
2483,newsecondary2483 26-02-01 09-59-44.fits,2026-02-01 09:59:44,1171.3300690838832,1124.1796300176545,2.908404524807216,10.62017264101779,6.848769274074745,25.00859541675797,2889.663494336053,883.8829377357935,31939.39101773211,42584.58760633263,True,1,29
2484,newsecondary2484 26-02-01 10-00-44.fits,2026-02-01 10:00:44,1173.5839900305289,1123.2375630863717,3.43588390324208,7.09325334618831,8.090888287753629,16.703335164087086,2474.352020531207,997.7888996373401,31939.54193031823,42587.892059770624,True,1,29
2485,newsecondary2485 26-02-01 10-01-44.fits,2026-02-01 10:01:44,1174.528705497461,1122.4938413218565,3.4192411885553917,7.806320836597487,8.051697689605684,18.38248078396253,2410.204531552505,1145.5937824168077,31925.544251313364,42566.487418963494,True,1,28
2486,newsecondary2486 26-02-01 10-02-44.fits,2026-02-01 10:02:44,1176.79950889713,1127.3266959519067,3.186578674400099,7.890875736350673,7.503819337545504,18.58159235680692,2550.812942579925,1166.0240508684803,31963.227317761946,42616.253413686536,True,1,30
2487,newsecondary2487 26-02-01 10-03-44.fits,2026-02-01 10:03:44,1176.0587167790895,1125.3161250934197,3.301550280744431,9.206651167242656,7.774556780774544,21.680006716230594,2507.96640907389,1000.0682552101852,31973.808901889275,42630.549780099784,True,1,29
2488,newsecondary2488 26-02-01 10-04-45.fits,2026-02-01 10:04:45,1175.2995762390535,1125.4352158082093,3.3095479673224757,8.187333826471706,7.793389893442399,19.279697809935517,2483.0364470130626,1022.2871361614636,31997.917133516046,42663.69341933774,True,1,30
2489,newsecondary2489 26-02-01 10-05-45.fits,2026-02-01 10:05:45,1175.1044451429893,1127.651140063465,3.4257145417275425,8.638082906065673,8.066941271414029,20.341130777842643,2486.743682512223,966.5032318181695,31961.578066966205,42615.65680262544,True,1,30
2490,newsecondary2490 26-02-01 10-06-45.fits,2026-02-01 10:06:45,1176.0866610816981,1124.8655152509357,3.0267334643988666,10.708266129955401,7.12741263293242,25.216039730344967,2736.927698728789,763.072273960173,31995.706487271244,42661.08739018138,True,1,29
2491,newsecondary2491 26-02-01 10-07-45.fits,2026-02-01 10:07:45,1178.1340326566494,1122.7272930576823,2.932849875584115,7.499362083457579,6.906333676092,17.659648159070972,2820.162120085246,1058.540816125475,31970.29683505487,42627.491476335534,True,1,29
2492,newsecondary2492 26-02-01 10-08-45.fits,2026-02-01 10:08:45,1176.52152019191,1123.4182353073127,4.06494319464602,8.080506244857558,9.572209716664592,19.02813807938834,1949.9846743718663,1080.496364037279,32002.49036192942,42668.94996643577,True,1,28
2493,newsecondary2493 26-02-01 10-09-45.fits,2026-02-01 10:09:45,1176.5122604012145,1122.5583480261087,2.750295809263457,9.79813260494056,6.476451701418205,23.072839061985345,3010.979047125188,880.0068388630798,31982.286420936118,42642.60843044539,True,1,30
2494,newsecondary2494 26-02-01 10-10-44.fits,2026-02-01 10:10:44,1175.9633650012915,1127.8682036713437,3.854798345970344,7.581644893626446,9.077356414643114,17.853409369818092,2131.47384728627,992.2859131415721,31972.956996442248,42631.50320772577,True,1,29
2495,newsecondary2495 26-02-01 10-11-44.fits,2026-02-01 10:11:44,1177.2250748297638,1124.2580768950118,3.255386732008949,7.695044322533011,7.665849930862469,18.120444618102336,2560.244039403478,1147.0676498605287,31971.968477965765,42628.656714439625,True,1,30
2496,newsecondary2496 26-02-01 10-12-44.fits,2026-02-01 10:12:44,1177.1868031551019,1122.6117624664532,3.2045302275522913,9.989486496261062,7.546092014747725,23.523443040961535,2486.3201118562956,868.1464001568486,31947.519471224972,42595.783783579514,True,1,29
2497,newsecondary2497 26-02-01 10-13-44.fits,2026-02-01 10:13:44,1177.6896044100374,1124.5176937638269,4.0600848430963525,9.47558378726988,9.560769173049628,22.31329464063339,1965.0128746937646,882.3598722563825,32001.82053293344,42668.60051155171,True,1,27
2498,newsecondary2498 26-02-01 10-14-45.fits,2026-02-01 10:14:45,1176.6071011686656,1123.318123440986,4.041200472210446,8.616435243466801,9.516299877949695,20.290154428026753,2045.3313894441008,1025.5894721303364,31995.06798916587,42659.353967705676,True,1,31
2499,newsecondary2499 26-02-01 10-15-45.fits,2026-02-01 10:15:45,1175.560976946368,1123.3206655080523,4.544910909755762,8.755754693378567,10.702447313172717,20.618226661341662,1799.6937329370967,845.4022598838288,32008.35230137535,42678.80534955059,True,1,30
2500,newsecondary2500 26-02-01 10-16-45.fits,2026-02-01 10:16:45,1174.152587877188,1123.6534043176885,3.0942759824474,10.388097760746128,7.286463108324972,24.4621008367461,2567.870868027628,757.0042849604446,31986.41669784728,42648.661157272734,True,1,28
2501,newsecondary2501 26-02-01 10-17-45.fits,2026-02-01 10:17:45,1173.8241318765106,1124.0031275969288,3.2906900389460456,8.831626378287721,7.748982865693823,20.79689082581601,2512.0680320134297,1003.3325134111841,31969.11617077826,42624.721513208184,True,1,30
2502,newsecondary2502 26-02-01 10-18-45.fits,2026-02-01 10:18:45,1172.767568521828,1123.2454263070897,2.882325167702489,9.053432913447407,6.787357081203014,21.319205300928903,2856.53785229762,964.5567357275787,32012.51070560586,42682.70408638568,True,1,28
2503,newsecondary2503 26-02-01 10-19-45.fits,2026-02-01 10:19:45,1171.1953701628681,1125.3021798210434,4.228945400456809,11.285780480817573,9.958405398337128,26.575982100048247,1877.563493270098,741.8138836239447,32032.595712574115,42709.570800713904,True,1,29
2504,newsecondary2504 26-02-01 10-20-45.fits,2026-02-01 10:20:45,1171.5767177981816,1124.917023335977,4.0132530759746405,10.401995046776136,9.4504887890872,24.494826444461093,2000.55578835328,770.4042084445788,31961.047431177743,42614.749244106766,True,1,31
2505,newsecondary2505 26-02-01 10-21-45.fits,2026-02-01 10:21:45,1169.5077030807681,1123.4089473058496,4.831254649874618,10.171840108614623,11.37673529217373,23.952852982615504,1663.133351991699,785.0440225816991,32038.415582480375,42717.95149949564,True,1,28
2506,newsecondary2506 26-02-01 10-22-45.fits,2026-02-01 10:22:45,1171.4319699706653,1121.9647377709036,3.6367970986691307,9.946696082243932,8.564002707656469,23.422679316298822,2237.5475879181445,864.8879612109414,31989.08460489627,42651.5128776323,True,1,31
2507,newsecondary2507 26-02-01 10-23-45.fits,2026-02-01 10:23:45,1172.8029767028504,1121.8699834586969,3.3252804137769982,11.724606581555056,7.830436973710885,27.60933859834764,2373.804067876715,712.6982525309571,32006.291577483924,42674.45902592009,True,1,28
2508,newsecondary2508 26-02-01 10-24-44.fits,2026-02-01 10:24:44,1170.8802678496293,1121.8736285786883,3.6115870460492308,12.07914969729473,8.504637570410843,28.444223834119153,2152.5523534241042,670.318133336242,31984.57027213851,42645.67754556983,True,1,28
2509,newsecondary2509 26-02-01 10-25-44.fits,2026-02-01 10:25:44,1168.481953805839,1121.2556601180806,4.164729115272559,8.305972144065668,9.807187602767833,19.559069698314527,1900.679776970591,987.0515721181467,31973.37924026257,42630.807922364154,True,1,31
2510,newsecondary2510 26-02-01 10-26-44.fits,2026-02-01 10:26:44,1171.568473466985,1120.0396167425097,4.044257689796943,11.272777105050091,9.5234990752044,26.54536149013791,1966.6789580213813,699.7880777875719,32007.8799726347,42677.257368635335,True,1,30
2511,newsecondary2511 26-02-01 10-27-44.fits,2026-02-01 10:27:44,1170.6465656134242,1123.1738635169913,4.918525653619983,8.694926669857185,11.582242801143288,20.4749876122539,1635.1013569254749,874.8039166232421,31931.25076140224,42575.56311365675,True,1,29
2512,newsecondary2512 26-02-01 10-28-44.fits,2026-02-01 10:28:44,1171.8176272486285,1120.049196388999,3.179032066323756,8.363337344508984,7.4860484335753394,19.694154422205667,2544.345791600268,993.6271203001323,31988.900460895245,42651.58169835761,True,1,29
2513,newsecondary2513 26-02-01 10-29-44.fits,2026-02-01 10:29:44,1171.6024417568156,1122.8302183356916,3.0956351122796546,11.511107414939627,7.289663614497764,27.106586481204225,2569.4962756805508,751.1755931965648,31995.873348762943,42660.271362462416,True,1,28
2514,newsecondary2514 26-02-01 10-30-45.fits,2026-02-01 10:30:45,1172.0370934005732,1119.6083959985194,3.071985956702115,8.130894523747855,7.233974108895718,19.146793408553823,2693.848123177974,1078.0825200878728,31988.69501888119,42650.96114181333,True,1,29
2515,newsecondary2515 26-02-01 10-31-45.fits,2026-02-01 10:31:45,1170.8349057959522,1120.4295519226457,3.182025568118729,8.968602286190452,7.493097591606977,21.119444439431675,2581.924733992405,906.2891982868111,31963.386638666914,42617.96180847341,True,1,30
2516,newsecondary2516 26-02-01 10-32-45.fits,2026-02-01 10:32:45,1172.6467897499,1119.2839135288814,3.155537240590134,9.804823421040785,7.430722346983297,23.088594729855767,2564.7948003596453,867.9305318208075,32005.160914960616,42673.01071488415,True,1,29
2517,newsecondary2517 26-02-01 10-33-45.fits,2026-02-01 10:33:45,1171.7502810718179,1121.2676160565788,3.514246064507394,10.754236953380097,8.275417075873138,25.32429274683202,2352.4764412148734,860.9665810960823,31959.889371197747,42611.90690927955,True,1,30
2518,newsecondary2518 26-02-01 10-34-44.fits,2026-02-01 10:34:44,1171.300026605592,1119.3627464130284,3.42571077310622,9.632025955780566,8.066932396988998,22.681687794930465,2369.1876147868093,944.2989454347512,31957.71019485692,42609.01745480616,True,1,31
2519,newsecondary2519 26-02-01 10-35-44.fits,2026-02-01 10:35:44,1172.423362705205,1120.5909378808922,3.540773792453527,9.383529396152355,8.33788510138982,22.096523115196725,2266.1778276429577,1021.4118003189895,31984.136480290876,42643.50326769675,True,1,28
2520,newsecondary2520 26-02-01 10-36-44.fits,2026-02-01 10:36:44,1172.0260242053,1120.2289691118324,3.0260469954094247,10.514780015447736,7.125796121995791,24.760414749467163,2650.5860268386405,742.7491774888343,31993.286204182445,42657.98694609143,True,1,29
2521,newsecondary2521 26-02-01 10-37-44.fits,2026-02-01 10:37:44,1170.9448633775448,1123.561240707471,3.5185516764557523,8.001395610219303,8.285556017195256,18.84184677116706,2228.126554601364,1051.286114569444,31971.712033075906,42628.21185908534,True,1,26
2522,newsecondary2522 26-02-01 10-38-44.fits,2026-02-01 10:38:44,1172.319926898875,1123.9913709206264,3.1558360417861486,9.306044686075019,7.431425970029151,21.914060566723204,2584.047201607812,831.9730329613658,31996.99763669541,42663.19533726231,True,1,30
2523,newsecondary2523 26-02-01 10-39-44.fits,2026-02-01 10:39:44,1172.9829546186972,1122.7311028427382,3.3085043145016484,9.671510401455928,7.790932278859862,22.774666559073744,2492.03885527804,894.8723469521235,31976.403953369914,42634.67680836667,True,1,30
2524,newsecondary2524 26-02-01 10-40-44.fits,2026-02-01 10:40:44,1173.2352934012295,1123.7400197475533,2.966995356014065,9.84288444637472,6.986740137855659,23.178221595246548,2662.525390116493,822.7066772478303,31895.690350091143,42527.33169159733,True,1,31
2525,newsecondary2525 26-02-01 10-41-45.fits,2026-02-01 10:41:45,1173.7377730719757,1123.4987105802225,3.630819537900172,8.695286777477447,8.549926627737333,20.47583560089646,2221.7865509146336,1044.1103357182803,31985.9811980263,42646.67012641832,True,1,27
2526,newsecondary2526 26-02-01 10-42-45.fits,2026-02-01 10:42:45,1172.2006164237403,1122.3814988104325,2.873134907569688,11.064299833446814,6.765715672423245,26.05443503203315,2835.0510526034277,757.6446928648318,31951.23429750515,42601.33972006402,True,1,31
2527,newsecondary2527 26-02-01 10-43-45.fits,2026-02-01 10:43:45,1174.5371975198816,1121.887807887906,2.856739421058287,9.876482215415429,6.727107252138164,23.25733829525193,2833.980318234702,806.5926104014194,31968.356280720727,42624.64220845659,True,1,30
2528,newsecondary2528 26-02-01 10-44-45.fits,2026-02-01 10:44:45,1170.803055244177,1123.229721486767,2.99241273310308,9.36800292288573,7.046593486916981,22.05996106471984,2726.684591056782,749.7248129633119,31933.705441069545,42579.738624469246,True,1,28
2529,newsecondary2529 26-02-01 10-45-45.fits,2026-02-01 10:45:45,1172.0018423211868,1122.718331924773,3.047360121171931,11.16271449573475,7.175984697763606,26.286183851513737,2642.414348078564,653.4827271664399,31888.06969764068,42518.40331576254,True,1,30
2530,newsecondary2530 26-02-01 10-46-45.fits,2026-02-01 10:46:45,1170.5697587607638,1121.6954135161595,3.7232198874546816,10.92008027502529,8.76751282303616,25.714823924976635,2198.2036534396566,831.4300242218244,31943.220587448654,42589.80689981653,True,1,28
2531,newsecondary2531 26-02-01 10-47-44.fits,2026-02-01 10:47:44,1173.0483852588302,1122.6210282996649,4.434768995307901,10.745144399406856,10.44308292523281,25.302881418475305,1821.7003719368045,696.9283827838553,31901.588117490708,42536.21186871508,True,1,31
2532,newsecondary2532 26-02-01 10-48-44.fits,2026-02-01 10:48:44,1172.476963340808,1122.6572134365972,3.3849094391824806,9.536750740160658,7.9708525980013745,22.45733180739406,2345.1715313218524,884.4421089676597,32005.00729179814,42672.70284584782,True,1,31
2533,newsecondary2533 26-02-01 10-49-44.fits,2026-02-01 10:49:44,1171.821218290276,1122.0228735437563,3.7969757940987483,9.621843309332183,8.941194710441039,22.65770949496235,2142.6760401518886,893.4866818717747,32018.460590959345,42690.68597969045,True,1,28
2534,newsecondary2534 26-02-01 10-50-44.fits,2026-02-01 10:50:44,1172.6350526142596,1121.6562340784733,3.794959219972344,8.509177447293181,8.93644604126589,20.037581619611267,2124.9365745289997,867.575524203321,31940.983576447594,42588.857089618024,True,1,28
2535,newsecondary2535 26-02-01 10-51-44.fits,2026-02-01 10:51:44,1171.2515882919188,1121.195310067634,3.278819923559774,10.132803706110032,7.721030880045401,23.860929279511794,2538.0920546054317,934.9311861508342,31957.571748783255,42608.61086496279,True,1,30
2536,newsecondary2536 26-02-01 10-52-44.fits,2026-02-01 10:52:44,1173.3574976691648,1122.273377537212,3.339592004387344,8.605217194097216,7.8641381941564035,20.263737940505106,2496.6601847783054,996.434432062467,31975.86966381965,42634.18766903973,True,1,31
2537,newsecondary2537 26-02-01 10-53-45.fits,2026-02-01 10:53:45,1171.118806638632,1123.3151289846621,3.5992688067593313,9.656577439753868,8.4756303336115,22.73950212152605,2279.506402203624,885.0763443168147,32005.54561235132,42673.619510572884,True,1,30
2538,newsecondary2538 26-02-01 10-54-45.fits,2026-02-01 10:54:45,1170.9551051264118,1121.3416199090052,3.727264929153237,11.278028472190343,8.777038168310904,26.55772751474359,2184.6893638025235,765.1597322753886,32019.57590138902,42692.14046713469,True,1,27
2539,newsecondary2539 26-02-01 10-55-45.fits,2026-02-01 10:55:45,1170.79419945978,1121.6786073947856,3.37264629426178,12.233952033158083,7.941975098526989,28.80875547762779,2387.9091916448065,681.3396747913205,31957.30736342055,42609.379659277554,True,1,30
2540,newsecondary2540 26-02-01 10-56-45.fits,2026-02-01 10:56:45,1169.025426006726,1122.6791092221565,3.7084660933896068,11.098351080566646,8.732770293031463,26.134619591309235,2093.9562210842478,752.7608557499947,31992.430214082608,42655.81410182528,True,1,27
2541,newsecondary2541 26-02-01 10-57-45.fits,2026-02-01 10:57:45,1164.6472060346011,1122.2141273990092,6.206986417619359,10.787602603017131,14.61633603544491,25.402862847412788,1346.609787100144,833.5577793554141,31981.401476298397,42641.05152913246,True,1,29
2542,newsecondary2542 26-02-01 10-58-44.fits,2026-02-01 10:58:44,1170.2694635390474,1128.1456174067123,4.7428089214322995,8.569994821772104,11.168461517940395,20.18079559212039,1696.540954312222,883.3389455869531,31995.48948399497,42661.26661362776,True,1,28
2543,newsecondary2543 26-02-01 10-59-44.fits,2026-02-01 10:59:44,1166.027854338098,1130.1209816841576,4.055207070923867,13.310420144360334,9.549282897362765,31.343644163723457,1928.8702688869457,657.4560990299349,31992.403639246473,42655.34025370803,True,1,32
2544,newsecondary2544 26-02-01 11-00-44.fits,2026-02-01 11:00:44,1165.7225994982311,1129.211175886641,4.030927372710607,10.799125692440787,9.49210857732288,25.429997649368296,1969.2811354562286,743.6776770643825,32015.638237452455,42687.39768312208,True,1,28
2545,newsecondary2545 26-02-01 11-01-44.fits,2026-02-01 11:01:44,1167.50985445059,1128.986221251634,2.873231585800827,8.869536271690283,6.76594333225985,20.88616180270535,2764.268568090929,920.9146389353647,32023.27368683644,42697.40722483673,True,1,29
2546,newsecondary2546 26-02-01 11-02-45.fits,2026-02-01 11:02:45,1167.187332508183,1124.4054147017341,3.642103095132501,10.741597545151164,8.576497374487277,25.2945292149772,2134.866059258683,801.4536462316836,32037.043579007386,42714.983388065426,True,1,28
2547,newsecondary2547 26-02-01 11-03-45.fits,2026-02-01 11:03:45,1166.326317006557,1123.432350672154,3.8444823526353185,10.62907111422623,9.053064106753391,25.029549719839373,2050.628111958136,705.0749066320901,32020.99333963064,42695.15977227187,True,1,30
2548,newsecondary2548 26-02-01 11-04-45.fits,2026-02-01 11:04:45,1167.6778111657297,1123.5948195206183,4.259348057601447,9.41099700592931,10.029998184803526,22.16120439328859,1856.6418915371007,805.3772726686128,32042.247443268756,42723.42039804341,True,1,30
2549,newsecondary2549 26-02-01 11-05-45.fits,2026-02-01 11:05:45,1167.7414750928742,1124.049815060307,4.740553813552023,8.568146269482808,11.163151144700214,20.176442584135266,1687.9316384276162,979.5551584836722,32043.602868601927,42724.29935152412,True,1,31
2550,newsecondary2550 26-02-01 11-06-45.fits,2026-02-01 11:06:45,1165.825163110307,1123.4608294986708,3.519345290555941,10.981819369651541,8.2874248355864,25.860208382564593,2187.4577096055064,765.3606667884461,32029.875742781467,42705.58984425449,True,1,29
2551,newsecondary2551 26-02-01 11-07-45.fits,2026-02-01 11:07:45,1165.0032096660327,1122.6107385565658,3.5980266578809807,11.362363372573148,8.472705296533848,26.756321028660707,2081.163375870683,771.4149978777563,32027.540186588445,42701.74030794076,True,1,28
2552,newsecondary2552 26-02-01 11-08-45.fits,2026-02-01 11:08:45,1167.2049009274417,1121.117024248197,3.9446185208386293,11.40992411294889,9.288866762871137,26.86831801345402,2037.6266826274673,693.095082884179,32006.600530210337,42675.634350138615,True,1,29
2553,newsecondary2553 26-02-01 11-09-44.fits,2026-02-01 11:09:44,1165.7839327382248,1123.9057692644687,5.0092083076249025,12.749246911395035,11.79578413253068,30.02218218600195,1582.6855341401438,727.45712011178,31958.098552155076,42609.06183106242,True,1,27
2554,newsecondary2554 26-02-01 11-10-44.fits,2026-02-01 11:10:44,1167.384838750061,1125.0384441853396,3.345842419655264,10.404870772703825,7.878856797319069,24.50159826151963,2494.6435874851513,852.1715236619416,31911.84759453351,42548.45956396784,True,1,28
2555,newsecondary2555 26-02-01 11-11-44.fits,2026-02-01 11:11:44,1167.3668463796528,1122.6034862846304,3.368514256365089,11.202716322813842,7.932244892861034,26.380380955757442,2423.0186497474815,799.6143763999095,32004.856469150724,42672.11573671682,True,1,27
2556,newsecondary2556 26-02-01 11-12-45.fits,2026-02-01 11:12:45,1169.161631426135,1120.1337254530338,3.3451870971525848,9.723992854316373,7.8773136307538,22.89825329108191,2460.0775412695416,864.627959229224,31994.704824078497,42659.37663658252,True,1,29
2557,newsecondary2557 26-02-01 11-13-45.fits,2026-02-01 11:13:45,1169.901653257964,1119.7726622744453,3.4732994771659538,10.190857521989038,8.178995231225905,23.997635568834216,2330.6928536964433,743.376347121702,31952.767498898967,42604.35991793317,True,1,28
2558,newsecondary2558 26-02-01 11-14-45.fits,2026-02-01 11:14:45,1170.376929836436,1119.8369585514736,3.006050531439495,7.953611374136286,7.078708047809661,18.72932349420228,2573.7238902651648,1042.5435706599844,31989.81668925963,42652.37297963646,True,1,31
2559,newsecondary2559 26-02-01 11-15-45.fits,2026-02-01 11:15:45,1168.4431378567774,1120.4129941635106,3.1421017763152164,7.0770489927876294,7.399084246394423,16.6651768278824,2550.4201832547815,1139.443929593825,31989.903813129364,42653.14032868657,True,1,29
2560,newsecondary2560 26-02-01 11-16-45.fits,2026-02-01 11:16:45,1171.0476790699777,1118.214458541021,3.14635903814209,9.87059150864509,7.40910933188129,23.243466740869735,2554.942495340336,872.8086945359504,31990.267284264166,42652.946528289554,True,1,29
2561,newsecondary2561 26-02-01 11-17-45.fits,2026-02-01 11:17:45,1170.2976598753498,1122.794618604898,4.289519536784474,9.847475775482991,10.101046588771952,23.18903334906404,1851.884023927469,766.4989302144162,32012.86810002012,42684.33424375424,True,1,30
2562,newsecondary2562 26-02-01 11-18-44.fits,2026-02-01 11:18:44,1170.5387937914438,1119.4459577005464,4.012829450699555,9.806418311274479,9.449491227797846,23.092350409347695,2053.207611309133,862.6551787276823,31964.737445429382,42619.36575808848,True,1,29
2563,newsecondary2563 26-02-01 11-19-44.fits,2026-02-01 11:19:44,1171.8613527116645,1119.881643186619,4.28265081570393,8.822801166286268,10.084871986687759,20.776109039693342,1981.1578025124709,1034.9271104109785,31955.284816334282,42606.21300770838,True,1,30
2564,newsecondary2564 26-02-01 11-20-44.fits,2026-02-01 11:20:44,1173.0431650603552,1121.7136004825827,3.9245905997098665,9.829875375132794,9.241704612736829,23.147587573518827,2030.5731984261424,849.3610168194575,31965.669852215164,42620.403228870506,True,1,32
2565,newsecondary2565 26-02-01 11-21-44.fits,2026-02-01 11:21:44,1171.938082302542,1120.8747407901103,3.8206914351913026,9.568248585756852,8.997040777466546,22.531503565579268,2146.654805722508,942.9744204359718,32005.651764183724,42673.143858733434,True,1,29
2566,newsecondary2566 26-02-01 11-22-44.fits,2026-02-01 11:22:44,1170.4251129001807,1121.4405315491058,3.4166715794601243,8.084426467518549,8.045646722600255,19.03736949829143,2437.458617436921,991.7894487301995,32006.808954783053,42676.1449238351,True,1,29
2567,newsecondary2567 26-02-01 11-23-45.fits,2026-02-01 11:23:45,1172.1854342513363,1124.3607383777126,2.829194856521767,7.595310638942569,6.662244759435918,17.885589740818787,2801.0558808646256,1059.572084303814,31973.99908968415,42631.840128164404,True,1,28
2568,newsecondary2568 26-02-01 11-24-45.fits,2026-02-01 11:24:45,1172.0469521437756,1124.7559395481476,4.399571263266795,8.91527335741235,10.360198600282784,20.99386440896497,1949.8878034219892,975.7220797598706,31920.193079598426,42560.10250457159,True,1,27
2569,newsecondary2569 26-02-01 11-25-44.fits,2026-02-01 11:25:44,1173.1234719906536,1122.46640812669,2.8091570314343794,9.836652244437518,6.615059287261313,23.163545881200147,2873.556505734163,884.729736296493,31995.253015472015,42659.5243665809,True,1,29
2570,newsecondary2570 26-02-01 11-26-44.fits,2026-02-01 11:26:44,1172.6760849133634,1126.2984751289994,3.250721595317974,6.45594215769118,7.654864373469751,15.20258200249155,2455.625716690783,1287.7323689942314,31997.89880422131,42663.438313481616,True,1,29
2571,newsecondary2571 26-02-01 11-27-44.fits,2026-02-01 11:27:44,1173.5274643357905,1122.055754367553,2.817714026361748,8.35836429264233,6.6352094704415086,19.68244377998509,2921.7365146434754,1050.8721688756411,32028.327888523334,42703.72677408393,True,1,27
2572,newsecondary2572 26-02-01 11-28-44.fits,2026-02-01 11:28:44,1172.8307795317423,1123.3755636814044,3.34241532616475,9.98768600054401,7.870786608871411,23.519203197556028,2451.4433072334023,883.9449093948951,31949.43955841812,42598.43419291349,True,1,30
2573,newsecondary2573 26-02-01 11-29-44.fits,2026-02-01 11:29:44,1172.9005186738052,1124.2186987177865,3.411900913461141,8.299862750432837,8.0344126626777,19.544683175724952,2414.5877179349545,1032.6331808745174,31984.844351449672,42646.0305589435,True,1,29
2574,newsecondary2574 26-02-01 11-30-44.fits,2026-02-01 11:30:44,1172.7377893384678,1125.1578860017542,3.3437855968351915,7.483970075041665,7.874013349713286,17.62340274911989,2488.2149275676634,1206.8982498454307,31961.414625485577,42614.301005540685,True,1,29
2575,newsecondary2575 26-02-01 11-31-44.fits,2026-02-01 11:31:44,1174.28042595528,1126.0581644081988,3.33917963261395,8.815374131861821,7.86316713283841,20.75861971015552,2441.4111001591045,938.0573084100353,32039.306399958175,42718.92431747534,True,1,30
2576,newsecondary2576 26-02-01 11-32-44.fits,2026-02-01 11:32:44,1173.282858430424,1124.795359974211,3.260049570291902,8.086215012877835,7.676830075917904,19.041581200754923,2515.5766738024586,1020.5458819484527,32008.282168403413,42677.643218834375,True,1,31
2577,newsecondary2577 26-02-01 11-33-45.fits,2026-02-01 11:33:45,1172.2542946143762,1125.4607687887426,3.3022793676531124,8.381854079823734,7.776273649241677,19.737758001693372,2557.5093612776463,1049.6045910310322,31951.909334175456,42602.09187514267,True,1,29
2578,newsecondary2578 26-02-01 11-34-45.fits,2026-02-01 11:34:45,1172.7041323825222,1123.9646132824814,3.233160111537596,9.74511391241683,7.61351023944323,22.94798958206913,2517.2026353440956,919.3226121496526,31959.372591726747,42611.43897057064,True,1,33
2579,newsecondary2579 26-02-01 11-35-45.fits,2026-02-01 11:35:45,1172.3985184675616,1125.2492263179408,3.0999326849432283,8.023389366132037,7.2997836247509245,18.89363810845588,2664.36462021611,1011.2582312503305,32018.1442427942,42691.046771434456,True,1,29
2580,newsecondary2580 26-02-01 11-36-45.fits,2026-02-01 11:36:45,1171.962147449124,1125.8713815472463,2.8228525502597983,9.115737112885002,6.647309769518508,21.465920478654155,2884.292699612594,959.5093480125021,32041.668287231845,42721.44466942024,True,1,29
2581,newsecondary2581 26-02-01 11-37-45.fits,2026-02-01 11:37:45,1172.4778751730842,1124.8702824690433,3.4133829520766117,9.022054942375892,8.037902596916922,21.245315825677295,2414.7491652161293,986.1796832632419,32030.163660339702,42706.040435973606,True,1,32
2582,newsecondary2582 26-02-01 11-38-45.fits,2026-02-01 11:38:45,1171.1451481666138,1127.7069367978688,3.142993156442603,11.0859273601384,7.401183286186136,26.10536396541094,2617.4882916600664,728.7619296478537,31926.375617816328,42568.69132987386,True,1,32
2583,newsecondary2583 26-02-01 11-39-45.fits,2026-02-01 11:39:45,1172.70220087935,1124.2982504645577,3.23127831908863,8.154017053009916,7.609078956863818,19.20124280395194,2483.4449132560285,1068.8198743926844,31989.78435794809,42652.15550138776,True,1,30
2584,newsecondary2584 26-02-01 11-40-45.fits,2026-02-01 11:40:45,1174.3787737339235,1125.6136722917147,3.2162030474197354,7.300715782387126,7.573579404953618,17.191871867439016,2529.141034615046,1160.3927705069007,31940.46161509342,42586.8470177028,True,1,29
2585,newsecondary2585 26-02-01 11-41-45.fits,2026-02-01 11:41:45,1172.1519617083604,1124.4480181940507,3.2436759223349685,6.1265926468946414,7.638273081498636,14.427023172646722,2552.0223526107125,1297.679620597915,31960.920253808625,42614.982724635374,True,1,5
2586,newsecondary2586 26-02-01 11-42-45.fits,2026-02-01 11:42:45,1172.2136495635523,1124.197471225884,3.630275012222184,8.231041843909278,8.548644367755774,19.382622325526075,2256.646931486425,964.692632080815,31981.752344548244,42642.66116506667,True,1,28
2587,newsecondary2587 26-02-01 11-43-45.fits,2026-02-01 11:43:45,1171.8162835973135,1123.275317329762,3.02883076608024,7.222898668037652,7.132351400972195,17.008626566722405,2812.3874710022137,1208.9380994078151,31945.241869012523,42593.38015848757,True,1,30
2588,newsecondary2588 26-02-01 11-44-45.fits,2026-02-01 11:44:45,1173.1721401561088,1122.558608376676,3.1655664110332364,8.477989312305132,7.454339238577746,19.964139174174278,2654.215098970039,960.6359650402107,31985.322559104283,42647.42919947401,True,1,28
2589,newsecondary2589 26-02-01 11-45-45.fits,2026-02-01 11:45:45,1174.41363981674,1123.1114730388124,3.8537815130500257,6.619963576442011,9.074961956099902,15.58882292718042,2179.742621170236,1220.44296283638,32005.122566078408,42673.91061126291,True,1,30
2590,newsecondary2590 26-02-01 11-46-45.fits,2026-02-01 11:46:45,1174.5904481814587,1120.9263953942614,4.6068792214307805,8.08988305436662,10.848371535661775,19.050218778378717,1867.2856718276473,1030.1993790192482,31988.008519394694,42651.02380522703,True,1,28
2591,newsecondary2591 26-02-01 11-47-46.fits,2026-02-01 11:47:46,1174.7901008904187,1121.6265885730268,3.5806083385317913,5.570666936100552,8.431688288979625,13.117918165320722,2296.9876462321636,1391.9648659854724,31896.06363896749,42528.69144627942,True,1,24
2592,newsecondary2592 26-02-01 11-48-46.fits,2026-02-01 11:48:46,1174.08510761371,1124.2307014313767,3.367010479282378,9.279226866705642,7.928703768443407,21.850909428108174,2490.015944117478,998.2737404239411,32010.294619867345,42679.25904295544,True,1,31
2593,newsecondary2593 26-02-01 11-49-46.fits,2026-02-01 11:49:46,1174.3603237597476,1125.29765764868,3.4702831120608963,7.645790709575548,8.171892234213383,18.004461223019906,2320.0763357178757,1055.4042275440754,32020.78523507234,42694.3570031757,True,1,27
2594,newsecondary2594 26-02-01 11-50-46.fits,2026-02-01 11:50:46,1172.291718145515,1122.9270355895435,3.216973406171863,7.4867938798044005,7.575393461184993,17.630052301178434,2567.683728798887,1133.9536752425186,31990.618759111305,42653.86241478599,True,1,29
2595,newsecondary2595 26-02-01 11-51-46.fits,2026-02-01 11:51:46,1174.8512328148245,1124.69021687772,3.4819258934812867,7.701661328119738,8.199308889282031,18.136026475496042,2451.6484852861845,1156.7619527421666,31954.493546355352,42605.511047691165,True,1,23
2596,newsecondary2596 26-02-01 11-52-46.fits,2026-02-01 11:52:46,1173.351243712551,1125.201013881793,4.243142277999644,9.155477971176015,9.991836490151847,21.55950304836457,2000.686232706789,927.9236235572793,31997.714406029096,42663.61097118309,True,1,30
2597,newsecondary2597 26-02-01 11-53-45.fits,2026-02-01 11:53:45,1174.2292247195774,1125.1636879908442,2.8085731567739813,7.816785932638773,6.613684367507222,18.407124201893726,2895.929361845896,1083.6907472981427,31993.789550818357,42657.950825806605,True,1,30
2598,newsecondary2598 26-02-01 11-54-45.fits,2026-02-01 11:54:45,1175.508839017597,1128.113496202756,4.331905343929735,6.038930136304292,10.20085753706243,14.22059373551083,1985.6863354041488,1438.8172384617,31963.307280769197,42617.63071780702,True,1,29
2599,newsecondary2599 26-02-01 11-55-45.fits,2026-02-01 11:55:45,1175.9710984711417,1126.7551731601134,2.828908979501701,8.796369317722599,6.661571570498652,20.71386679286839,2921.5349364043354,990.062789150495,31961.699200572642,42615.02617253916,True,1,29
2600,newsecondary2600 26-02-01 11-56-45.fits,2026-02-01 11:56:45,1175.4781627063496,1126.3364794014997,4.061460632638329,5.8885606031772655,9.564008909840817,13.866500544741362,2039.981052310275,1311.5078326337614,31938.245303200267,42585.052251595225,True,1,19
2601,newsecondary2601 26-02-01 11-57-45.fits,2026-02-01 11:57:45,1172.4121468512294,1129.8076460304762,2.990397114775627,6.690029588290024,7.041847068476363,15.753815776355497,2699.38344504571,1217.7152794020608,31864.77813421753,42486.27501249038,True,1,27
2602,newsecondary2602 26-02-01 11-58-45.fits,2026-02-01 11:58:45,1174.6920158195676,1126.0168448454729,3.124259382527868,7.8403115687126,7.35706861985264,18.46252284129248,2688.575578543545,1091.0405468432634,31946.6473013236,42595.33079033483,True,1,29
2603,newsecondary2603 26-02-01 11-59-45.fits,2026-02-01 11:59:45,1174.6131519694875,1127.5820492202854,3.8456923489791035,7.085439243238685,9.05591343039815,16.684934357827377,2215.3501426218418,1336.4971361462342,31873.472855798485,42496.738713575454,True,1,9
2604,newsecondary2604 26-02-01 12-00-45.fits,2026-02-01 12:00:45,1172.4813940228246,1127.4131843511802,4.116138521668887,6.304525278938928,9.692765498949953,14.846022501249724,2123.463010593656,1331.2706470656008,32000.897336431633,42668.31110848724,True,1,9
2605,newsecondary2605 26-02-01 12-01-45.fits,2026-02-01 12:01:45,1173.0200732590622,1127.5751408544052,3.445917583565587,7.381355437005842,8.114515799304856,17.38176374255954,2455.401126240512,1203.2132021850393,31914.302524164712,42551.86150776202,True,1,30
2606,newsecondary2606 26-02-01 12-02-45.fits,2026-02-01 12:02:45,1171.680517614844,1093.8497173051521,4.067260885330475,5.749322241663153,9.577667461146527,13.538619260010664,2131.7482003899668,-223.36702479707176,31852.443128921343,42482.7597915998,True,1,25
2607,newsecondary2607 26-02-01 12-03-45.fits,2026-02-01 12:03:45,1170.136924207093,1127.8878503038923,3.818409980415372,7.020517555172093,8.991668362028353,16.53205546541092,2171.7352221692818,1310.5575054990836,32019.269520019458,42691.18828944411,True,1,28
2608,newsecondary2608 26-02-01 12-04-46.fits,2026-02-01 12:04:46,1172.4261422630927,1129.0016026035503,3.612026453420807,7.526063014190086,8.505672295697364,17.72252404598086,2305.4592105083457,1143.8934003582733,31962.612405361182,42616.453396310775,True,1,26
2609,newsecondary2609 26-02-01 12-05-46.fits,2026-02-01 12:05:46,1171.7443971562568,1129.9248492073898,4.258118258059221,6.9695913503752,10.027102228190122,16.412133417537845,1931.1679920367233,1205.1630292999032,31984.879105138803,42646.27808192032,True,1,27
2610,newsecondary2610 26-02-01 12-06-46.fits,2026-02-01 12:06:46,1171.4052065076337,1129.3868457157578,2.99551894808159,8.227081810399117,7.053908064212552,19.373297159237353,2764.6439316862516,1011.6398386651377,31966.39824438678,42621.81107217657,True,1,29
2611,newsecondary2611 26-02-01 12-07-46.fits,2026-02-01 12:07:46,1173.4274591054307,1128.524013428448,3.6318396854707835,6.5866020459041845,8.5523288916855,15.510262526337035,2258.880598992673,1201.1681712450486,31985.30126999788,42647.44522513993,True,1,26
2612,newsecondary2612 26-02-01 12-08-46.fits,2026-02-01 12:08:46,1169.809554404752,1128.1546765934177,3.2030168943446924,8.102046094551145,7.54252838737566,19.078860549213754,2611.204200349507,1145.9612273621576,31987.618532010125,42648.97061835894,True,1,28
2613,newsecondary2613 26-02-01 12-09-46.fits,2026-02-01 12:09:46,1171.4588895723837,1126.1543067281495,3.3062362736652284,7.017375194397687,7.7855914508353115,16.524655771270627,2511.790626721504,1216.4528128306451,31909.632145756397,42545.877394239054,True,1,26
2614,newsecondary2614 26-02-01 12-10-45.fits,2026-02-01 12:10:45,1168.853107721017,1126.8023926435208,3.519203687822676,8.987528572971007,8.287091386631676,21.16401243892053,2354.009762986468,929.3814011660428,31954.55805948438,42605.98895576139,True,1,30
2615,newsecondary2615 26-02-01 12-11-45.fits,2026-02-01 12:11:45,1170.8569677893274,1127.9798778218233,3.5485488579503572,8.654661998996716,8.356193981473185,20.38017155820509,2318.8713523060787,950.8698881965073,31996.75651528202,42662.3409512084,True,1,29
2616,newsecondary2616 26-02-01 12-12-45.fits,2026-02-01 12:12:45,1171.341906200103,1127.9394340259166,3.0923089543032614,7.264831378680436,7.281831111022013,17.10737055428652,2634.956383003121,1063.925870544358,31980.785395102004,42641.58727534059,True,1,26
2617,newsecondary2617 26-02-01 12-13-45.fits,2026-02-01 12:13:45,1170.785111866921,1126.2543493546325,2.887836913171842,7.347401988033962,6.800336249917355,17.30180948032262,2872.8318543213404,1189.2489997483094,31974.569959628752,42632.19051268341,True,1,31
2618,newsecondary2618 26-02-01 12-14-45.fits,2026-02-01 12:14:45,1170.6740814555226,1123.0506792786143,3.3883335970249764,6.601343928335656,7.978915873526233,15.544977006588153,2472.4047050985823,1387.0445817126915,31924.41595020153,42564.88344295446,True,1,27
2619,newsecondary2619 26-02-01 12-15-45.fits,2026-02-01 12:15:45,1169.8930557654885,1123.344781660187,3.129718462899913,9.099417273697139,7.369923771740167,21.427490194202893,2584.2096180690264,981.2854203676785,31947.72830636415,42595.88631753977,True,1,30
2620,newsecondary2620 26-02-01 12-16-45.fits,2026-02-01 12:16:45,1172.0289387602,1124.6877913407259,4.102667742523196,6.636066609655514,9.661044238195496,15.626742672577377,2031.2689697338476,1303.9922599351305,31955.02187818905,42606.28353613132,True,1,27
2621,newsecondary2621 26-02-01 12-17-45.fits,2026-02-01 12:17:45,1171.0984046111432,1125.6929548854969,3.460808137863827,6.299540574673102,8.149580375047973,14.834284419726007,2420.9646140215964,1426.1970661824132,31973.660582537643,42630.766195069875,True,1,28
2622,newsecondary2622 26-02-01 12-18-46.fits,2026-02-01 12:18:46,1168.418275819305,1127.0004414802047,4.401759525010072,7.090287947810286,10.365351562899628,16.696352184545017,1806.2533180336259,1249.519924728094,31934.046515714188,42577.55691191462,True,1,25
2623,newsecondary2623 26-02-01 12-19-46.fits,2026-02-01 12:19:46,1170.7579651604217,1124.1493936587142,3.261866861318616,8.90889789275508,7.681109469255264,20.978851336993646,2620.302190691504,1025.925439211896,32002.7305769385,42669.54308428552,True,1,31
2624,newsecondary2624 26-02-01 12-20-46.fits,2026-02-01 12:20:46,1170.8136988862113,1127.1461091109486,3.9448818403706567,7.21938449782902,9.289486832983403,17.00035132827347,2100.401751240828,1196.2629012357504,31974.706206551626,42632.48973851005,True,1,28
2625,newsecondary2625 26-02-01 12-21-46.fits,2026-02-01 12:21:46,1170.8095440613195,1129.1383900607443,3.6456890230286247,7.3599374926912215,8.584941589377104,17.331328337964116,2237.8295687901514,1158.4498701939096,32023.13767242517,42697.04279313514,True,1,27
2626,newsecondary2626 26-02-01 12-22-45.fits,2026-02-01 12:22:45,1170.6278196423802,1125.6771510964097,2.859016673026377,7.317486910845571,6.732469770720208,17.23136485691075,2975.7368322730526,1302.1087948901527,31878.358952818602,42503.16277492247,True,1,26
2627,newsecondary2627 26-02-01 12-23-45.fits,2026-02-01 12:23:45,1171.3308347067637,1123.0656216894472,4.172557260159077,5.806246345027157,9.825621475262011,13.672665279657634,1990.4230863383236,1496.7836704864185,32009.085287580107,42678.28326077483,True,1,22
2628,newsecondary2628 26-02-01 12-24-45.fits,2026-02-01 12:24:45,1171.7520491612531,1124.8731150733272,3.225351882088586,6.671894439229151,7.5951232642205015,15.71111076382733,2623.233783428472,1312.5023369735295,31991.975613077168,42655.58578413892,True,1,29
2629,newsecondary2629 26-02-01 12-25-45.fits,2026-02-01 12:25:45,1172.057495948655,1126.1896480025462,3.602651091890541,6.861280649806452,8.483595006436483,16.15708120874721,2292.990742530843,1263.1291514326826,31965.194880724637,42619.73654619435,True,1,29
2630,newsecondary2630 26-02-01 12-26-45.fits,2026-02-01 12:26:45,1171.868903320008,1125.4299685311532,3.410543163336355,7.449686354644871,8.031215405467712,17.54267075711128,2471.2992806868588,1165.5602130341683,31965.33910169025,42620.12386887056,True,1,30
2631,newsecondary2631 26-02-01 12-27-45.fits,2026-02-01 12:27:45,1174.011811284489,1126.068254198203,3.7156790457833337,6.1920976997592785,8.749755497912064,14.581275784183182,2294.8327180624924,1301.0045086313967,31954.383999617072,42606.4525387689,True,1,29
2632,newsecondary2632 26-02-01 12-28-46.fits,2026-02-01 12:28:46,1173.5997349476982,1127.3854637995435,3.968448771296254,7.567014481139636,9.34498271432686,17.818957381227083,2142.896018806431,1281.048361879394,31878.430825864692,42503.04036452212,True,1,26
2633,newsecondary2633 26-02-01 12-29-46.fits,2026-02-01 12:29:46,1174.7797036091367,1126.822846863917,3.7669077941001023,6.833566775649787,8.870389981330238,16.09182002235763,2175.12216537207,1275.652187163866,31924.257708230394,42565.00158615648,True,1,30
2634,newsecondary2634 26-02-01 12-30-46.fits,2026-02-01 12:30:46,1173.1251720236417,1128.4007186214121,3.249489093069021,7.338372273200819,7.651962052468371,17.280546126832622,2549.7060449499922,1110.9022893109352,31970.099142816653,42626.97038496997,True,1,29
2635,newsecondary2635 26-02-01 12-31-46.fits,2026-02-01 12:31:46,1171.9049077462316,1127.3368802508871,3.3718604533661782,6.676206651969222,7.940124584633821,15.721265248826088,2452.2663157184907,1259.3180310899174,32014.41066483564,42685.70195700711,True,1,28
2636,newsecondary2636 26-02-01 12-32-46.fits,2026-02-01 12:32:46,1171.2420779272852,1129.7867950296147,3.8267589607482515,6.904841300689382,9.011328708271787,16.25965870262093,2183.1787051612696,1267.9182524488226,32034.789111640916,42712.53602625593,True,1,29
2637,newsecondary2637 26-02-01 12-33-46.fits,2026-02-01 12:33:46,1168.9264123666737,1128.374995814108,3.2228492284523846,7.371295643672461,7.589229965272205,17.358074739569226,2672.0041394617547,1199.693500926216,31986.67640996749,42648.60295541819,True,1,29
2638,newsecondary2638 26-02-01 12-34-46.fits,2026-02-01 12:34:46,1170.7678630923622,1127.2867449920836,3.1521799102633477,6.8316053355575415,7.42281643823199,16.087201183911283,2596.1363624751866,1197.5852670290108,32001.53512166809,42668.71615039807,True,1,31
2639,newsecondary2639 26-02-01 12-35-45.fits,2026-02-01 12:35:45,1170.9502221476323,1127.351144815822,2.963583615445362,7.187930773348683,6.978706102776031,16.92628346737629,2796.496988448555,1229.497957638592,32030.30977450628,42706.37065677699,True,1,27
2640,newsecondary2640 26-02-01 12-36-45.fits,2026-02-01 12:36:45,1170.5998435690967,1128.515045569867,3.459121563738034,6.672945031315307,8.145608796489125,15.713584719130962,2310.8583993084744,1278.196769965669,32015.376607376715,42686.47794401132,True,1,17
2641,newsecondary2641 26-02-01 12-37-45.fits,2026-02-01 12:37:45,1169.245409437617,1127.6283627366668,3.1812132356437366,8.071543796454472,7.491184694811635,19.007033126236202,2650.08005365853,1015.1065334779911,31988.265411332777,42651.326131192975,True,1,29
2642,newsecondary2642 26-02-01 12-38-45.fits,2026-02-01 12:38:45,1167.0896383391846,1129.2718625876555,4.188567748317494,7.20758642041932,9.863323293708184,16.97256897909628,2014.09720054253,1256.3685584589762,31999.563127392215,42665.28575921732,True,1,4
2643,newsecondary2643 26-02-01 12-39-45.fits,2026-02-01 12:39:45,1168.7089049592944,1128.8760193912287,3.960319258901358,9.17698409400034,9.325839175583031,21.61014609748219,2095.841137520914,974.1713497685972,31998.36554164448,42663.66247731717,True,1,31
2644,newsecondary2644 26-02-01 12-40-45.fits,2026-02-01 12:40:45,1169.4328769265983,1126.844507501949,3.191820670000281,6.937783594451959,7.516163293860776,16.337231876302344,2549.4519613508774,1237.5444737776616,32027.862492072698,42703.23845238922,True,1,25
2645,newsecondary2645 26-02-01 12-41-46.fits,2026-02-01 12:41:46,1170.0301474787157,1127.9404608729885,2.860482039544364,8.50974684920988,6.735920445170081,20.038922458658387,2941.4238455991003,1005.6842184810998,31973.42110539653,42631.04217028789,True,1,28
2646,newsecondary2646 26-02-01 12-42-46.fits,2026-02-01 12:42:46,1169.5729051403753,1127.7789055606247,3.477583420144699,8.132206959924462,8.189083146024023,19.14988395957032,2404.220899990614,1075.0923333027022,32015.40794172258,42686.718038172075,True,1,28
2647,newsecondary2647 26-02-01 12-43-45.fits,2026-02-01 12:43:45,1170.099559059396,1128.746532633238,3.105890497719693,10.079636178557104,7.313813201701485,23.735729319885426,2572.6541582798486,798.7194360508636,32012.47649779726,42683.224091363634,True,1,31
2648,newsecondary2648 26-02-01 12-44-45.fits,2026-02-01 12:44:45,1169.846745129926,1125.3327991964113,3.3086732990416534,9.079550687443847,7.791330207041966,21.38070795866731,2499.015418358081,963.904718509244,32001.983846692834,42668.68849581508,True,1,30
2649,newsecondary2649 26-02-01 12-45-45.fits,2026-02-01 12:45:45,1171.1361021651742,1125.2601160172203,3.590303539796418,7.607792919692534,8.454518743258177,17.91498326573651,2317.1131114707596,1101.6582938492566,32005.51042050325,42673.93388715088,True,1,30
2650,newsecondary2650 26-02-01 12-46-45.fits,2026-02-01 12:46:45,1170.0521487893022,1124.0876008764583,3.09959026474719,8.855682350470783,7.29897728680947,20.853538311315393,2630.8315615904467,987.1005519121256,32022.146103392028,42695.43798193838,True,1,28
2651,newsecondary2651 26-02-01 12-47-45.fits,2026-02-01 12:47:45,1170.3045032908224,1124.8610203771618,3.5826456202365238,6.434438790214044,8.436485720775304,15.151945441720722,2295.634513790744,1331.7682733674058,32015.779079375992,42687.26092969291,True,1,27
2652,newsecondary2652 26-02-01 12-48-45.fits,2026-02-01 12:48:45,1167.2817275903278,1126.1163368598648,3.598179550069504,7.650421277422134,8.473065330124111,18.015365377004922,2270.8283210334375,1104.6045358490428,32018.631451121328,42691.14776818619,True,1,29
2653,newsecondary2653 26-02-01 12-49-45.fits,2026-02-01 12:49:45,1168.1736960213634,1127.8518431554853,3.6397053058853364,9.033637923294103,8.570851012304294,21.27259166132471,2255.5650902441607,1075.716707131992,31957.946992283374,42608.65149210955,True,1,29
2654,newsecondary2654 26-02-01 12-50-46.fits,2026-02-01 12:50:46,1169.5663331851133,1127.5474499213242,3.8736491835409588,9.290414765987428,9.12174674482002,21.877254917598712,2152.0897617587616,948.5573328701834,32032.572778514455,42709.48321023578,True,1,29
2655,newsecondary2655 26-02-01 12-51-46.fits,2026-02-01 12:51:46,1170.118829183872,1127.1676551558978,3.200028195341095,7.587862007865565,7.535490539053424,17.86804955505062,2588.9311380093877,1115.0761182677034,32014.74091643769,42686.09378011224,True,1,29
2656,newsecondary2656 26-02-01 12-52-46.fits,2026-02-01 12:52:46,1170.080540610089,1127.7822467759117,2.878992873571533,7.942946991763166,6.7795101281875,18.70421079282218,2851.7011854986526,1132.0895134886528,32030.194642434424,42705.91773666796,True,1,30
2657,newsecondary2657 26-02-01 12-53-46.fits,2026-02-01 12:53:46,1169.7452842531773,1125.9898544459738,3.155252250101252,7.764617280397188,7.430051245667435,18.28427641387299,2490.767381180615,1115.7693854046388,32054.431485312285,42738.20461423972,True,1,30
2658,newsecondary2658 26-02-01 12-54-46.fits,2026-02-01 12:54:46,1170.0112546841478,1126.9336470245134,2.964714624049515,7.738516224264553,6.981369424508193,18.22281312369539,2721.1455045799803,1101.4060528451168,32050.38386467499,42733.257399168906,True,1,28
2659,newsecondary2659 26-02-01 12-55-46.fits,2026-02-01 12:55:46,1170.4444351866082,1126.342974022652,3.67709541976611,7.698783147347531,8.658898001956729,18.12924887772043,2231.664529562709,1133.101570556703,32031.882908772415,42708.509989689235,True,1,29
2660,newsecondary2660 26-02-01 12-56-46.fits,2026-02-01 12:56:46,1168.8873136344243,1128.9172865412957,3.9731031410193127,7.650945510099152,9.355942917447704,18.016599850621027,2051.57162082966,1091.3608020895933,32002.48619139748,42669.72520531682,True,1,30
2661,newsecondary2661 26-02-01 12-57-46.fits,2026-02-01 12:57:46,1170.0055043353454,1126.35645305334,3.356358516877171,7.304233299356972,7.90362031385271,17.200154986908345,2477.4105820419413,1116.7540747838227,32006.499301740932,42675.53618930649,True,1,29
2662,newsecondary2662 26-02-01 12-58-46.fits,2026-02-01 12:58:46,1169.3391786507534,1125.8548935126257,3.4248099115687984,7.956639921042085,8.064811030182879,18.73645517716337,2481.9819373837418,1006.0770558887762,32028.955195492003,42705.91227283684,True,1,31
2663,newsecondary2663 26-02-01 12-59-46.fits,2026-02-01 12:59:46,1168.2130786419737,1127.2651477270506,3.5465185053854906,6.978843235654356,8.351412866554956,16.433919942447528,2365.113893433085,1306.7215031368075,31967.764892778316,42622.74333475207,True,1,27
2664,newsecondary2664 26-02-01 13-00-46.fits,2026-02-01 13:00:46,1168.4274532500003,1126.894143895652,3.1037741967016905,8.736271966276009,7.3088296936429735,20.57234834502869,2680.422504080973,1004.3842979957356,32000.111995002728,42666.22911702229,True,1,29
2665,newsecondary2665 26-02-01 13-01-46.fits,2026-02-01 13:01:46,1168.903758411658,1126.794201690909,3.5483369568718066,8.801939166516782,8.35569499256585,20.726982784456723,2302.505863784166,897.9561664905025,31987.00257711933,42649.6801557068,True,1,31
2666,newsecondary2666 26-02-01 13-02-46.fits,2026-02-01 13:02:46,1169.8468174604982,1125.754278431814,3.2613698004557192,9.043028356547165,7.679938980371715,21.294704441780546,2524.5186347668405,975.6842492526694,32033.302451677504,42710.30949945148,True,1,28
2667,newsecondary2667 26-02-01 13-03-46.fits,2026-02-01 13:03:46,1167.3728259810978,1126.058977606489,3.9119719163376683,7.424250776039825,9.211989884190077,17.482774546755163,2108.280963686809,1112.4000041514892,31988.137921768837,42650.83611994038,True,1,27
2668,newsecondary2668 26-02-01 13-04-47.fits,2026-02-01 13:04:47,1170.0497428467436,1127.615844103018,3.299749283387343,8.213612231069673,7.770315756097026,19.341578723834242,2541.743003303813,1079.28367682512,32002.19275511316,42668.97438135074,True,1,28
2669,newsecondary2669 26-02-01 13-05-47.fits,2026-02-01 13:05:47,1165.9079590969002,1128.2104131320948,3.865989274336687,9.090436472242457,9.103709037082684,21.406342022916967,2059.1593002882746,895.6192889437708,32005.45274495796,42673.703760038865,True,1,31
2670,newsecondary2670 26-02-01 13-06-47.fits,2026-02-01 13:06:47,1167.293636244437,1126.742279734933,3.3153494529887224,7.969775264987221,7.807051348180236,18.767386548383755,2530.6207182056414,1126.9345420070038,31988.76954454266,42650.93000571902,True,1,31
2671,newsecondary2671 26-02-01 13-07-47.fits,2026-02-01 13:07:47,1168.3490767754995,1124.155848344667,3.607286445717915,8.58675104853798,8.494510430544993,20.22025349078776,2331.4845938499566,929.3360333551414,32002.544915918417,42670.61479604439,True,1,29
2672,newsecondary2672 26-02-01 13-08-47.fits,2026-02-01 13:08:47,1167.7064446433044,1123.8138955206102,3.3018232838393597,8.059012165182002,7.7751996539348385,18.97752338971885,2544.084998373554,1129.5601948613041,32017.28164505376,42688.802373148035,True,1,31
2673,newsecondary2673 26-02-01 13-09-46.fits,2026-02-01 13:09:46,1168.0507965461054,1126.09707373736,2.9026357348553438,7.8440942580370905,6.835184811860503,18.47143039393791,2829.668833756324,1104.8710768575497,32009.845607241474,42679.20975942838,True,1,29
2674,newsecondary2674 26-02-01 13-10-46.fits,2026-02-01 13:10:46,1168.8177708968833,1127.0664949486131,3.3000190419571824,7.835847352463036,7.770950988984603,18.452010415382652,2543.592802262705,1111.574847042112,31995.187346136358,42659.84204716332,True,1,29
2675,newsecondary2675 26-02-01 13-11-46.fits,2026-02-01 13:11:46,1168.1033272896707,1128.4056207064634,3.4405097666072044,9.199560188942318,8.101781363531398,21.66330873839008,2421.47883856388,867.6608275379458,31981.479542842044,42642.422760957204,True,1,32
2676,newsecondary2676 26-02-01 13-12-46.fits,2026-02-01 13:12:46,1167.0390645968962,1126.8100157952233,2.8256721120609236,7.076302768061914,6.653949330166002,16.663419602940188,2928.340784312395,1243.835801245614,31980.41852889583,42639.87822152522,True,1,30
2677,newsecondary2677 26-02-01 13-13-46.fits,2026-02-01 13:13:46,1167.7623552600544,1127.7759983695669,3.819935021819077,6.7570312788099995,8.995259560095299,15.911592700242895,2198.4787241385243,1242.2640259050186,31976.95610368858,42635.94666653653,True,1,29
2678,newsecondary2678 26-02-01 13-14-46.fits,2026-02-01 13:14:46,1166.294015139197,1126.3242452660509,3.2567402510778907,7.688535695454076,7.669037224697344,18.105117972591227,2494.0543371084827,1035.7918813424988,32002.28817286035,42669.922277251884,True,1,29
2679,newsecondary2679 26-02-01 13-15-46.fits,2026-02-01 13:15:46,1168.7717235072669,1127.509123181732,4.712468146960105,8.807731009680372,11.097014454031509,20.740621532836023,1800.319611722178,963.7986814673429,32005.07171836267,42673.42259997169,True,1,29
2680,newsecondary2680 26-02-01 13-16-46.fits,2026-02-01 13:16:46,1168.5884814222075,1128.236792694687,3.8507331415323525,8.047634323027532,9.067783589745384,18.950730618944306,2165.723947016897,1045.0626847420024,32019.7271065671,42692.87836849766,True,1,32
2681,newsecondary2681 26-02-01 13-17-47.fits,2026-02-01 13:17:47,1168.182509906494,1125.2672891736167,3.215981078532751,10.133480068886687,7.573056708169174,23.862521992135974,2579.8576528482663,938.8059906299782,32019.620784418003,42691.25900879171,True,1,31
2682,newsecondary2682 26-02-01 13-18-47.fits,2026-02-01 13:18:47,1168.3511023738552,1125.773134929093,3.2780752200467544,9.302033270642116,7.719277237285337,21.904614405252858,2523.0062382696287,880.8254904600707,32006.484826229775,42675.4125623895,True,1,29
2683,newsecondary2683 26-02-01 13-19-47.fits,2026-02-01 13:19:47,1167.8614335384489,1127.206665732408,3.8349726035920884,8.036410545732238,9.030670359083178,18.924300643188385,2119.456671263643,1038.7485260835172,32008.623834616137,42677.88176147712,True,1,26
2684,newsecondary2684 26-02-01 13-20-47.fits,2026-02-01 13:20:47,1168.3719199210586,1127.008099880306,3.494486121425093,9.193730790633673,8.228885965814264,21.64958155440241,2313.573287031224,869.7796462151664,31923.72397287875,42565.07906210942,True,1,29
2685,newsecondary2685 26-02-01 13-21-47.fits,2026-02-01 13:21:47,1164.606867619391,1127.8673227798015,3.5856709372189086,7.540566198909306,8.443609797847996,17.756676436074468,2380.1859267496984,1083.1476608801809,32029.246536185867,42706.135286307945,True,1,28
2686,newsecondary2686 26-02-01 13-22-47.fits,2026-02-01 13:22:47,1166.3770715657824,1130.4391998199135,2.8939185026994427,9.581639078467536,6.814657298842599,22.563035766227227,2810.0663374825717,836.4020894463808,31909.015756467135,42545.50649326059,True,1,29
2687,newsecondary2687 26-02-01 13-23-47.fits,2026-02-01 13:23:47,1166.1707764470814,1127.3170965462616,3.0536374223311014,7.570483749938733,7.190766612361916,17.827126884936796,2698.397318760233,1152.4821757514449,32019.82352080259,42692.47276245838,True,1,32
2688,newsecondary2688 26-02-01 13-24-47.fits,2026-02-01 13:24:47,1169.1612290621165,1127.4713432597928,3.308123952599744,7.900342243038767,7.790036595028892,18.60388427651246,2466.9394053041606,1007.2398266198236,31980.726679658706,42641.23117634877,True,1,29
2689,newsecondary2689 26-02-01 13-25-46.fits,2026-02-01 13:25:46,1167.2336596973023,1126.551686927711,3.2126234263947064,7.503965205656495,7.5651500416102655,17.670487683494706,2485.3737192329727,1144.4373636375667,31987.514911840262,42649.24204323047,True,1,29
2690,newsecondary2690 26-02-01 13-26-46.fits,2026-02-01 13:26:46,1168.2841512463392,1127.988631127546,3.2986780169625023,10.361241650600663,7.767793116446242,24.398859530244,2527.1738192542916,860.1868175221491,32015.724117547696,42686.88910285371,True,1,29
2691,newsecondary2691 26-02-01 13-27-46.fits,2026-02-01 13:27:46,1166.5597503139854,1126.732341866201,4.333767609350621,6.35025925855598,10.2052428370047,14.953717793190995,1937.9705471200984,1269.5291642773925,31995.730920527934,42661.40893291731,True,1,30
2692,newsecondary2692 26-02-01 13-28-46.fits,2026-02-01 13:28:46,1167.0533605682347,1128.676849716606,4.07010099471628,9.136266234627506,9.584355407658302,21.514262866040283,2033.0267721050056,988.2799568323754,31968.158793517934,42623.238775729784,True,1,29
2693,newsecondary2693 26-02-01 13-29-46.fits,2026-02-01 13:29:46,1165.291091149091,1127.689122440119,3.314604349533714,9.846331777228515,7.805296763628761,23.18633943904292,2384.415809218543,949.4857723233399,31970.161314268917,42625.01782539629,True,1,29
2694,newsecondary2694 26-02-01 13-30-46.fits,2026-02-01 13:30:46,1166.5605583940476,1127.5208643294577,4.112247122598051,9.83543474809049,9.683601954414733,23.16067889639741,2015.1379940261302,937.8346018438984,32009.12585247868,42677.62594290503,True,1,30
2695,newsecondary2695 26-02-01 13-31-46.fits,2026-02-01 13:31:46,1168.154136183175,1126.2338428258213,3.492250219474931,8.2365097786403,8.2236208190833,19.395498327835607,2383.900761528429,1020.7921349913266,31909.68899442096,42546.14550401407,True,1,29
2696,newsecondary2696 26-02-01 13-32-46.fits,2026-02-01 13:32:46,1166.837586670058,1129.9924234207379,3.241600652792192,6.834059987303519,7.6333861951804645,16.09298144704628,2585.838056912715,1043.4957864351786,31965.873381281468,42622.77749463625,True,1,27
2697,newsecondary2697 26-02-01 13-33-46.fits,2026-02-01 13:33:46,1166.951858302533,1128.797362792897,3.0727627056518663,8.145393653084883,7.23580321289255,19.18093624895215,2683.827418324011,1121.5729558078367,32034.617834174584,42711.67763022294,True,1,31
2698,newsecondary2698 26-02-01 13-34-46.fits,2026-02-01 13:34:46,1165.05322889637,1129.9305022351934,3.33288664503424,10.231787654912992,7.848348279542579,24.094018666289323,2484.324793359698,898.9522013796562,32030.348065490405,42705.947177791204,True,1,29
2699,newsecondary2699 26-02-01 13-35-47.fits,2026-02-01 13:35:47,1166.171362248677,1129.6477563970464,3.398013792183889,7.862044721885476,8.001710991126252,18.513700506025693,2334.1027573620695,1111.735238953555,32012.83840495205,42682.741144464315,True,1,30
2700,newsecondary2700 26-02-01 13-36-47.fits,2026-02-01 13:36:47,1165.302460082845,1128.4955122009653,2.9103317899156913,7.67251559320709,6.853307636584272,18.06739351469658,2878.029539103326,1053.7887494776407,32005.159887841586,42673.9214929945,True,1,28
2701,newsecondary2701 26-02-01 13-37-47.fits,2026-02-01 13:37:47,1166.905993325693,1128.463146004833,5.055865845730446,9.674755492924055,11.905654238513408,22.782308165510848,1636.2213343907404,866.5679348768765,32014.84177413536,42686.31216427305,True,1,31
2702,newsecondary2702 26-02-01 13-38-47.fits,2026-02-01 13:38:47,1165.9215846816558,1130.764693174483,3.775423909090663,8.30852027147443,8.890443899615798,19.565070079813975,2153.2457458978565,1077.607869923251,31997.808864707302,42662.68278692276,True,1,28
2703,newsecondary2703 26-02-01 13-39-46.fits,2026-02-01 13:39:46,1165.6815885519218,1130.6265377125314,3.6116877519242543,8.059448785726467,8.504874714624,18.978551552529026,2309.5100343179265,1085.3060823143437,31970.570076879772,42626.90360112025,True,1,27
2704,newsecondary2704 26-02-01 13-40-46.fits,2026-02-01 13:40:46,1163.605894329662,1127.7925629723406,3.13086586254214,9.277420650688008,7.372625691417344,21.846656114424192,2700.4346622378935,950.2819475163814,32010.557181014276,42680.276826383626,True,1,28
2705,newsecondary2705 26-02-01 13-41-46.fits,2026-02-01 13:41:46,1164.4928440000676,1129.947478128997,3.099874560131401,7.753349259317116,7.29964675127892,18.25774225196581,2731.940443120194,1103.9660139153023,32012.075688885972,42682.65055575831,True,1,31
2706,newsecondary2706 26-02-01 13-42-46.fits,2026-02-01 13:42:46,1165.1954770885832,1130.8665750928294,3.236319416346152,10.759917229205984,7.620949833734782,25.337668774208122,2580.6987413435845,842.9836648593206,32012.29927749011,42682.1392964371,True,1,33
2707,newsecondary2707 26-02-01 13-43-46.fits,2026-02-01 13:43:46,1163.6260426223862,1131.79980972339,3.9296524853254513,8.60822303934579,9.25362444245006,20.27081616514871,2104.1907106798476,1037.8683350627107,32010.07806591598,42679.24602684229,True,1,28
2708,newsecondary2708 26-02-01 13-44-46.fits,2026-02-01 13:44:46,1165.5393294801388,1131.1821000902257,3.2201736997180945,7.639884345957731,7.582929576577642,17.99055279957943,2588.319510060697,1235.3755363660216,31988.220161407615,42649.53761621105,True,1,31
2709,newsecondary2709 26-02-01 13-45-47.fits,2026-02-01 13:45:47,1166.4286967167636,1129.3571328601622,3.312661110337613,7.185371282208564,7.800720785017493,16.92025632633446,2537.9098740675186,1261.2828685857075,32001.665581088477,42668.04216302077,True,1,26
2710,newsecondary2710 26-02-01 13-46-47.fits,2026-02-01 13:46:47,1164.094470722996,1130.7012008851548,3.3473136450185,7.23108166863506,7.8823212682951755,17.027896060557683,2433.0429302807634,1261.0830312223866,31905.874469053397,42539.90898701671,True,1,26
2711,newsecondary2711 26-02-01 13-47-47.fits,2026-02-01 13:47:47,1165.3612257420202,1127.7759060040096,3.043312893823477,9.048518449522557,7.1664542056766685,21.307632622768086,2726.2653566316876,938.392235855198,32015.825158074025,42687.51649699763,True,1,31
2712,newsecondary2712 26-02-01 13-48-47.fits,2026-02-01 13:48:47,1164.0086028833691,1131.662035004162,3.6730927498381223,7.882624477398751,8.64947243457666,18.562162126830188,2309.2494055923294,945.7266373431263,31929.434629734988,42573.90409853352,True,1,31
2713,newsecondary2713 26-02-01 13-49-47.fits,2026-02-01 13:49:47,1165.0767973929414,1127.2297001925592,3.127504143221383,7.850095601201424,7.364709447375057,18.485562477118396,2710.2809189938043,1040.9892485762261,31959.972908557487,42613.68990313686,True,1,31
2714,newsecondary2714 26-02-01 13-50-46.fits,2026-02-01 13:50:46,1164.1701741200616,1131.559526838704,3.2411924665541716,8.34931682874404,7.6324249900450685,19.661138630640703,2586.4514657644177,884.2510427812377,31969.957355870778,42627.899605727645,True,1,31
2715,newsecondary2715 26-02-01 13-51-46.fits,2026-02-01 13:51:46,1162.6333351774556,1130.6918708277174,3.9732695525921353,9.655274339913275,9.356334786755111,22.736433555900746,2124.609771258384,936.4367427382426,31976.967179072024,42635.182708819186,True,1,30
2716,newsecondary2716 26-02-01 13-52-46.fits,2026-02-01 13:52:46,1164.8426644972433,1132.8097403409251,3.5395009292227066,8.528303961638901,8.334887737539301,20.08262111898414,2378.9602696052857,930.0568169055742,31905.882853978543,42541.807051106895,True,1,29
2717,newsecondary2717 26-02-01 13-53-46.fits,2026-02-01 13:53:46,1163.7396423573393,1131.0099614848152,3.215245442924119,9.236775326588253,7.571324418692129,21.750943690497312,2572.4772214843033,849.2258286199122,31963.54062978957,42618.60480258602,True,1,30
2718,newsecondary2718 26-02-01 13-54-46.fits,2026-02-01 13:54:46,1165.289995443858,1130.0531796943424,3.374502499767515,9.13752269547257,7.946346128459591,21.51722160522404,2483.232021546825,960.3992617562626,31958.716927292167,42611.11196354645,True,1,29
2719,newsecondary2719 26-02-01 13-55-46.fits,2026-02-01 13:55:46,1165.3331854272103,1130.239201103935,3.3688691626796263,7.810609030679389,7.933080633364614,18.392578709343578,2462.3558658408374,1094.5097464720293,32022.911894000357,42696.88907757777,True,1,31
2720,newsecondary2720 26-02-01 13-56-46.fits,2026-02-01 13:56:46,1163.6606523945882,1130.7952495425486,3.0890187508747213,9.163296969396658,7.274083274036258,21.5779153821066,2644.8943273733894,959.1737923935631,31996.683458986307,42661.4463770403,True,1,27
2721,newsecondary2721 26-02-01 13-57-46.fits,2026-02-01 13:57:46,1165.3894167722428,1128.754701214565,3.173674629835972,7.486040151801099,7.473432634743925,17.628277407367758,2567.9504202857306,1154.8918985755993,31959.894437833234,42612.55338316043,True,1,28
2722,newsecondary2722 26-02-01 13-58-47.fits,2026-02-01 13:58:47,1164.272684044855,1130.2360791272774,4.065489286409551,8.562645418353226,9.57349566449578,20.163489069630593,2053.2076573281465,1098.0895747505579,31959.112051507702,42610.7887334685,True,1,29
2723,newsecondary2723 26-02-01 13-59-47.fits,2026-02-01 13:59:47,1165.7656309585748,1132.6545463733958,3.2271788089702014,7.429377980249334,7.599425348262135,17.49484819000268,2484.430106706036,1165.9932400238608,32014.371761571245,42684.997464278254,True,1,29
2724,newsecondary2724 26-02-01 14-00-47.fits,2026-02-01 14:00:47,1164.2971296187352,1129.369999805944,3.469381268235405,8.473202128353785,8.169768554295628,19.952866217446395,2436.5971150465984,922.8364062775386,31930.259744211817,42574.49728510569,True,1,28
2725,newsecondary2725 26-02-01 14-01-46.fits,2026-02-01 14:01:46,1164.0100478479867,1129.7225181006304,3.138633370149916,6.8255205861398975,7.390916774032066,16.072872694013626,2636.466410398542,1163.3107501971926,31961.917013113085,42616.32091895085,True,1,30
2726,newsecondary2726 26-02-01 14-02-46.fits,2026-02-01 14:02:46,1163.8226627639701,1128.9586433503123,4.741431367065881,7.3991917249318675,11.165217625305234,17.42376499089669,1775.7530250018535,1145.4257784511965,31845.15554195948,42460.13567974874,True,1,29
2727,newsecondary2727 26-02-01 14-03-46.fits,2026-02-01 14:03:46,1165.7683907168362,1129.668727620689,3.4692929025462123,9.506741853910258,8.169560468999425,22.386666280522565,2358.1355906723797,871.8176016726152,31985.96455091932,42647.8146611782,True,1,30
2728,newsecondary2728 26-02-01 14-04-46.fits,2026-02-01 14:04:46,1166.6005558310776,1130.7664748323486,3.2863618170852926,7.8831947274828815,7.738790682096782,18.56350496315898,2551.787873327552,1111.9528174001828,31942.999679417444,42590.176721509204,True,1,29
2729,newsecondary2729 26-02-01 14-05-46.fits,2026-02-01 14:05:46,1166.3776381718271,1131.6038054713074,3.006242698584448,8.452292301806674,7.0791605668545925,19.90362733875514,2729.899147897427,976.508884904622,31942.105229562672,42589.41303772353,True,1,31
2730,newsecondary2730 26-02-01 14-06-47.fits,2026-02-01 14:06:47,1162.4372716344726,1133.2188686375237,3.4019365402641433,8.505115419746813,8.010948356937241,20.028016275721612,2487.3081401973313,1023.5313981499223,31938.977913827388,42584.9897978848,True,1,29
2731,newsecondary2731 26-02-01 14-07-47.fits,2026-02-01 14:07:47,1164.7444591520064,1131.0086653254666,3.413785730411919,8.175389755723982,8.038851067414607,19.25157167271951,2384.9396358065605,1102.8156132335614,31821.356810378238,42427.34844180897,True,1,23
2732,newsecondary2732 26-02-01 14-08-47.fits,2026-02-01 14:08:47,1162.943406236882,1129.886405295584,2.9534203922835585,10.714775978280713,6.954773541152493,25.231369251671524,2766.721131209294,798.4477451990925,31979.856717561164,42639.3139514602,True,1,31
2733,newsecondary2733 26-02-01 14-09-47.fits,2026-02-01 14:09:47,1165.068174469385,1132.8614659162656,3.4790252881147516,8.550093232347109,8.19247848562219,20.133930930414433,2475.8918285711266,969.4367866882079,31979.788071131472,42640.13637980883,True,1,30
2734,newsecondary2734 26-02-01 14-10-47.fits,2026-02-01 14:10:47,1163.4632743062218,1132.272431745083,3.073007589311788,8.519416097574256,7.236379869843633,20.061691798527203,2747.853505323937,980.8680545263074,32022.63294483127,42696.95707484413,True,1,31
2735,newsecondary2735 26-02-01 14-11-46.fits,2026-02-01 14:11:46,1163.7296410334225,1132.2077497476257,4.117687890865472,8.670962851990904,9.696413984591226,20.41855713358691,2083.872260642816,937.9274765778925,31967.973875614396,42624.54282818121,True,1,30
2736,newsecondary2736 26-02-01 14-12-46.fits,2026-02-01 14:12:46,1163.191969289534,1133.0850822983823,4.494538831808652,9.516592372435918,10.583830134312999,22.409862479000736,1885.789575889955,955.8991056899519,32001.99630947993,42668.52749371956,True,1,28
2737,newsecondary2737 26-02-01 14-13-46.fits,2026-02-01 14:13:46,1163.2482204513283,1133.0360886646233,3.7532222656146716,9.210567131018582,8.838163024525903,21.68922810622576,2223.0911386277135,940.7160452165199,31922.115473532645,42562.407020697356,True,1,29
2738,newsecondary2738 26-02-01 14-14-46.fits,2026-02-01 14:14:46,1162.5297620164026,1132.9934769292802,3.790317778046132,7.550112276954204,8.9255162807802,17.77915573200602,2223.1159921047947,1099.196254347743,31965.639026964753,42621.01612826292,True,1,30
2739,newsecondary2739 26-02-01 14-15-46.fits,2026-02-01 14:15:46,1163.9816501396517,1134.2578449690868,3.0910884027731247,8.514364405499173,7.278956931812854,20.049795972767473,2533.849939212275,1047.5410513292936,31994.15979922438,42657.47840310177,True,1,30
2740,newsecondary2740 26-02-01 14-16-47.fits,2026-02-01 14:16:47,1162.6981002029445,1133.034743774106,3.1452681186191267,9.132777147650364,7.406540412721101,21.506046694087654,2643.660984749984,994.4758455544428,31998.726207243853,42663.97890120958,True,1,29
2741,newsecondary2741 26-02-01 14-17-47.fits,2026-02-01 14:17:47,1163.1290037292836,1130.595112212083,3.245556186513122,7.632752799082484,7.642700765275306,17.973759290045518,2576.327281268903,1132.2822408490288,31993.267183468328,42657.32748938832,True,1,31
2742,newsecondary2742 26-02-01 14-18-47.fits,2026-02-01 14:18:47,1163.2070787741948,1131.7688687783884,2.888075239728521,9.615012579421851,6.800897466070286,22.64162435524731,2885.224695028647,894.9443799625324,31954.436305270454,42605.5641514119,True,1,28
2743,newsecondary2743 26-02-01 14-19-47.fits,2026-02-01 14:19:47,1162.0081968487384,1131.8058471426607,3.0367526039296435,9.582906606191566,7.151005903533456,22.566020565919406,2744.4441410141967,912.6866776293583,31990.636675893616,42653.65100287115,True,1,28
2744,newsecondary2744 26-02-01 14-20-46.fits,2026-02-01 14:20:46,1162.7328154740003,1132.5965072210531,3.233796660514866,9.218328053332037,7.61500919773455,21.70750368165741,2630.317299543533,884.8650436344117,31932.124939134,42576.61650848511,True,1,29
2745,newsecondary2745 26-02-01 14-21-46.fits,2026-02-01 14:21:46,1162.1602414884271,1131.199262783654,3.183991890487139,6.334425847463834,7.497727926935102,14.916432959369994,2631.610941804089,1264.6713422367568,31949.026578601548,42599.17668925405,True,1,25
2746,newsecondary2746 26-02-01 14-22-46.fits,2026-02-01 14:22:46,1163.603287365793,1132.309985992635,3.412218956656619,8.194645634972193,8.035161597169598,19.296915803157894,2376.562135162267,1089.4632561066237,31986.510753500475,42647.62572571029,True,1,27
2747,newsecondary2747 26-02-01 14-23-46.fits,2026-02-01 14:23:46,1163.3126957079978,1130.7946389245833,3.3609475542332596,8.446587925702682,7.914426671006224,19.890194559561063,2447.4314806706507,999.9576945793924,31943.484280767618,42591.02800374512,True,1,29
2748,newsecondary2748 26-02-01 14-24-46.fits,2026-02-01 14:24:46,1164.5541895477395,1130.9159998185553,3.003994941299608,9.926959305869918,7.073867502943887,23.376202759669003,2845.546922104104,865.5908695048446,31813.81609570007,42418.363853628354,True,1,29
2749,newsecondary2749 26-02-01 14-25-46.fits,2026-02-01 14:25:46,1162.8877316478126,1132.5427704792362,3.0997663478477686,8.0443115892402,7.299391930824304,18.942906178817594,2640.625590778613,1017.2762553721673,31962.002484391538,42616.005936699905,True,1,32
2750,newsecondary2750 26-02-01 14-26-46.fits,2026-02-01 14:26:46,1163.6475104009653,1132.1870211576972,2.9930684643144136,7.799720107537554,7.0481376159175815,18.36693725486038,2788.907214280607,1022.1053644718975,31941.30254460733,42588.88725246244,True,1,30
2751,newsecondary2751 26-02-01 14-27-46.fits,2026-02-01 14:27:46,1164.6493365880883,1132.3427602122324,3.3123173120620786,7.440639128702195,7.799911201946817,17.521366168109545,2503.9735731482892,1099.4704021784546,31925.787090212576,42567.86207268762,True,1,31
2752,newsecondary2752 26-02-01 14-28-46.fits,2026-02-01 14:28:46,1163.2853825977031,1129.7442002186913,3.1229767377028117,10.885891116392466,7.354048222107942,25.634314608905317,2644.059102159609,836.3972821097025,31847.685544152202,42462.487821571296,True,1,30
2753,newsecondary2753 26-02-01 14-29-47.fits,2026-02-01 14:29:47,1163.3929620789122,1131.4885017956412,4.110636980881804,8.305410749620478,9.679810360425975,19.557747715421826,2052.42812132459,1006.8619205099263,31916.471107761656,42555.39072368607,True,1,27
2754,newsecondary2754 26-02-01 14-30-47.fits,2026-02-01 14:30:47,1163.6098781653586,1134.0860520935614,3.4484666371557853,8.115417639926102,8.120518361794913,19.110348132295744,2336.895131468606,933.024085381312,31993.585965445553,42658.742340990815,True,1,30
2755,newsecondary2755 26-02-01 14-31-47.fits,2026-02-01 14:31:47,1163.632689262524,1133.4532427336665,3.4565298486423037,7.2732632687028484,8.13950577383069,17.12722613792879,2443.489698812536,1214.241015614929,31945.247696731276,42593.16652563585,True,1,27
2756,newsecondary2756 26-02-01 14-32-47.fits,2026-02-01 14:32:47,1163.1638307169947,1131.4290552149907,3.3237148236154352,8.51474033525412,7.826750290616133,20.050681219689945,2436.7575573243907,1003.9657161738351,31990.26952121354,42653.113204490575,True,1,30
2757,newsecondary2757 26-02-01 14-33-46.fits,2026-02-01 14:33:46,1163.3443794176835,1132.9651674840163,3.140786055842214,8.659183359931465,7.39598596145094,20.390818549565058,2641.733571284283,1001.568467783762,32011.428705439157,42681.42057711079,True,1,31
2758,newsecondary2758 26-02-01 14-34-46.fits,2026-02-01 14:34:46,1162.5483709769608,1132.471968184586,3.9028875141991115,8.305511563953074,9.190597751937082,19.55798511503305,2113.8679910794554,939.6545126100758,32008.107578321662,42678.051693584464,True,1,30
2759,newsecondary2759 26-02-01 14-35-46.fits,2026-02-01 14:35:46,1164.5544701618448,1129.889422293708,4.0993266107796416,8.693714377342632,9.653176474192684,20.472132881540187,1961.4585836597303,912.3205500383217,31957.73844747425,42610.45874079969,True,1,30
2760,newsecondary2760 26-02-01 14-36-46.fits,2026-02-01 14:36:46,1163.9246610226846,1131.2797883097976,3.663715121781696,8.10189340340992,8.627389808054543,19.078500989053698,2286.54305536497,1132.595254199833,31915.965419527467,42553.59041280899,True,1,17
2761,newsecondary2761 26-02-01 14-37-46.fits,2026-02-01 14:37:46,1164.1196523730423,1128.8017616893007,3.246105411511561,10.761483952124994,7.643994091310862,25.34135812474282,2536.4496837103643,759.866357781004,31994.06345213393,42658.82385518159,True,1,28
2762,newsecondary2762 26-02-01 14-38-46.fits,2026-02-01 14:38:46,1165.329314973794,1132.7426542327746,3.08309031719142,8.27495187678528,7.260122879563184,19.486022551120453,2716.822588705244,1088.151555088137,31949.467575854676,42598.480098695014,True,1,28
2763,newsecondary2763 26-02-01 14-39-46.fits,2026-02-01 14:39:46,1164.1751971405906,1131.2806937129744,3.4217035548815162,9.802424464306077,8.057496119188652,23.082945618449713,2424.0572555195117,893.8392745337471,31933.610343008888,42577.544467188265,True,1,31
2764,newsecondary2764 26-02-01 14-40-46.fits,2026-02-01 14:40:46,1164.8074162510854,1131.8267759554124,3.6620478190973267,8.155514946981972,8.623463610272257,19.20477007470267,2305.711333480858,1064.6669912514078,32009.018121308687,42678.38229337936,True,1,31
2765,newsecondary2765 26-02-01 14-41-46.fits,2026-02-01 14:41:46,1164.1355284708955,1132.3854081326863,3.3677116063915995,8.734965924511403,7.930354796614317,20.56927285170175,2450.3174722470103,990.3208711868912,32002.651387827034,42669.6880735346,True,1,27
2766,newsecondary2766 26-02-01 14-42-46.fits,2026-02-01 14:42:46,1163.781140064965,1132.1357714175308,3.181341905373963,7.596303331366047,7.491487688871562,17.887927352836147,2618.186867899531,1119.2624124848346,31987.677631867937,42650.01389024772,True,1,28
2767,newsecondary2767 26-02-01 14-43-46.fits,2026-02-01 14:43:46,1163.171629614481,1132.0893213687866,3.5091076109227766,7.243129753922637,8.26331694237162,17.056267133297112,2344.743437687215,1163.027993246747,31985.931547155236,42647.65599637788,True,1,27
2768,newsecondary2768 26-02-01 14-44-47.fits,2026-02-01 14:44:47,1162.6775295778755,1132.561989835435,3.048990461483822,9.441019620684868,7.179823855810269,22.231902248319216,2634.757196127979,860.9399760730334,32000.978541224595,42667.84914926777,True,1,30
2769,newsecondary2769 26-02-01 14-45-47.fits,2026-02-01 14:45:47,1163.8954205539033,1130.5919988101232,3.5749214744840323,9.52342304978679,8.418296747526597,22.42594749494771,2234.555512460683,816.8155393311634,32025.626986779513,42701.1060902876,True,1,28
2770,newsecondary2770 26-02-01 14-46-47.fits,2026-02-01 14:46:47,1163.252573131259,1131.7949505059753,3.2792451565422005,9.518254947456255,7.722032227196227,22.413777543984995,2599.4833918278714,981.8083378923162,31904.4593518534,42538.220834736494,True,1,30
2771,newsecondary2771 26-02-01 14-47-46.fits,2026-02-01 14:47:46,1163.9136100114629,1129.1612510057416,3.3650873358818587,8.582709482188406,7.924175111814396,20.21073632933446,2486.0049228007383,1040.0251750996745,32019.036069113463,42691.32523126471,True,1,28
2772,newsecondary2772 26-02-01 14-48-46.fits,2026-02-01 14:48:46,1165.7517108563827,1129.546659060551,3.428457527232042,7.37543288908624,8.073400508663253,17.367817208000805,2465.3988643551993,950.4878263461006,31917.575882009965,42558.62751333771,True,1,29
2773,newsecondary2773 26-02-01 14-49-46.fits,2026-02-01 14:49:46,1164.4578575010482,1132.769843727654,3.681223284206751,7.527865573308459,8.668618379884721,17.726768748325156,2239.416984282195,1094.7442117832077,31985.825954089018,42647.7714287041,True,1,21
2774,newsecondary2774 26-02-01 14-50-46.fits,2026-02-01 14:50:46,1164.530905949708,1131.0272363904548,4.684648081632253,10.136832169285789,11.031503206543412,23.870415585348738,1735.5720510099252,822.8489122506911,31982.830921221335,42643.50309134012,True,1,30
2775,newsecondary2775 26-02-01 14-51-46.fits,2026-02-01 14:51:46,1164.306492723072,1133.1246727211558,4.071655144506615,8.74731916578379,9.588015150737565,20.59836251187107,1985.0612912265537,1001.4518757836826,31952.61620930481,42602.61465439055,True,1,29
2776,newsecondary2776 26-02-01 14-52-46.fits,2026-02-01 14:52:46,1165.8149362200256,1131.9110652433837,3.1940721555182567,7.793047163931223,7.521465137089603,18.351223673496833,2640.4782618437634,1097.4119179302138,31917.238581285223,42556.16556413014,True,1,29
2777,newsecondary2777 26-02-01 14-53-46.fits,2026-02-01 14:53:46,1164.9479750459784,1132.4576011695137,3.239630213977024,8.485641117622,7.628746166361,19.982157798715114,2503.861603470943,1034.2508266067146,31978.334209075907,42636.921874965876,True,1,3
2778,newsecondary2778 26-02-01 14-54-47.fits,2026-02-01 14:54:47,1164.451731494946,1131.7111962191368,4.3739565092693296,8.324971899927219,10.299880464121017,19.603810704268,1933.4266560391015,914.5357294071719,31948.837629719055,42599.53746126153,True,1,30
2779,newsecondary2779 26-02-01 14-55-47.fits,2026-02-01 14:55:47,1162.9166823208773,1129.888753675162,3.1364090891666447,9.432204830901384,7.385678992586877,22.211145004644333,2605.9383043255493,920.0107004702203,31975.741745269515,42633.67189197047,True,1,31
2780,newsecondary2780 26-02-01 14-56-47.fits,2026-02-01 14:56:47,1165.8691215055912,1129.5381145190472,3.3489455736307185,8.765707723467749,7.886164166503287,20.641664256104466,2438.7282705407197,1012.3944665878815,31893.46255599245,42523.70488320054,True,1,28
2781,newsecondary2781 26-02-01 14-57-47.fits,2026-02-01 14:57:47,1164.6374781765599,1129.9094807391937,3.518912790671453,7.0443546668391095,8.286406376188934,16.58818757378005,2370.8045406663655,1136.578001795203,31991.465689251836,42655.72108251605,True,1,30
2782,newsecondary2782 26-02-01 14-58-47.fits,2026-02-01 14:58:47,1163.7586627996134,1130.4467601266324,2.9257315978534475,7.329514241442666,6.889571413005727,17.259687056089003,2801.6182248912746,1044.0502880528588,32012.687003108094,42684.28463178241,True,1,31
2783,newsecondary2783 26-02-01 14-59-46.fits,2026-02-01 14:59:46,1164.4921343738129,1130.5834083506925,3.8850912445466625,7.476034066107274,9.14869073943272,17.60471487620364,2147.0328848818954,1094.238091927349,31991.82529480289,42655.97447205527,True,1,30
2784,newsecondary2784 26-02-01 15-00-46.fits,2026-02-01 15:00:46,1163.4771485923463,1132.4111807140935,3.431910950104204,7.764348921122572,8.08153269806659,18.283644476073857,2386.3693744556,1148.8187987425795,31963.15015344757,42616.592233437514,True,1,31
2785,newsecondary2785 26-02-01 15-01-46.fits,2026-02-01 15:01:46,1164.5372116591493,1131.4876795940868,3.906494247964879,8.2633229456844,9.199090960905801,19.458638511061817,2111.0394219192635,1065.5804497827273,31955.425320133196,42606.51365627044,True,1,30
2786,newsecondary2786 26-02-01 15-02-46.fits,2026-02-01 15:02:46,1164.0093209497377,1129.907810048975,3.471979570208591,7.61153755696851,8.175887087865132,17.92380121265535,2424.9757795417518,1193.1447900888718,31979.048043037335,42637.87687149852,True,1,32
2787,newsecondary2787 26-02-01 15-03-46.fits,2026-02-01 15:03:46,1163.0379022781003,1131.8997561205042,2.8666662512567602,8.913338025856977,6.750483150873147,20.9893070514246,2719.80825190251,986.0505833013981,31931.5888751809,42574.17244784762,True,1,30
2788,newsecondary2788 26-02-01 15-04-46.fits,2026-02-01 15:04:46,1161.313942883373,1132.826795598898,4.602779937281677,8.75955355300397,10.838718459177189,20.62717229213582,1874.6596716178399,984.5934021375477,31909.436416719804,42545.92044088857,True,1,31
2789,newsecondary2789 26-02-01 15-05-47.fits,2026-02-01 15:05:47,1162.6783324913918,1131.896142226061,3.0791069336470587,9.285743709203484,7.250742728145875,21.8662554194524,2669.0676344822673,937.5275509321675,31860.79655281755,42480.433742380126,True,1,30
2790,newsecondary2790 26-02-01 15-06-47.fits,2026-02-01 15:06:47,1163.8629755570248,1130.1284904014753,3.4917287424088785,8.880239131430733,8.222392834435135,20.911365111361317,2379.8569723761557,953.6717591685847,31890.485872985275,42520.44278949053,True,1,28
2791,newsecondary2791 26-02-01 15-07-47.fits,2026-02-01 15:07:47,1164.0585430106278,1129.9657006667371,3.437649753891777,8.187585452926779,8.095046548260067,19.280290344955784,2439.5987522802693,896.577531858405,31893.64860993027,42526.21313250665,True,1,31
2792,newsecondary2792 26-02-01 15-08-47.fits,2026-02-01 15:08:47,1162.8929979547095,1130.6826625457502,3.561065668066616,9.810253267368022,8.385668816834796,23.101381040828585,2193.5769505859425,896.6372664619643,31996.12096623585,42660.2248452104,True,1,30
2793,newsecondary2793 26-02-01 15-09-46.fits,2026-02-01 15:09:46,1163.3682852748334,1133.2456158713046,3.4274381466296666,7.638074391423296,8.071000050787266,17.986290682361147,2398.1004312962573,1086.3936538143819,31939.451067766015,42585.833389901396,True,1,31
2794,newsecondary2794 26-02-01 15-10-46.fits,2026-02-01 15:10:46,1163.1085628011037,1131.622464680652,3.12668674996059,8.423030216567875,7.362784633339869,19.83472039387541,2659.2705535536875,1010.4644306134368,32002.74850417813,42670.07801152412,True,1,29
2795,newsecondary2795 26-02-01 15-11-46.fits,2026-02-01 15:11:46,1163.6605132561715,1132.225450896954,3.64528194002804,7.73309679407629,8.583982982167335,18.21005134085542,2303.949669148188,1086.2847521333854,31999.85955509894,42666.47708707971,True,1,31
2796,newsecondary2796 26-02-01 15-12-46.fits,2026-02-01 15:12:46,1162.9777533000974,1131.0869755793162,4.0446046691934665,9.786491680274018,9.524316149242546,23.045426779237875,2071.1082705374088,922.3392190632678,32003.066142254145,42669.91718475697,True,1,29
2797,newsecondary2797 26-02-01 15-13-46.fits,2026-02-01 15:13:46,1163.8066009399083,1133.7048762550728,3.6438549685610253,9.40930032718532,8.580622721153121,22.157209020172264,2235.2661882523207,860.8583175230045,31977.705844243188,42636.9990349468,True,1,27
2798,newsecondary2798 26-02-01 15-14-47.fits,2026-02-01 15:14:47,1163.0656658574849,1132.8481379681716,3.1295627378513937,7.600328917667138,7.3695570672744,17.897406884150957,2680.9520492051342,1107.099772338041,31969.067850421092,42625.39270640593,True,1,29
2799,newsecondary2799 26-02-01 15-15-47.fits,2026-02-01 15:15:47,1162.6558261729704,1132.2221580601292,5.379014954954182,8.69341584587712,12.666612238447357,20.471429893661128,1625.7437333264993,1002.268966375932,32000.56859056823,42667.46573788229,True,1,30
2800,newsecondary2800 26-02-01 15-16-47.fits,2026-02-01 15:16:47,1164.1644288750963,1132.2376788906483,3.324282507660915,9.438344712817857,7.828087084385673,22.22560332165537,2527.1464219890663,932.0981472453512,31996.283929221954,42661.20063208316,True,1,31
2801,newsecondary2801 26-02-01 15-17-47.fits,2026-02-01 15:17:47,1161.9699192949029,1132.2321741753012,3.4288082169526253,8.773630105399338,8.07422631984687,20.660320039881363,2331.3748333430353,942.52741231869,32006.718141082234,42675.2688892803,True,1,29
2802,newsecondary2802 26-02-01 15-18-47.fits,2026-02-01 15:18:47,1162.0901381870121,1133.259877287491,2.9364164904561685,6.395638484138962,6.914732412285617,15.060577703221782,2737.66005809086,1290.7457715962992,31986.622469347567,42648.5511441533,True,1,26
2803,newsecondary2803 26-02-01 15-19-46.fits,2026-02-01 15:19:46,1161.7708014240338,1131.3999809703644,2.8537200425451066,8.881874053298665,6.719997159091791,20.915215058147982,2876.7140138345276,1005.749182462808,31981.192224217604,42640.656607980396,True,1,31
2804,newsecondary2804 26-02-01 15-20-46.fits,2026-02-01 15:20:46,1160.6564442288418,1131.557296905052,3.683428717373712,7.126672645083719,8.673811778114256,16.78203159901688,2259.1711315212915,1096.100586281068,31989.426737368645,42653.22651619982,True,1,30
2805,newsecondary2805 26-02-01 15-21-46.fits,2026-02-01 15:21:46,1162.9575745811098,1132.0785645587407,4.00733161107974,9.600589038840187,9.43654480485674,22.607659512765288,2134.645027991649,944.5134107165646,31921.7255879385,42561.63846852587,True,1,29
2806,newsecondary2806 26-02-01 15-22-46.fits,2026-02-01 15:22:46,1160.8339620549796,1132.9150484665631,3.104233999166096,9.277838899937283,7.30991244570291,21.847641016140205,2692.0947630464543,938.360330380237,31973.735871138473,42631.197738958064,True,1,29
2807,newsecondary2807 26-02-01 15-23-46.fits,2026-02-01 15:23:46,1161.922221369751,1131.0807807741367,2.959222484386346,8.064104569311077,6.968436423939253,18.989515085039393,2790.031003510179,1002.8276365060004,31964.279115962356,42619.257268571535,True,1,28
2808,newsecondary2808 26-02-01 15-24-46.fits,2026-02-01 15:24:46,1163.0155107929645,1130.162734817448,4.4927713385930295,8.745912718931796,10.579668005859396,20.595050582631725,1930.2442066681745,1022.8263308488573,31961.60846989209,42615.125427741856,True,1,31
2809,newsecondary2809 26-02-01 15-25-46.fits,2026-02-01 15:25:46,1160.684622539632,1134.0004853730427,3.655167128990399,6.261319515271719,8.607260823284816,14.74428070290531,2346.6111000933506,1402.5697690254851,31917.18788896003,42555.98659834004,True,1,2
2810,newsecondary2810 26-02-01 15-26-46.fits,2026-02-01 15:26:46,1162.4014766881608,1131.222653055376,4.111008830564884,8.055472461243472,9.68068599951343,18.969188023930926,2070.879173459188,1072.9323289834708,31996.047478552533,42661.229562677014,True,1,29
2811,newsecondary2811 26-02-01 15-27-46.fits,2026-02-01 15:27:46,1163.357700961682,1132.278113013812,3.5219681106738707,6.818307747586,8.293601104974611,16.055887757205337,2341.5127431498568,1149.9837163076,31911.99517953345,42549.85013926716,True,1,27
2812,newsecondary2812 26-02-01 15-28-47.fits,2026-02-01 15:28:47,1161.5581312895781,1132.4827192902733,3.4389866868068397,8.850516370366245,8.098194784687317,20.841373357812994,2321.894258239153,917.5141953197951,31998.680426255014,42664.73250466813,True,1,29
2813,newsecondary2813 26-02-01 15-29-47.fits,2026-02-01 15:29:47,1160.5249092021543,1132.731208369271,4.6293994682592325,8.870003162353228,10.901402664312458,20.88726124619729,1865.2266073999826,845.4747847010989,31984.751762339994,42647.79983632477,True,1,29
2814,newsecondary2814 26-02-01 15-30-47.fits,2026-02-01 15:30:47,1159.8078160697821,1133.3011193880616,3.287907351073736,7.24088163718838,7.742430136513044,17.050973222947714,2564.138078961273,1215.3263500956512,32012.677275558726,42683.093408030145,True,1,30
2815,newsecondary2815 26-02-01 15-31-47.fits,2026-02-01 15:31:47,1162.7694528465886,1134.3009555274564,3.477358411555559,8.657263662030585,8.188553291288013,20.386298006467666,2344.895956426749,950.2852690071763,31983.481806929554,42644.548505453786,True,1,29
2816,newsecondary2816 26-02-01 15-32-47.fits,2026-02-01 15:32:47,1162.4158398581546,1131.9147704509965,3.2587551534232526,7.636695020416268,7.673781957128982,17.983042511864262,2551.6216232412785,989.735837385625,31954.755829427224,42607.316936467854,True,1,30
2817,newsecondary2817 26-02-01 15-33-47.fits,2026-02-01 15:33:47,1163.1969351008888,1131.1564404551852,3.595017644978395,9.471971615952608,8.465619612635082,22.304788627209394,2399.3822594362096,838.0127483950587,31902.273638805946,42537.252214137654,True,1,30
2818,newsecondary2818 26-02-01 15-34-47.fits,2026-02-01 15:34:47,1161.966618115723,1132.0333244931323,3.3994229764540096,7.3212891542436,8.005029366492675,17.240318455880516,2454.588379910023,1065.731998968818,31981.394379672194,42642.55758862467,True,1,29
2819,newsecondary2819 26-02-01 15-35-47.fits,2026-02-01 15:35:47,1160.3673620196707,1132.2699929363419,3.378428761508532,8.01602162439548,7.955591768309376,18.876288402528026,2446.6987783823038,1136.4856126575262,31977.83033058861,42636.01871532454,True,1,28
2820,newsecondary2820 26-02-01 15-36-47.fits,2026-02-01 15:36:47,1160.657212006063,1134.9429627800364,3.852120470393024,6.557620994259776,9.071050499555541,15.442017364998705,2164.2527679457326,1267.058038048541,31998.323431458066,42664.46744362758,True,1,7
2821,newsecondary2821 26-02-01 15-37-47.fits,2026-02-01 15:37:47,1161.337568548636,1132.60039467581,3.444798313409236,8.573816629399872,8.111880119504875,20.18979526133051,2448.7610624789845,1021.4691671949772,31940.091962694638,42586.373573542114,True,1,30
2822,newsecondary2822 26-02-01 15-38-47.fits,2026-02-01 15:38:47,1159.333865804752,1132.2998009378214,3.5333506863880495,7.038452707328213,8.320405022430442,16.57428952121883,2361.5205059083532,1164.0724952148755,32001.99556051737,42669.52187224666,True,1,29
2823,newsecondary2823 26-02-01 15-39-47.fits,2026-02-01 15:39:47,1159.2753617323356,1130.4624090393293,3.150049076749663,9.325200630047076,7.417798708761342,21.959169367570095,2664.3461765803463,943.2111913535033,31942.860076016354,42589.96070775194,True,1,30
2824,newsecondary2824 26-02-01 15-40-47.fits,2026-02-01 15:40:47,1162.4019789445013,1132.5731612514257,3.9570707996572776,8.103438668770481,9.318189638639605,19.08213981089964,2123.7276029755776,1049.6641701609224,31984.288173793262,42645.58585259207,True,1,30
2825,newsecondary2825 26-02-01 15-41-47.fits,2026-02-01 15:41:47,1159.8780964851428,1134.3364630330693,3.916509028777935,7.106528476858055,9.222673967510977,16.73459570788861,2177.146743923262,1198.256943734973,32025.82308823755,42701.11210880194,True,1,27
2826,newsecondary2826 26-02-01 15-42-48.fits,2026-02-01 15:42:48,1161.0789847455667,1130.9612519406608,3.480007493652774,8.135127601513823,8.194791402911466,19.1567615449293,2502.6767366803915,1067.2374444092104,31876.70715186957,42502.31130163297,True,1,29
2827,newsecondary2827 26-02-01 15-43-48.fits,2026-02-01 15:43:48,1159.8565056368725,1131.3970667499348,4.026257340809282,8.722634485749827,9.481111492590705,20.540234532521918,2107.9399549506793,1039.9381403442849,32002.311718081397,42668.996077244374,True,1,30
2828,newsecondary2828 26-02-01 15-44-48.fits,2026-02-01 15:44:48,1160.5635724244237,1130.6900105557922,3.715815006022304,5.8130930714186215,8.75007565980812,13.688788088207097,2317.9715370174763,1352.1830241258185,31946.02740204497,42595.67386051081,True,1,27
2829,newsecondary2829 26-02-01 15-45-48.fits,2026-02-01 15:45:48,1159.4434468685233,1131.580063939506,3.546810033209774,8.783916582822082,8.352099362119262,20.6845428431092,2339.240483400785,1039.074762708653,31903.695178323072,42537.18962835954,True,1,25
2830,newsecondary2830 26-02-01 15-46-47.fits,2026-02-01 15:46:47,1160.3979822277624,1130.8808118460668,3.431427890256861,7.923730747093013,8.080395179055117,18.658959994682686,2414.2229920272157,1043.7305713846697,32001.19888486052,42668.28322145251,True,1,29
2831,newsecondary2831 26-02-01 15-47-47.fits,2026-02-01 15:47:47,1160.8139197141816,1129.2434451225608,3.00447731993312,7.322268330692401,7.075003417819376,17.242624240209775,2773.9474620457618,1242.9514923488205,31988.873496379514,42650.842393804494,True,1,29
2832,newsecondary2832 26-02-01 15-48-47.fits,2026-02-01 15:48:47,1159.9467337062508,1130.8059791595751,2.9532703511999223,8.450227388345247,6.954420221401168,19.898764839144917,2809.5050674826307,1068.1239331256568,31979.12381698971,42637.89220596348,True,1,29
2833,newsecondary2833 26-02-01 15-49-47.fits,2026-02-01 15:49:47,1158.9844971218838,1128.1563539968754,4.010836144314405,7.104773257242586,9.444797349966207,16.73046248155467,2033.2606526156237,925.58182136847,31897.62317038208,42532.20025181456,True,1,30
2834,newsecondary2834 26-02-01 15-50-47.fits,2026-02-01 15:50:47,1158.580915077739,1130.1031095753526,2.895881827467702,9.17722623160065,6.819280575361802,21.610716287957054,2872.3013223408957,1043.2012079616493,31866.912135040868,42487.59686661431,True,1,26
2835,newsecondary2835 26-02-01 15-51-47.fits,2026-02-01 15:51:47,1157.6549583654307,1132.37216524687,4.37870446434493,6.9620525593907585,10.311061043905948,16.39438092141238,1937.194842977881,1248.6887788352408,31981.56472491973,42641.81418990584,True,1,25
2836,newsecondary2836 26-02-01 15-52-48.fits,2026-02-01 15:52:48,1159.0699688160832,1131.0257197910043,3.985621611871991,7.835755602696913,9.385421663544726,18.451794361194256,2031.3517186043325,1093.2276411611742,32017.34214424722,42689.18341498653,True,1,28
2837,newsecondary2837 26-02-01 15-53-48.fits,2026-02-01 15:53:48,1159.622981383456,1132.6361103344425,3.513099381778575,7.020225275269725,8.272716844398024,16.531367198838062,2330.2358718421674,1279.4352365489194,31934.99531755761,42578.96793011109,True,1,27
2838,newsecondary2838 26-02-01 15-54-48.fits,2026-02-01 15:54:48,1158.0041118125414,1132.5210864062087,2.81655435111646,7.226807180216885,6.632478643928178,17.017830409548313,2909.6953845000235,1215.4285988897986,31922.384795990754,42562.42109518274,True,1,28
2839,newsecondary2839 26-02-01 15-55-48.fits,2026-02-01 15:55:48,1159.7830848958276,1131.887257323563,2.8885991720127895,6.945936404343167,6.80213123231552,16.356430276457488,2909.31896990765,1213.6795299697067,31980.359049384093,42640.44484071369,True,1,28
2840,newsecondary2840 26-02-01 15-56-48.fits,2026-02-01 15:56:48,1160.1620838534418,1131.3776872132973,3.7329072502660794,6.623531083176002,8.790324819167926,15.597223763548405,2194.3501637826876,1420.1765295239954,31963.70580310777,42616.70740333098,True,1,19
2841,newsecondary2841 26-02-01 15-57-48.fits,2026-02-01 15:57:48,1161.4655202167423,1130.1124239049007,3.5055733381313154,7.956429548675923,8.25499436595768,18.735959788098615,2315.822980229839,1134.8463228496282,31968.9399967218,42624.078620933135,True,1,30
2842,newsecondary2842 26-02-01 15-58-48.fits,2026-02-01 15:58:48,1160.5775450850708,1127.46641086445,3.542600272810053,8.134483502441048,8.342186133945223,19.155244807521743,2316.219822063777,1050.983694125048,31872.44136173332,42496.14522077789,True,1,27
2843,newsecondary2843 26-02-01 15-59-48.fits,2026-02-01 15:59:48,1161.8381947734629,1130.7038758651715,3.8871149191769545,10.039281297939393,9.153456129016751,23.64070083809201,2201.6429480866927,932.850843475052,31985.015500407335,42645.64662805915,True,1,31
2844,newsecondary2844 26-02-01 16-00-48.fits,2026-02-01 16:00:48,1161.030443040702,1128.6237562729646,3.6950580803885855,9.047703031174546,8.701196835252622,21.3057124592971,2308.445494612263,1034.0578051036891,31967.88304839112,42622.77899522344,True,1,28
2845,newsecondary2845 26-02-01 16-01-48.fits,2026-02-01 16:01:48,1161.2803478858052,1130.753980930488,3.9097260052224043,9.028599728858524,9.206701167676496,21.260727620077045,2168.8269562612422,908.2176590538053,31965.725307690882,42621.32757932894,True,1,30
2846,newsecondary2846 26-02-01 16-02-48.fits,2026-02-01 16:02:48,1160.3849216507097,1128.143471525805,3.750525754831137,8.592480678036775,8.831813226881193,20.233745737182122,2172.314618996634,976.0626314012043,31992.319325787263,42656.11698119453,True,1,29
2847,newsecondary2847 26-02-01 16-03-48.fits,2026-02-01 16:03:48,1160.8135742033535,1132.9714527083936,3.469082323153759,8.552601531605161,8.169064592425006,20.13983752378623,2405.030368385791,1050.1928296665867,32040.044204400245,42719.23547509411,True,1,32
2848,newsecondary2848 26-02-01 16-04-49.fits,2026-02-01 16:04:49,1160.0658736759872,1129.9908599633443,3.0140168245105863,6.233442372028296,7.097467234418057,14.678635047197501,2668.673344108048,1362.8984835414449,32029.35344138214,42705.22161327879,True,1,26
2849,newsecondary2849 26-02-01 16-05-49.fits,2026-02-01 16:05:49,1159.7477908393976,1132.060864311236,4.480277813763212,7.197284605266582,10.550248003157051,16.948310058274412,1884.965987501965,1109.1692140649966,32005.76624029277,42674.950910501386,True,1,30
2850,newsecondary2850 26-02-01 16-06-49.fits,2026-02-01 16:06:49,1160.4088814218433,1134.0015604496464,3.4491912950938093,9.39590080071457,8.122224800833163,22.125655546645014,2334.7499708956007,1008.338651895718,32022.22111276596,42694.46223094285,True,1,33
2851,newsecondary2851 26-02-01 16-07-49.fits,2026-02-01 16:07:49,1159.8098471448147,1130.899934561317,3.120838935646743,7.25075670037057,7.349014082974004,17.074227219675084,2616.081723561362,1149.6636187303734,32008.023904327547,42677.14399121396,True,1,32
2852,newsecondary2852 26-02-01 16-08-49.fits,2026-02-01 16:08:49,1159.4025965752364,1131.586109551705,3.8599951807096815,8.809256590015934,9.08959402525802,20.74421399999051,2123.6798214324567,854.47101034875,31992.123912319134,42657.029306045915,True,1,29
2853,newsecondary2853 26-02-01 16-09-49.fits,2026-02-01 16:09:49,1159.1119861061657,1132.4935330428407,3.4138735753982203,7.834187985878166,8.039057926549205,18.448102905686543,2414.1208521025833,1110.481239794407,32021.33549945644,42694.523168109336,True,1,29
2854,newsecondary2854 26-02-01 16-10-48.fits,2026-02-01 16:10:48,1157.5073351515698,1130.7282279824383,2.7067214957735204,9.108247991753986,6.37384203456364,21.448284946095175,3020.646236753749,950.84956319672,32039.925419232983,42719.27580305118,True,1,29
2855,newsecondary2855 26-02-01 16-11-48.fits,2026-02-01 16:11:48,1156.9141316946034,1133.9367059697036,3.823239712069822,7.503644004904695,9.003041510940372,17.669731313525887,2170.796656748576,1149.0167870698854,32007.431056623926,42676.15911519194,True,1,27
2856,newsecondary2856 26-02-01 16-12-48.fits,2026-02-01 16:12:48,1158.431410091557,1131.3228771034233,3.750284163379417,5.433713578268254,8.831244322487974,12.79541765306293,2255.300487585951,1520.1360171979507,32026.774264531865,42702.6210345643,True,1,27
2857,newsecondary2857 26-02-01 16-13-48.fits,2026-02-01 16:13:48,1157.0739808775509,1129.732167090159,2.980504190637698,7.9124067972185905,7.018551012412397,18.63229413052947,2697.279600207256,1156.6593111152854,31989.92769318761,42651.802181411986,True,1,29
2858,newsecondary2858 26-02-01 16-14-48.fits,2026-02-01 16:14:48,1158.326306339994,1130.6498738919356,3.7063461247759797,8.024344173089304,8.727778148445257,18.89588650701799,2285.356713264057,1161.096773367591,31970.318691695527,42625.999816699055,True,1,28
2859,newsecondary2859 26-02-01 16-15-48.fits,2026-02-01 16:15:48,1159.1675357524734,1130.5898936567364,3.7777399404383902,7.8124562212292075,8.895897736658346,18.39692851067728,2117.840609250412,1108.4357055631258,32042.537554715018,42722.53373876976,True,1,31
2860,newsecondary2860 26-02-01 16-16-48.fits,2026-02-01 16:16:48,1159.4525138936883,1130.8898557283703,3.110385879121766,7.181079452652316,7.324399015937146,16.91014984006555,2624.4269604730366,1133.9713866805212,32050.216219954673,42733.64721108646,True,1,29
2861,newsecondary2861 26-02-01 16-17-48.fits,2026-02-01 16:17:48,1158.6742289633776,1130.746790911913,3.2667699960996193,9.575634372473743,7.69265546932106,22.548895764188526,2458.6099867962844,937.7903972013454,32017.05496923414,42688.18396787806,True,1,29
2862,newsecondary2862 26-02-01 16-18-48.fits,2026-02-01 16:18:48,1160.0526276862183,1129.0680806854327,3.3222150906721044,8.492897145631265,7.823218689418984,19.999244438918634,2515.1970697059733,964.2453353948418,31953.742110267234,42605.20454110453,True,1,29
2863,newsecondary2863 26-02-01 16-19-48.fits,2026-02-01 16:19:48,1158.7800374544731,1131.7506010548523,3.5205306186363,7.930972437088804,8.290216069909969,18.676012871444676,2408.3992784922325,1072.8681072198615,32033.290776000224,42711.01562871602,True,1,28
2864,newsecondary2864 26-02-01 16-20-49.fits,2026-02-01 16:20:49,1159.4913600302116,1128.8431797171183,3.790957460068116,7.0462500716378385,8.927022616828015,16.592650910993544,2242.9431599995555,1131.3350855116278,32005.522910938238,42674.715528158136,True,1,30
2865,newsecondary2865 26-02-01 16-21-49.fits,2026-02-01 16:21:49,1162.4226414767577,1129.9062321750375,3.633936207784414,8.371934648030134,8.557265824454491,19.714399524870483,2270.5289667112665,1064.7870074123948,31942.43746791236,42589.061262991956,True,1,22
2866,newsecondary2866 26-02-01 16-22-49.fits,2026-02-01 16:22:49,1159.8285191002774,1130.445540743501,3.077280655549506,6.928518002185364,7.246442171873957,16.315413073903883,2731.0431460017217,1297.55870945817,31992.33133840122,42655.68622095439,True,1,28
2867,newsecondary2867 26-02-01 16-23-49.fits,2026-02-01 16:23:49,1157.9603776598628,1131.34214719852,3.39789452622044,7.101739875685336,8.001430141244834,16.723319413859432,2394.2039182448466,1175.8945358111218,32016.871892877196,42688.884467607975,True,1,29
2868,newsecondary2868 26-02-01 16-24-48.fits,2026-02-01 16:24:48,1160.1914082780938,1131.5035963467856,3.61753492589939,6.958473425050167,8.518643757107434,16.385952704123298,2289.45636610548,1223.840996439797,32010.331262521322,42680.14011858595,True,1,29
2869,newsecondary2869 26-02-01 16-25-48.fits,2026-02-01 16:25:48,1159.660327266044,1128.6443623443936,3.713150022892937,7.600825433987813,8.743800104115417,17.898576090735567,2165.915002453426,1224.8799334775656,31980.8374902071,42639.482018235314,True,1,29
2870,newsecondary2870 26-02-01 16-26-48.fits,2026-02-01 16:26:48,1159.2508999103034,1127.191699765043,3.135891736115402,7.304351749691259,7.384460719251453,17.200433916129864,2640.759320083485,1200.6610692766055,32018.27518211208,42690.40315973037,True,1,31
2871,newsecondary2871 26-02-01 16-27-48.fits,2026-02-01 16:27:48,1160.3465508429506,1128.1558982884242,3.85247934342148,7.636049276865603,9.071895580956571,17.98152190200721,2103.700551578214,1170.641251147928,31986.473427503726,42647.55507383439,True,1,29
2872,newsecondary2872 26-02-01 16-28-48.fits,2026-02-01 16:28:48,1160.9929630506517,1129.6425713377057,3.596737804506026,8.80466805650081,8.469670278771398,20.7334088292918,2334.7885936411544,984.4198285717388,32004.337686053936,42672.10227615517,True,1,28
2873,newsecondary2873 26-02-01 16-29-48.fits,2026-02-01 16:29:48,1160.997905024265,1129.7287888768674,4.345689814896299,6.580079329572234,10.23331748560464,15.494902703170506,1940.8921632943177,1237.0994122520492,32025.27075827586,42700.74049059407,True,1,29
2874,newsecondary2874 26-02-01 16-30-48.fits,2026-02-01 16:30:48,1158.504579792987,1130.3515258748723,3.302193088817863,8.86236502118993,7.77607047811097,20.869274798279182,2532.829539992953,981.4870278439056,31979.646154058984,42639.09701872627,True,1,30
2875,newsecondary2875 26-02-01 16-31-49.fits,2026-02-01 16:31:49,1161.3110132370991,1131.7787834797691,3.6056024518690637,5.7113836976631935,8.49054492807401,13.449280816120272,2299.9262611468826,1428.7029039287784,32046.65759445275,42729.04796190116,True,1,5
2876,newsecondary2876 26-02-01 16-32-49.fits,2026-02-01 16:32:49,1159.5907715301557,1130.4496259435537,3.3566059862320614,8.28688848803689,7.904203059650137,19.514131122565484,2419.53405770907,971.037220662088,32036.76065305596,42715.776990831066,True,1,30
2877,newsecondary2877 26-02-01 16-33-49.fits,2026-02-01 16:33:49,1159.2988558420038,1130.6998815429881,3.0120688345855826,7.768179057079509,7.09288006869514,18.292663757000447,2711.868791267325,1079.427498986618,32045.786272897076,42727.43541946137,True,1,29
2878,newsecondary2878 26-02-01 16-34-49.fits,2026-02-01 16:34:49,1158.079997688638,1129.3465342804082,4.019919267495938,6.343934502368298,9.466186470505566,14.93882413054031,2094.9735863725364,1317.3457400890834,32029.062159507077,42705.499340907314,True,1,30
2879,newsecondary2879 26-02-01 16-35-49.fits,2026-02-01 16:35:49,1158.2505620156003,1132.1402657610265,3.7710726652120057,7.347655655273634,8.880197503309518,17.302406821023368,2173.781901251231,1163.047384050928,32056.63539391053,42741.73157288772,True,1,32
2880,newsecondary2880 26-02-01 16-36-49.fits,2026-02-01 16:36:49,1158.739679576628,1133.695529492278,3.4968266212289842,6.300880628332608,8.23439742166786,14.83744000494483,2371.1860277069877,1322.2491964742999,32020.844126064192,42694.407634582436,True,1,2
2881,newsecondary2881 26-02-01 16-37-49.fits,2026-02-01 16:37:49,1159.3440757893693,1130.694607900157,3.469706216454844,8.220037036162145,8.17053374887636,19.356707983651415,2399.3558188011666,1067.7008683076178,32061.126994487004,42747.5871784572,True,1,31
2882,newsecondary2882 26-02-01 16-38-48.fits,2026-02-01 16:38:48,1158.4479795315776,1129.3663458476035,3.629067690498287,8.71244764654781,8.545801342359539,20.516246359373504,2240.8339107556167,990.0757332435026,32050.092883137775,42732.820404884464,True,1,31
2883,newsecondary2883 26-02-01 16-39-48.fits,2026-02-01 16:39:48,1161.0213158731533,1131.9308114125474,4.230918451056811,7.716297280890475,9.963051577439876,18.1704915104587,1916.8697251588687,1095.8196964194835,32035.89542637114,42714.08167547936,True,1,30
2884,newsecondary2884 26-02-01 16-40-48.fits,2026-02-01 16:40:48,1159.4452654804943,1130.8857711227115,3.375253916185729,8.368847332558385,7.948115578903367,19.707129452512277,2462.8324930910194,1000.3447169734113,32044.828390700983,42726.361717738524,True,1,30
2885,newsecondary2885 26-02-01 16-41-48.fits,2026-02-01 16:41:48,1157.8170778196268,1128.8402285815355,3.5586492549100033,8.224302183722378,8.379978598696528,19.366751638621263,2363.723866508089,1060.4655406426696,32052.240001827977,42735.920379756484,True,1,31
2886,newsecondary2886 26-02-01 16-42-48.fits,2026-02-01 16:42:48,1158.8891720443314,1130.0876663279864,3.3005034745784387,7.151535411599085,7.772091740631604,16.840578939982183,2421.2206752521606,1222.5093137978329,32041.833300033293,42721.47531043249,True,1,30
2887,newsecondary2887 26-02-01 16-43-48.fits,2026-02-01 16:43:48,1160.281502319749,1128.694072613152,3.5272827957131074,9.312471978377264,8.306116231838033,21.929195683471804,2195.3580174232575,930.0749809481892,32016.45777451284,42687.42713343818,True,1,30
2888,newsecondary2888 26-02-01 16-44-48.fits,2026-02-01 16:44:48,1158.889796665534,1132.9718141077135,3.8014213207947094,8.600065661736375,8.951663125815408,20.251607008839173,2125.097447785642,926.5136993497998,32005.729736617068,42674.4485538132,True,1,32
2889,newsecondary2889 26-02-01 16-45-48.fits,2026-02-01 16:45:48,1158.4491197670545,1130.2533215085684,4.56480174789064,7.9907737897303255,10.749286657525193,18.816834295364895,1811.724132363984,1082.3725530558152,32032.85330994675,42709.98260615397,True,1,29
2890,newsecondary2890 26-02-01 16-46-48.fits,2026-02-01 16:46:48,1158.9746469124811,1132.7797668756311,3.4193097047519845,7.792767248261531,8.05185903291883,18.350564522466925,2363.8061105914658,1107.3709904331074,32036.249214298106,42714.29377077716,True,1,26
2891,newsecondary2891 26-02-01 16-47-49.fits,2026-02-01 16:47:49,1159.6793266642321,1130.7375173738794,3.2973210411138636,7.7071601546343,7.764597682517245,18.148975222396682,2493.30930631438,1138.0332194670332,32053.244368927873,42736.95028425373,True,1,29
2892,newsecondary2892 26-02-01 16-48-49.fits,2026-02-01 16:48:49,1159.4775226827207,1132.7979992328799,3.231665515490479,8.270865900983068,7.609990734712256,19.47640081339789,2565.6964429173363,1054.3693215869894,32051.964645067867,42735.399603708596,True,1,31
2893,newsecondary2893 26-02-01 16-49-49.fits,2026-02-01 16:49:49,1158.7330400195613,1128.8907331655305,3.264435838404505,8.025614105284172,7.687158947992342,18.898876968806295,2439.3511274629004,1032.1575170888038,32030.676487354598,42707.15527186887,True,1,30
2894,newsecondary2894 26-02-01 16-50-48.fits,2026-02-01 16:50:48,1158.2245167012372,1129.6052888170952,3.4907838389734773,7.486344263611444,8.220167756884834,17.628993535954688,2368.434911804621,1254.7451942788848,31964.29165263936,42617.60396161467,True,1,26
2895,newsecondary2895 26-02-01 16-51-48.fits,2026-02-01 16:51:48,1158.347946712689,1131.193285936725,3.2665730017532417,8.095410205163724,7.692191583085452,19.063234223867646,2534.926454148992,1076.4929441836043,32052.791978638645,42736.49619696231,True,1,30
2896,newsecondary2896 26-02-01 16-52-48.fits,2026-02-01 16:52:48,1158.8104428174868,1129.906987020778,3.579937214636054,8.222099415427927,8.430107912977244,19.361564515686933,2258.2030171755146,1124.0091297660804,32017.765375379237,42688.86134579791,True,1,28
2897,newsecondary2897 26-02-01 16-53-48.fits,2026-02-01 16:53:48,1158.324939119156,1128.8369265687709,3.7028952184193753,6.088549649772408,8.7196518849832,14.337438760450233,2266.0730651705867,1395.7711301861711,32051.356791706807,42735.00417534983,True,1,17
2898,newsecondary2898 26-02-01 16-54-48.fits,2026-02-01 16:54:48,1159.4510314078334,1129.5665645949935,3.0873396738548,7.705280480049221,7.2701293498125965,18.1445489270056,2589.9584335029926,1056.8484295856085,32027.866819523515,42703.63258217668,True,1,28
2899,newsecondary2899 26-02-01 16-55-48.fits,2026-02-01 16:55:48,1160.9211171385607,1130.605819093036,3.5170846872292447,8.117146204852327,8.282101521558833,19.114418591633157,2397.4988312673286,1029.782780976898,31978.009873824187,42637.44102430062,True,1,27
2900,newsecondary2900 26-02-01 16-56-48.fits,2026-02-01 16:56:48,1158.5658757937415,1129.2536800231833,3.4963247993854014,8.462667247471117,8.233215721531556,19.928058468771876,2413.004027455636,1027.8305107573697,32053.926491142032,42738.231418218544,True,1,28
2901,newsecondary2901 26-02-01 16-57-48.fits,2026-02-01 16:57:48,1158.487486032634,1131.4373156952806,3.772786203958463,9.411682697844434,8.884232578697612,22.162819074355035,2170.3676995877986,897.7820456352521,32046.91083803547,42728.87751749668,True,1,29
2902,newsecondary2902 26-02-01 16-58-48.fits,2026-02-01 16:58:48,1158.3256887671248,1129.9394139554788,2.9215485989692773,8.367452995403957,6.879721203384941,19.703846039431497,2709.9445717394437,1049.1929082658835,32027.554951956467,42702.29533380427,True,1,27
2903,newsecondary2903 26-02-01 16-59-48.fits,2026-02-01 16:59:48,1160.2483710527513,1130.574691761231,3.2725859110285156,7.105953038062428,7.706350902375819,16.733240653077978,2492.78351573246,1231.125484332949,32043.6494239977,42724.104533950325,True,1,27
2904,newsecondary2904 26-02-01 17-00-48.fits,2026-02-01 17:00:48,1158.8742180149263,1131.0289695637039,3.484072555316967,7.657005034280912,8.204363891602595,18.030868939627585,2385.470967991615,1120.6724074381475,31988.426321975774,42650.88715897246,True,1,28
2905,newsecondary2905 26-02-01 17-01-49.fits,2026-02-01 17:01:49,1159.084903082777,1132.7444291467295,3.886288876200118,9.496400948373797,9.15151094645684,22.362315308881534,2081.027774312745,930.8034937695079,32013.18430025106,42683.27633887562,True,1,28
2906,newsecondary2906 26-02-01 17-02-49.fits,2026-02-01 17:02:49,1158.11865373615,1130.1562570831645,2.8830893209311252,9.135438686920905,6.789156524543282,21.51231414011256,2746.086985637926,919.2594645656857,32026.500188025544,42701.38052494032,True,1,30
2907,newsecondary2907 26-02-01 17-03-49.fits,2026-02-01 17:03:49,1160.1792517557383,1129.4928694462394,3.807210907931942,7.298159545412542,8.965296561658617,17.185852389371416,2190.1131903467945,1194.130630138026,32052.900530437106,42736.71494094918,True,1,31
2908,newsecondary2908 26-02-01 17-04-49.fits,2026-02-01 17:04:49,1157.6367069298892,1129.7137298554042,3.3159796074343446,6.903356701802125,7.808535248500253,16.256162739402388,2452.663441142491,1275.5951213981045,32043.480184207983,42723.77258833328,True,1,24
2909,newsecondary2909 26-02-01 17-05-48.fits,2026-02-01 17:05:48,1157.5112878819969,1130.7708229048162,3.334566483699407,6.875735267818837,7.852303997303732,16.19111923298604,2496.3750233065775,1161.165652025552,32015.681714060996,42688.01461499615,True,1,31
2910,newsecondary2910 26-02-01 17-06-48.fits,2026-02-01 17:06:48,1160.9567785502843,1129.610482206811,3.3460504507791713,7.9526832635348885,7.879346673179636,18.727137960754103,2475.5766652935667,1082.6080324409024,32040.270672946495,42719.94024479748,True,1,31
2911,newsecondary2911 26-02-01 17-07-48.fits,2026-02-01 17:07:48,1159.597933130075,1131.9361516190265,3.617330881504152,6.189588609149523,8.518163269275451,14.575367327320532,2287.0384772540447,1318.0520546631767,32029.85483301251,42706.62110352279,True,1,26
2912,newsecondary2912 26-02-01 17-08-48.fits,2026-02-01 17:08:48,1158.0584529777361,1131.0292458243323,3.091342693727228,9.374412426421237,7.279555741248847,22.075054292123948,2661.5968924153644,884.050438963429,32018.226347566368,42690.89168454968,True,1,31
2913,newsecondary2913 26-02-01 17-09-48.fits,2026-02-01 17:09:48,1158.757797823924,1129.0655076713383,3.368010342705378,7.766582528972769,7.931058266874181,18.288904220612242,2472.579311593186,1102.2111272161612,32050.3219985184,42733.46256426735,True,1,28
2914,newsecondary2914 26-02-01 17-10-48.fits,2026-02-01 17:10:48,1157.2253970580778,1130.2695400792763,3.2868161501619384,8.187568174991101,7.739860554732787,19.280249658526515,2546.663413248443,1001.349522168548,32026.189615164814,42701.807671583796,True,1,27
2915,newsecondary2915 26-02-01 17-11-48.fits,2026-02-01 17:11:48,1158.375888903259,1129.8018726078199,3.716766648258825,6.93027569803821,8.752316606022378,16.319552131331232,2236.758900252646,1179.6228605093809,32034.38623401307,42712.69343311437,True,1,30
2916,newsecondary2916 26-02-01 17-12-48.fits,2026-02-01 17:12:48,1156.8831890761523,1128.11992947675,4.0947214499031706,8.741170693807438,9.642332149050178,20.583883966814845,1949.6951948877816,951.7937957432542,32006.606649923164,42675.04185890254,True,1,31
2917,newsecondary2917 26-02-01 17-13-48.fits,2026-02-01 17:13:48,1157.5976582612127,1129.5361983126822,3.536904024253724,8.518558656742982,8.328772493663301,20.059672679670292,2399.0760531385336,1062.620163169285,32037.81886678839,42716.36112158245,True,1,29
2918,newsecondary2918 26-02-01 17-14-48.fits,2026-02-01 17:14:48,1158.0822142715695,1129.164478490151,3.2645241808523386,7.143672414902649,7.687366978559327,16.822062997747405,2550.808075696402,1264.6097820458554,32034.806662262577,42712.16421059312,True,1,26
2919,newsecondary2919 26-02-01 17-15-49.fits,2026-02-01 17:15:49,1159.720498129738,1128.612485285876,3.276793748105303,6.941039601582254,7.716259601470463,16.344899187159527,2555.9651320161465,1258.3773785085573,32023.47841795021,42697.50822404233,True,1,28
2920,newsecondary2920 26-02-01 17-16-49.fits,2026-02-01 17:16:49,1158.9837999611277,1130.184904593682,3.7261484674863112,7.652778757175089,8.774409101998119,18.020916817582936,2254.789069825942,1169.8471207202883,32042.886618158762,42723.13848086991,True,1,31
2921,newsecondary2921 26-02-01 17-17-49.fits,2026-02-01 17:17:49,1159.0462677073351,1129.534803209595,3.971111996403588,8.086920681956572,9.351254130194041,19.04324292444669,2097.091739436371,1099.7990687548213,32018.95962026829,42691.21608976539,True,1,30
2922,newsecondary2922 26-02-01 17-18-49.fits,2026-02-01 17:18:49,1158.0910875144725,1125.9797638718471,3.597283595617984,7.601109134159137,8.470955518622237,17.89924415358578,2314.4865520450485,1160.8095732936724,32049.932543445262,42732.60180818538,True,1,31
2923,newsecondary2923 26-02-01 17-19-48.fits,2026-02-01 17:19:48,1159.1248430766195,1128.9801358231123,3.6157113992010044,5.925674410411472,8.514349679885425,13.953896881963885,2248.494301293913,1373.5614430546798,32024.28215530682,42699.030790068326,True,1,30
2924,newsecondary2924 26-02-01 17-20-48.fits,2026-02-01 17:20:48,1160.9404861891383,1128.5170551429544,3.0564538624159017,8.594567450993488,7.197398821929233,20.238659711970016,2632.664011123219,1046.465002301809,32013.760464739305,42683.79249008646,True,1,29
2925,newsecondary2925 26-02-01 17-21-48.fits,2026-02-01 17:21:48,1159.0721107702996,1129.9835593818514,3.5203953551698657,4.822969754736622,8.289897548787849,11.3572258550318,2321.3104098154117,1625.4064788988592,31990.47801243748,42654.3996004402,True,1,1
2926,newsecondary2926 26-02-01 17-22-48.fits,2026-02-01 17:22:48,1158.571997607653,1131.4153896506282,3.198727660607793,6.582092170943999,7.532428013794186,15.499642582380206,2446.69554776538,1193.628421928943,32031.554916361227,42708.700871262125,True,1,16
2927,newsecondary2927 26-02-01 17-23-48.fits,2026-02-01 17:23:48,1160.1067915533056,1128.6214088136421,3.8047090087753097,6.918353970193446,8.959405039373934,16.291478607630978,2169.8048774519293,1162.0541165487195,32015.511801693454,42687.6275502122,True,1,29
2928,newsecondary2928 26-02-01 17-24-48.fits,2026-02-01 17:24:48,1157.809163686562,1132.4308480918123,3.6211646111026266,7.702343952098353,8.527191012581167,18.137633932124103,2221.838840407274,1055.356343439891,32032.678071299943,42710.13031208576,True,1,30
2929,newsecondary2929 26-02-01 17-25-48.fits,2026-02-01 17:25:48,1159.7339598720391,1130.9524821278192,3.351103132103289,7.991321045631007,7.891244828442822,18.81812298452958,2512.064982169652,1131.3153937389204,32012.85753466728,42683.00736333155,True,1,29
2930,newsecondary2930 26-02-01 17-26-48.fits,2026-02-01 17:26:48,1159.170341852258,1130.3157185129685,3.4755691549166494,7.936240643993714,8.184339913889003,18.688418550665727,2367.5990966803665,1053.4214804012825,32026.559248292586,42701.909501149195,True,1,29
2931,newsecondary2931 26-02-01 17-27-48.fits,2026-02-01 17:27:48,1157.9033502470215,1129.6306999986061,3.0827815018414397,8.15237390366468,7.259395674986837,19.197373482936797,2679.9490734145797,1093.4645289694406,32029.50231312825,42705.161565794166,True,1,30
2932,newsecondary2932 26-02-01 17-28-48.fits,2026-02-01 17:28:48,1156.376993862285,1132.0610843743852,3.1220198006578697,9.422416419807934,7.35179480757268,22.188095057992477,2638.580973647726,759.439168355391,31990.94488546348,42655.98826596722,True,1,30
2933,newsecondary2933 26-02-01 17-29-48.fits,2026-02-01 17:29:48,1158.607264532087,1130.01974323843,4.872047322611311,9.178349885252981,11.472794695624485,21.613362290101232,1783.7854898985204,904.80248761321,32003.04810085245,42671.22863693114,True,1,29
2934,newsecondary2934 26-02-01 17-30-49.fits,2026-02-01 17:30:49,1157.2138405026844,1132.5768627826203,2.955666777966301,8.798801314939697,6.960063375187086,20.71959370866467,2828.0254365085416,987.1337539658346,32001.68242444459,42668.488397610374,True,1,31
2935,newsecondary2935 26-02-01 17-31-49.fits,2026-02-01 17:31:49,1158.9859867644461,1130.0438918777659,2.8968345113182083,9.917899236593547,6.821523974389551,23.354867926927632,2790.1012151693717,966.0002972868596,32001.323793788186,42666.499877836235,True,1,28
2936,newsecondary2936 26-02-01 17-32-48.fits,2026-02-01 17:32:48,1158.380499873703,1129.318566956431,3.4128136951498274,8.326041557296278,8.036562099294956,19.606329554881977,2464.4491353392646,1046.1306293681148,32005.77410768879,42673.97939763302,True,1,30
2937,newsecondary2937 26-02-01 17-33-48.fits,2026-02-01 17:33:48,1157.838556154875,1130.1104741062945,3.3521573007343677,7.222631014821218,7.89372720586613,17.00799629156323,2448.092523695116,1202.756174981561,32027.781106372746,42703.088353702995,True,1,31
2938,newsecondary2938 26-02-01 17-34-48.fits,2026-02-01 17:34:48,1159.2444070501099,1129.423795137652,3.379713667282249,8.604965421622275,7.958617490181301,20.263145061634326,2371.1559723304163,923.3493219312259,32045.900583152317,42727.95569095322,True,1,29
2939,newsecondary2939 26-02-01 17-35-48.fits,2026-02-01 17:35:48,1158.0011925969156,1130.233101009177,3.0106373976697616,10.401559210578103,7.089509292352568,24.493800128645614,2675.339335488581,864.3833001558061,32033.328094544006,42709.89664111147,True,1,29
2940,newsecondary2940 26-02-01 17-36-48.fits,2026-02-01 17:36:48,1159.1006042146432,1130.7542898331396,3.150266649057749,9.343982085348292,7.418311052393666,22.00339631498825,2554.049403769045,931.0999965926301,32024.47331314769,42698.454155563806,True,1,29
2941,newsecondary2941 26-02-01 17-37-48.fits,2026-02-01 17:37:48,1156.7428558787328,1127.5368348442103,3.2966848087223037,9.93346076246253,7.763099469728302,23.391512519975183,2484.5059300797107,868.1544842124874,32026.72690117424,42701.74402920581,True,1,29
2942,newsecondary2942 26-02-01 17-38-49.fits,2026-02-01 17:38:49,1158.2643240572843,1130.9029343199231,3.2825449320981845,7.507634281842431,7.729802604819562,17.67912769764409,2568.685583056443,1174.2084946869777,32032.184238781592,42709.08423267413,True,1,28
2943,newsecondary2943 26-02-01 17-39-49.fits,2026-02-01 17:39:49,1159.9681305117813,1128.6125239845721,3.7587996569994,7.318657121528709,8.851296777557645,17.234120492484312,2185.0445842324148,1129.6731089159778,32027.200501130683,42702.863669793915,True,1,30
2944,newsecondary2944 26-02-01 17-40-49.fits,2026-02-01 17:40:49,1160.4807206781843,1127.6773982235009,3.0455122086754107,8.421236296065622,7.171633196375336,19.830496033917512,2671.6592324322114,1044.975129528141,32006.10518578195,42673.95149947587,True,1,28
2945,newsecondary2945 26-02-01 17-41-49.fits,2026-02-01 17:41:49,1157.0633765511857,1127.6349777694095,3.462400442107275,8.629311388208416,8.153329964998232,20.320475431767026,2372.305819281907,1020.7430193890227,32035.519627468057,42713.259692716245,True,1,30
2946,newsecondary2946 26-02-01 17-42-49.fits,2026-02-01 17:42:49,1161.463470254216,1128.4304707495078,3.5059625175594156,9.072626294588272,8.255910813476083,21.364402259571328,2357.575065553656,999.4455776400948,32045.204972599862,42725.9058162506,True,1,29
2947,newsecondary2947 26-02-01 17-43-48.fits,2026-02-01 17:43:48,1159.537051789164,1129.128677120375,3.331965235191808,8.68363638227821,7.846178525175931,20.448401016748765,2443.017793401043,912.214817728546,31950.996110960547,42601.610154462935,True,1,29
2948,newsecondary2948 26-02-01 17-44-48.fits,2026-02-01 17:44:48,1159.973042048597,1128.7161382067204,4.331153976316687,7.319850338992904,10.199088201546035,17.23693030488708,1939.5955385147627,1122.4852091672356,32038.685802706314,42718.48532914474,True,1,28
2949,newsecondary2949 26-02-01 17-45-48.fits,2026-02-01 17:45:48,1159.806104254026,1129.0736022264407,3.430418834264679,6.902717295013087,8.078019033778169,16.25465705147863,2389.2793899620956,1271.510843517827,32027.41014683376,42702.46482743699,True,1,29
2950,newsecondary2950 26-02-01 17-46-48.fits,2026-02-01 17:46:48,1157.8645579481283,1129.3799401165122,3.022164658219373,8.214368898739274,7.116653916559087,19.343360540030044,2685.753457267533,968.5071291147224,32023.589207848487,42698.326687419365,True,1,29
2951,newsecondary2951 26-02-01 17-47-48.fits,2026-02-01 17:47:48,1159.0903419059896,1129.1683838714391,3.067251320877849,8.367077745089572,7.222824893550815,19.70296239246928,2710.5870896137244,1021.9651682623144,32019.844430017216,42692.82055936463,True,1,30
2952,newsecondary2952 26-02-01 17-48-48.fits,2026-02-01 17:48:48,1159.6081289359697,1131.4206883769484,4.333380082487937,6.038773994802085,10.204330280980464,14.220226050371572,1945.9798179083764,1286.371552861615,32043.39484199289,42725.383355492486,True,1,2
2953,newsecondary2953 26-02-01 17-49-48.fits,2026-02-01 17:49:48,1158.875087403694,1129.7357071440217,3.514932410167703,7.893914473682707,8.277033296391853,18.588748036387976,2348.2637105681297,1034.6629785605164,32035.359305451784,42713.923873751366,True,1,30
2954,newsecondary2954 26-02-01 17-50-48.fits,2026-02-01 17:50:48,1159.2487113204813,1129.355720650187,3.192212787622485,7.166889169947266,7.517086660297553,16.876734277907044,2611.1856204432293,1281.4360240200058,32040.213387329768,42719.19051004509,True,1,27
2955,newsecondary2955 26-02-01 17-51-48.fits,2026-02-01 17:51:48,1159.443480924847,1128.9573851764135,3.1261929150777545,9.547592960097806,7.3616217410588325,22.48286328423469,2553.2321517604432,903.4137530520555,32046.67104673601,42728.06494919198,True,1,30
2956,newsecondary2956 26-02-01 17-52-48.fits,2026-02-01 17:52:48,1158.0124660685262,1128.1963846023984,4.496722424029993,7.780205485168706,10.588972101045986,18.32098383093501,1833.0840711167534,1118.8813193726135,32024.29405415616,42698.46269722124,True,1,29
2957,newsecondary2957 26-02-01 17-53-48.fits,2026-02-01 17:53:48,1159.3944577972659,1128.6110097621079,3.565529958900676,8.607619256698053,8.396181418377688,20.269394365666976,2265.4502613853215,920.9212872336004,32021.566602223484,42695.61631090522,True,1,30
2958,newsecondary2958 26-02-01 17-54-49.fits,2026-02-01 17:54:49,1159.8849149413675,1128.4356591092478,3.6231932190888103,10.428685255113347,8.531968019330543,24.55767708205961,2292.450402208578,907.3859527567333,32021.65276571459,42694.04535561774,True,1,26
2959,newsecondary2959 26-02-01 17-55-49.fits,2026-02-01 17:55:49,1159.561870088618,1131.1608712324892,3.608618233042318,6.741520237638409,8.497646550032217,15.875066989572733,2221.392199937124,1264.6577264182927,32033.484751435466,42710.65596706349,True,1,30
2960,newsecondary2960 26-02-01 17-56-48.fits,2026-02-01 17:56:48,1156.5064565599025,1127.334805963405,3.9270028407541875,8.631262728659726,9.247385006301442,20.32507048737645,2016.846614626125,985.1153349735634,32056.37272261531,42741.07904731572,True,1,27
2961,newsecondary2961 26-02-01 17-57-48.fits,2026-02-01 17:57:48,1158.0095605298386,1129.433726811704,2.934314340838855,8.60213673593899,6.909782228229113,20.256484015886233,2809.3074929243953,1016.4232695642097,32015.69517067059,42686.94882523769,True,1,28
2962,newsecondary2962 26-02-01 17-58-48.fits,2026-02-01 17:58:48,1158.0012419998268,1130.4369799883673,3.4388457970154556,7.712806043077174,8.097863014582426,18.16227027367397,2422.7256445138332,1141.4634027698578,32018.24665415726,42690.38628126715,True,1,30
2963,newsecondary2963 26-02-01 17-59-48.fits,2026-02-01 17:59:48,1158.0359999238672,1128.389232901893,3.1699835084814616,7.556582835688426,7.464740708189682,17.79439273341592,2524.29349839418,1098.03609385823,32032.189443999796,42709.20499010389,True,1,30
2964,newsecondary2964 26-02-01 18-00-48.fits,2026-02-01 18:00:48,1159.4053952408685,1129.4963246781642,2.884907504014296,8.422211085342107,6.7934380185130685,19.832791487245462,2793.8225096259125,1019.0568560120025,32013.422753794264,42683.8895738034,True,1,28
2965,newsecondary2965 26-02-01 18-01-48.fits,2026-02-01 18:01:48,1159.8562819346541,1129.6479557123303,3.478111990802257,7.173681737694004,8.190327834803655,16.892729552594293,2285.314585897882,1171.851372248132,32010.707509439577,42680.35291020407,True,1,18
2966,newsecondary2966 26-02-01 18-02-48.fits,2026-02-01 18:02:48,1161.0374886177012,1127.2350510600365,3.755596528388508,9.7908053963437,8.843753986097903,23.055584804307333,2194.800004082815,896.0387952682752,32011.99244073241,42681.9729921412,True,1,31
2967,newsecondary2967 26-02-01 18-03-48.fits,2026-02-01 18:03:48,1160.3135870796275,1129.1063717253055,3.019499195230084,7.101094595942534,7.110377230882621,16.72179989618643,2694.2847679712195,1216.9729410349937,32018.88449061592,42691.19296271093,True,1,29
2968,newsecondary2968 26-02-01 18-04-48.fits,2026-02-01 18:04:48,1161.562281398801,1127.7772780940468,3.1937620105031637,9.651897304810547,7.520734801391195,22.72848124594807,2500.9347763689657,909.4715516754427,32029.07082606539,42704.40817945077,True,1,30
2969,newsecondary2969 26-02-01 18-05-48.fits,2026-02-01 18:05:48,1160.7419266264176,1128.504120350789,3.1524782264659232,8.773053287490265,7.423518919205573,20.658961737506743,2618.2669497658826,1010.2804929674688,32031.647845734504,42708.0782615363,True,1,29
2970,newsecondary2970 26-02-01 18-06-48.fits,2026-02-01 18:06:48,1161.5125082356828,1129.446992429464,3.1104476593069412,6.932780276841964,7.324544497155582,16.32544996370267,2618.750928847908,1198.3137734746463,31935.175266290044,42580.02459845096,True,1,30
2971,newsecondary2971 26-02-01 18-07-49.fits,2026-02-01 18:07:49,1160.1457185931176,1129.0037685554678,3.966896780101545,7.173434392463394,9.341328054351848,16.89214709908721,2094.1108225770727,1181.460124097146,31910.52667222792,42547.152267333804,True,1,27
2972,newsecondary2972 26-02-01 18-08-49.fits,2026-02-01 18:08:49,1160.0681773094834,1127.2617967704743,3.214864330887831,8.66704906196787,7.5704269684296746,20.409340862388625,2551.232302753012,981.4647599297853,32046.628075401164,42728.444757705714,True,1,30
2973,newsecondary2973 26-02-01 18-09-49.fits,2026-02-01 18:09:49,1158.9610284362088,1127.1649001402252,4.1906625573092136,6.094874578780724,9.868256191912396,14.352332830062412,2026.34322932903,1348.8886663878122,31950.7177518496,42601.30567839434,True,1,24
2974,newsecondary2974 26-02-01 18-10-49.fits,2026-02-01 18:10:49,1159.9378182138566,1128.3009101336133,3.855449289776147,7.270206024150636,9.078889270165208,17.12002687717468,2129.642301580126,1176.0416274197853,32040.627606979186,42720.399262082115,True,1,31
2975,newsecondary2975 26-02-01 18-11-48.fits,2026-02-01 18:11:48,1160.4573795798071,1128.86715509363,3.162587225222836,7.207791074633828,7.4473237921135444,16.973050902942905,2591.0092399088976,1189.8741819658042,32050.167420590536,42733.06391059944,True,1,27
2976,newsecondary2976 26-02-01 18-12-48.fits,2026-02-01 18:12:48,1162.4662856618759,1127.092090810058,3.14320187069054,6.0762304028377105,7.401674770680861,14.30842915082872,2516.3259856808704,1327.1013174942268,32026.16600057393,42701.35551318902,True,1,2
2977,newsecondary2977 26-02-01 18-13-48.fits,2026-02-01 18:13:48,1160.12550927278,1126.7497712404545,4.495490421611403,7.644610280022376,10.586070957055165,18.00168152384635,1921.7005015881127,1156.0689076623662,32046.256663937635,42728.085998282106,True,1,30
2978,newsecondary2978 26-02-01 18-14-48.fits,2026-02-01 18:14:48,1162.3666875138142,1122.9775764831659,3.666844409543493,6.434861405828908,8.634758717602693,15.152940625441946,2253.3534087202643,1296.540608653322,32011.716239083933,42682.18469751319,True,1,29
2979,newsecondary2979 26-02-01 18-15-48.fits,2026-02-01 18:15:48,1160.6476672467427,1127.17476940882,4.215508006153633,6.457367285510735,9.926762752879025,15.205937922047767,1975.4435530346298,1328.4140987741655,32047.494235247537,42729.6692375946,True,1,31
2980,newsecondary2980 26-02-01 18-16-48.fits,2026-02-01 18:16:48,1162.277454309797,1124.17489035873,5.149194159331491,7.718973356926864,12.125425622150082,18.176793187951215,1674.1086448924357,1126.7394514681775,32053.667085671936,42738.12354553892,True,1,29
2981,newsecondary2981 26-02-01 18-17-48.fits,2026-02-01 18:17:48,1162.333001208928,1124.7499559512519,3.537221327717834,7.4878290495140405,8.329519686220944,17.632489939560703,2406.1884192080133,1124.4266089105263,31976.418029630582,42635.34228775328,True,1,28
2982,newsecondary2982 26-02-01 18-18-49.fits,2026-02-01 18:18:49,1162.6388393687876,1125.155547701912,3.1628258166698076,5.438705245200537,7.447885632035446,12.80717213041319,2594.608502353094,1529.6328412347823,31987.89732620573,42650.3841576627,True,1,3
2983,newsecondary2983 26-02-01 18-19-49.fits,2026-02-01 18:19:49,1163.4179479894224,1123.475908720363,4.402830227390665,5.254276079893609,10.36787287432771,12.372874635060109,1868.116675017663,1546.3905749800385,32038.613804406417,42718.280471536746,True,1,1
2984,newsecondary2984 26-02-01 18-20-49.fits,2026-02-01 18:20:49,1161.7691772303003,1125.93432649147,5.235300585174147,6.868539963717398,12.32819075973034,16.174175586657878,1607.7480061852634,1196.8381838034552,32039.339737373135,42719.373037454694,True,1,29
2985,newsecondary2985 26-02-01 18-21-49.fits,2026-02-01 18:21:49,1162.7689945976424,1125.12169863084,3.20709402744504,7.211745294619789,7.552129302126618,16.982362379428306,2544.801973208641,1200.809559113,32046.64288419866,42728.21438674045,True,1,29
2986,newsecondary2986 26-02-01 18-22-48.fits,2026-02-01 18:22:48,1164.012765600246,1123.0872577097223,3.340491028203986,6.322972462030325,7.866255233460793,14.889462297767702,2485.676869236955,1321.9583283333327,32041.970489855426,42722.555982959435,True,1,28
2987,newsecondary2987 26-02-01 18-23-48.fits,2026-02-01 18:23:48,1163.1840755243206,1125.6073592667583,3.6241121667611575,6.7424787339129955,8.53413197572972,15.877324075813219,2278.913731858764,1248.461290256286,32005.220547587316,42673.42278587373,True,1,29
2988,newsecondary2988 26-02-01 18-24-48.fits,2026-02-01 18:24:48,1163.1887402440248,1121.996692248664,4.091562728239574,5.5548877140244075,9.634893927960068,13.080760936880823,2107.6014297766765,1430.6367349877537,31985.87746262999,42648.70872369114,True,1,27
2989,newsecondary2989 26-02-01 18-25-48.fits,2026-02-01 18:25:48,1163.2108331696365,1123.3056933516693,5.058031688666973,7.868248177315729,11.91075440887473,18.52830852722131,1686.6809946021756,1078.7057795161886,32036.948394080355,42715.98761846238,True,1,30
2990,newsecondary2990 26-02-01 18-26-48.fits,2026-02-01 18:26:48,1162.8419912344912,1125.7135033124803,3.727652442165505,9.069475212175465,8.777950691719903,21.35698202754211,2222.5571956323583,924.7402014117234,32018.216351609295,42690.823630821615,True,1,26
2991,newsecondary2991 26-02-01 18-27-48.fits,2026-02-01 18:27:48,1164.8619611446031,1122.781918296145,3.6675535773077637,8.172028709512288,8.636428680069287,19.243657013727937,2283.071870769278,1063.1020506484738,32013.630122886727,42684.43475524526,True,1,29
2992,newsecondary2992 26-02-01 18-28-48.fits,2026-02-01 18:28:48,1166.4710843826012,1121.4303052383311,3.635951589987263,6.778542162787627,8.562011686864158,15.962246961019748,2358.98544151351,1283.7044374104692,32032.718077191643,42710.13025281456,True,1,31
2993,newsecondary2993 26-02-01 18-29-48.fits,2026-02-01 18:29:48,1164.472163581718,1122.9108215410429,5.116830201076068,7.414466327261934,12.049214324513668,17.459733930643406,1670.0544731031782,1174.6583667752104,32002.961379593995,42670.40360537125,True,1,25
2994,newsecondary2994 26-02-01 18-30-48.fits,2026-02-01 18:30:48,1164.305005441164,1122.0464628520883,4.674202601851399,6.3718532347186825,11.006905981375493,15.004567721110847,1733.8963165892071,1342.2333028301684,32044.408496874312,42725.30042564343,True,1,28
2995,newsecondary2995 26-02-01 18-31-48.fits,2026-02-01 18:31:48,1166.5080424082912,1122.3878215132343,3.929810979435206,5.6964363318944455,9.253997667556732,13.414082459587615,2203.370107822457,1531.576398217841,32042.40915771719,42723.12749630826,True,1,24
2996,newsecondary2996 26-02-01 18-32-49.fits,2026-02-01 18:32:49,1167.7989246766388,1123.931147276136,3.841406784595702,7.278059347623881,9.045821697483845,17.138520040709587,2268.7174697690657,1100.8192255689978,31957.069277561928,42610.33247225702,True,1,29
2997,newsecondary2997 26-02-01 18-33-49.fits,2026-02-01 18:33:49,1168.4648372019217,1122.3330223907992,3.6379577944373422,5.7282644045415,8.566735937317635,13.489031843051599,2263.7099271200022,1468.024904600584,31944.167519813444,42591.999060780676,True,1,13
2998,newsecondary2998 26-02-01 18-34-49.fits,2026-02-01 18:34:49,1168.6464863860288,1125.0388710752177,4.421174454862458,7.090494265373749,10.411070228888896,16.6968380252791,1951.2049953609223,1048.046609055244,31907.776341127596,42545.24322161865,True,1,29
2999,newsecondary2999 26-02-01 18-35-49.fits,2026-02-01 18:35:49,1167.6693754154958,1123.0682543931664,3.9629103699408996,8.158006953736493,9.331940775797845,19.210638302160564,2192.5442384630137,1157.025765578093,31929.016692564037,42571.05497680133,True,1,30
3000,newsecondary3000 26-02-01 18-36-48.fits,2026-02-01 18:36:48,1169.7029709656538,1121.7114582192814,3.767713215559289,6.200465464191367,8.872286603927028,14.60098036359996,2257.417693012755,1394.0279710809057,32036.48895382175,42715.14025305986,True,1,28
3001,newsecondary3001 26-02-01 18-37-48.fits,2026-02-01 18:37:48,1170.5006128616283,1126.2413949824343,3.4473469866868487,6.292548113403966,8.117881786427233,14.817818431765343,2445.7655815455814,1366.8941839046713,32012.68580548597,42683.362073038756,True,1,26
3002,newsecondary3002 26-02-01 18-38-48.fits,2026-02-01 18:38:48,1170.269717534483,1125.9683663613484,4.16047158558816,4.512716939583864,9.797161886524696,10.626636306882803,2053.128750217529,1726.8338484771969,31989.34545594774,42653.42673192186,True,1,1
3003,newsecondary3003 26-02-01 18-39-48.fits,2026-02-01 18:39:48,1170.732052546303,1123.2073556311916,5.107633549988921,3.7622757404698977,12.027557866186498,8.859482328592172,1686.1357746871138,2184.081096816834,32039.151430200123,42719.37795595147,True,1,1
3004,newsecondary3004 26-02-01 18-40-48.fits,2026-02-01 18:40:48,1170.0218737566422,1125.0061975085152,4.121204937931817,5.4567673141029,9.704695997522373,12.849705052319203,2028.3565727683977,1593.1417194902033,32018.80455617187,42691.30857435988,True,1,1
3005,newsecondary3005 26-02-01 18-41-48.fits,2026-02-01 18:41:48,1171.2510764601857,1121.3310583501893,3.62589403407399,4.7144220686953595,8.538327952595564,11.101615588100108,2267.683866865914,1740.9812163654535,31988.985164461064,42651.99912361281,True,1,1
3006,newsecondary3006 26-02-01 18-42-49.fits,2026-02-01 18:42:49,1168.5745746284495,1122.268290426579,4.180767294232549,5.4183941713578045,9.844954628068612,12.759343206592218,2041.472605970377,1451.057655209805,32011.43176058389,42682.7761728142,True,1,27
3007,newsecondary3007 26-02-01 18-43-49.fits,2026-02-01 18:43:49,1172.0780298441082,1122.3443047737724,3.51807621686323,7.067420794020266,8.284436395416183,16.64250415242747,2333.8483063352314,1289.8317830890383,32031.768494196163,42707.85757099834,True,1,28
3008,newsecondary3008 26-02-01 18-44-49.fits,2026-02-01 18:44:49,1172.6763765114908,1122.0611253933776,3.630967579949071,5.506018456467845,8.55027524012159,12.965682629600849,2269.8610115457695,1459.4876170810094,32033.51577613483,42711.619763871626,True,1,1
3009,newsecondary3009 26-02-01 18-45-49.fits,2026-02-01 18:45:49,1170.077686515061,1124.2334237688478,4.064467574073103,4.753692362766665,9.571089715805659,11.194090063753478,1983.604593726299,1773.6750459199136,32030.166597029198,42706.4127314102,True,1,1
3010,newsecondary3010 26-02-01 18-46-49.fits,2026-02-01 18:46:49,1168.3507222339251,1123.934534299956,3.988139633605395,5.10414730924942,9.39135115159637,12.019348396611319,2061.524432638514,1690.0026668176135,32020.26828179804,42693.169633713645,True,1,2
3011,newsecondary3011 26-02-01 18-47-48.fits,2026-02-01 18:47:48,1171.5147534053876,1125.9246279562274,3.209416312855272,6.801479528101237,7.557597866360915,16.016260328640435,2510.6463692128787,1228.464763373921,32024.447267651325,42698.87920441949,True,1,29
3012,newsecondary3012 26-02-01 18-48-48.fits,2026-02-01 18:48:48,1171.1110000927915,1122.1588661828532,3.5766707268021483,5.603900166595827,8.422415921949113,13.19617644265213,2417.3458787486993,1531.0761008348773,32001.41457021692,42668.63792971803,True,1,1
3013,newsecondary3013 26-02-01 18-49-48.fits,2026-02-01 18:49:48,1171.1196068359263,1122.710163081006,4.4970046975142175,5.204133219692422,10.58963680430482,12.25479722274317,1939.166488041335,1718.2641356623628,32024.89278414237,42699.57126581808,True,1,2
3014,newsecondary3014 26-02-01 18-50-48.fits,2026-02-01 18:50:48,1170.0445150731907,1125.2842795955926,3.7785756130317214,5.0036246776538,8.897865595232204,11.782635688750691,2194.982856384119,1782.0447116344942,31987.762443656462,42649.54690871267,True,1,1
3015,newsecondary3015 26-02-01 18-51-48.fits,2026-02-01 18:51:48,1172.372409207184,1123.483524341731,4.723853699401378,4.388361326894816,11.12382538114397,10.333801217410526,1890.0331233423883,1973.2038928774125,31964.977708817798,42620.31727147204,True,1,1
3016,newsecondary3016 26-02-01 18-52-48.fits,2026-02-01 18:52:48,1169.9219506975364,1121.4094908341092,4.462885316524937,6.904762289196749,10.509291802027214,16.259472644774288,1965.7292431027295,1195.906757157781,31990.435876102947,42654.579031702466,True,1,27
3017,newsecondary3017 26-02-01 18-53-48.fits,2026-02-01 18:53:48,1170.620553230328,1121.740330167409,4.012511622974576,7.877629266229837,9.448742800700199,18.550399303440468,2092.7852088132577,1088.547192466318,32032.14661565415,42709.29950273136,True,1,28
3018,newsecondary3018 26-02-01 18-54-48.fits,2026-02-01 18:54:48,1173.8191274514463,1122.7875860568647,4.411117171146853,6.465763535737581,10.387387135596827,15.225709580385042,1985.4399134226014,1427.7060289978322,32027.180142453362,42702.29670217977,True,1,1
3019,newsecondary3019 26-02-01 18-55-48.fits,2026-02-01 18:55:48,1172.978723584735,1123.9656190356905,4.730936586931114,5.22380352770893,11.140504306675693,12.301117258352376,1840.7665213266623,1653.6268628048872,32020.114545959408,42693.5767432527,True,1,1
3020,newsecondary3020 26-02-01 18-56-48.fits,2026-02-01 18:56:48,1175.879925100758,1120.176208796925,3.2074398032148865,6.12126128253824,7.552943541840539,14.414468768992906,2542.996147679101,1337.4491571079404,32029.25951726718,42705.64019838992,True,1,29
3021,newsecondary3021 26-02-01 18-57-48.fits,2026-02-01 18:57:48,1172.6893194375891,1122.2562287137578,3.0136690779457878,7.401640409598925,7.096648353836679,17.429531202634635,2814.028657264322,1309.9496744266182,31989.43495783028,42651.013010530965,True,1,29
3022,newsecondary3022 26-02-01 18-58-49.fits,2026-02-01 18:58:49,1172.3241245793815,1124.5843551152345,4.552666992593618,5.14250489519503,10.72071149251022,12.109673608875038,1910.1433582038646,1710.23339232944,32028.23331108952,42704.18389714134,True,1,1
3023,newsecondary3023 26-02-01 18-59-48.fits,2026-02-01 18:59:48,1171.9200425900297,1124.8134572822557,4.381173565796096,5.604972468783509,10.316875333496368,13.198701521338014,1996.281699823663,1588.618594071067,32025.97989475364,42701.10266048288,True,1,1
3024,newsecondary3024 26-02-01 19-00-48.fits,2026-02-01 19:00:48,1175.5052181110893,1123.1597485811053,4.206748275424275,6.028631545203427,9.90613516336846,14.196342406750937,2063.5115737784004,1365.385044248269,32032.745670416552,42710.90685782882,True,1,1
3025,newsecondary3025 26-02-01 19-01-48.fits,2026-02-01 19:01:48,1173.265970682603,1122.998033678445,4.601520524732504,5.940657493722595,10.835752769261434,13.989179346881288,1878.5498900239854,1398.2028941420883,32019.50279291798,42693.10613818791,True,1,24
3026,newsecondary3026 26-02-01 19-02-48.fits,2026-02-01 19:02:48,1173.89119984854,1121.5202464307847,4.442659189766095,6.81191717149078,10.461662913302158,16.040839100517015,1991.312423345713,1293.5472618198612,32027.551911803333,42703.44791801977,True,1,27
3027,newsecondary3027 26-02-01 19-03-48.fits,2026-02-01 19:03:48,1172.7171243614625,1122.5178675551615,3.81160455872946,5.167995602505715,8.97564281862748,12.169699637412256,2234.4383161996266,1694.8454233655489,31990.698132778038,42653.951933580254,True,1,1
3028,newsecondary3028 26-02-01 19-04-48.fits,2026-02-01 19:04:48,1176.5326923986645,1124.005836836092,3.2856456790674313,7.520698365594739,7.737104305937312,17.70989126393399,2566.5172682511275,1190.3812925217865,31993.292222236007,42657.05268193687,True,1,30
3029,newsecondary3029 26-02-01 19-05-48.fits,2026-02-01 19:05:48,1172.6608562155006,1121.9687639733445,4.68427181015652,6.662022283151379,11.030617154929985,15.687863612807718,1887.9367330908208,1331.158720596067,31965.220432131253,42620.26218952119,True,1,24
3030,newsecondary3030 26-02-01 19-06-48.fits,2026-02-01 19:06:48,1176.5918111048506,1123.1027616259553,3.456427773205729,5.838044095648605,8.139265404546538,13.747543260207914,2459.4019173922156,1538.2803226008164,31968.023067879592,42623.41209030661,True,1,7
3031,newsecondary3031 26-02-01 19-07-48.fits,2026-02-01 19:07:48,1173.6026770198898,1121.413216229869,3.8727961855927204,5.334114855184828,9.119738088153138,12.560880583486593,2247.92807838988,1727.4307454395348,32016.411989799235,42687.893590523425,True,1,1
3032,newsecondary3032 26-02-01 19-08-48.fits,2026-02-01 19:08:48,1172.1322360969439,1122.0034777623398,5.091682919246375,5.112853210150053,11.989997001183063,12.039849226562183,1662.005290851449,1538.154606441174,31915.751504225504,42555.1064691086,True,1,1
3033,newsecondary3033 26-02-01 19-09-49.fits,2026-02-01 19:09:49,1173.3714123121588,1121.9987395227076,5.79248482201836,3.8426412578289195,13.640259369426365,9.04872865979848,1508.6578526596586,2250.6051062591378,31945.20481557062,42593.723254525445,True,1,1
3034,newsecondary3034 26-02-01 19-10-49.fits,2026-02-01 19:10:49,1173.1008283852423,1123.1939938483329,4.1243492922445535,5.534284500544639,9.712100386086684,13.032244076786611,2067.7096592680027,1601.1996375898332,32014.62136658375,42685.7317529196,True,1,12
3035,newsecondary3035 26-02-01 19-11-48.fits,2026-02-01 19:11:48,1175.3974410938422,1121.5704845089813,5.1498303048159295,4.016498465405208,12.126923630288395,9.458131097172231,1700.663839070743,2028.0372936738304,32015.185039809046,42687.70318259403,True,1,1
3036,newsecondary3036 26-02-01 19-12-48.fits,2026-02-01 19:12:48,1173.9178208088026,1123.6253824051992,3.993975744426808,5.255329366917122,9.405094142343655,12.375354936456247,2124.110513826978,1659.1601050336046,32023.722860101545,42697.993118881604,True,1,1
3037,newsecondary3037 26-02-01 19-13-48.fits,2026-02-01 19:13:48,1172.563505995847,1121.6267415033703,6.1882329335993145,4.644409874331765,14.57217495536034,10.936749469416112,1386.7015509147118,1751.9048244187072,32009.160509524587,42679.45404237092,True,1,1
3038,newsecondary3038 26-02-01 19-14-48.fits,2026-02-01 19:14:48,1175.178723898019,1121.6410324420506,3.141746849779459,5.8368907560917105,7.3982484582735095,13.744827353100614,2682.627452650093,1396.5484623325567,31951.534257373252,42602.40237520921,True,1,27
3039,newsecondary3039 26-02-01 19-15-48.fits,2026-02-01 19:15:48,1174.977732417531,1120.5072644912402,5.280214349020428,5.485274158161798,12.433954591133348,12.916833540129668,1707.3614871988054,1589.821924126963,32023.692576377358,42698.636663883466,True,1,7
3040,newsecondary3040 26-02-01 19-16-48.fits,2026-02-01 19:16:48,1176.4128450854828,1121.3879193035268,4.682709997908847,7.341805663505684,11.026939368142587,17.288631143144933,1781.3999234122318,1183.6840002316703,32029.894004751925,42706.07585029181,True,1,29
3041,newsecondary3041 26-02-01 19-17-48.fits,2026-02-01 19:17:48,1172.5551018753636,1120.4454399881909,5.401847014183001,5.591972569972404,12.720377629188713,13.16808909903425,1635.8355495014146,1497.7448124795874,32036.570638724585,42716.0221790458,True,1,2
3042,newsecondary3042 26-02-01 19-18-48.fits,2026-02-01 19:18:48,1173.2416245690845,1120.6702309374618,3.8394007468487343,5.695993077185036,9.041097839586197,13.413038674512842,2192.026234455679,1546.8205427484952,32033.584509292446,42710.937192715224,True,1,5
3043,newsecondary3043 26-02-01 19-19-48.fits,2026-02-01 19:19:48,1174.0214323265986,1120.659303718736,3.5083948516220964,4.613211261131535,8.261638522483096,10.863282349675043,2329.1559349571935,1731.2411463288095,32029.99839493373,42706.903091487344,True,1,1
3044,newsecondary3044 26-02-01 19-20-49.fits,2026-02-01 19:20:49,1174.321657138394,1122.9128203736989,4.386550259044293,5.209567689524121,10.329536478533205,12.26759442123697,1993.7817226797645,1646.0986051462435,32017.233977990098,42689.86497129769,True,1,1
3045,newsecondary3045 26-02-01 19-21-49.fits,2026-02-01 19:21:49,1177.2874204740597,1121.091421410133,5.39772028458628,4.59274471084608,12.710659923613933,10.815087306810222,1639.0274582117404,1720.8419129351003,31867.844070285322,42491.67548611779,True,1,1
3046,newsecondary3046 26-02-01 19-22-49.fits,2026-02-01 19:22:49,1175.7320714829698,1121.5064520556605,5.623065497597921,5.039222383966678,13.241307348265513,11.866461881133379,1440.3340854706712,1681.996792349226,32008.05423792755,42676.91971672811,True,1,1
3047,newsecondary3047 26-02-01 19-23-48.fits,2026-02-01 19:23:48,1176.600113243308,1120.5487222339507,3.9715166839399436,5.202529915208414,9.352207096516624,12.251021729205938,2067.073359075168,1639.2924506407146,31975.033196335917,42632.9662041821,True,1,1
3048,newsecondary3048 26-02-01 19-24-48.fits,2026-02-01 19:24:48,1175.1205185262936,1119.4169685852698,4.618187981927992,5.77842429312616,10.875001631565063,13.607149354147275,1845.561356382627,1587.0458083062124,32007.28110841149,42675.53994570004,True,1,1
3049,newsecondary3049 26-02-01 19-25-48.fits,2026-02-01 19:25:48,1176.1245557810853,1120.3271355175725,3.9823244844028283,5.160039911064936,9.37765752168932,12.150965415735428,2139.425764705159,1650.9785986782374,31999.030018833502,42665.37435405201,True,1,1
3050,newsecondary3050 26-02-01 19-26-48.fits,2026-02-01 19:26:48,1177.240942559845,1120.4565044931403,3.58987752886207,5.093005497050299,8.453515564170573,11.993111433906858,2291.569487891601,1577.9957014751838,31987.658695303686,42650.45621312587,True,1,2
3051,newsecondary3051 26-02-01 19-27-48.fits,2026-02-01 19:27:48,1177.8579824317346,1120.0216403138943,3.649145777993984,4.965266683460308,8.593081625260293,11.692309515136674,2217.6200101000577,1626.7011943411446,31981.18762132567,42641.60336944677,True,1,7
3052,newsecondary3052 26-02-01 19-28-48.fits,2026-02-01 19:28:48,1178.1958451918943,1121.7235006121934,4.654955570318565,6.104523668001457,10.961582685714632,14.375054698775687,1862.1928532524894,1468.6412101652347,32022.03375031262,42695.66213351857,True,1,1
3053,newsecondary3053 26-02-01 19-29-48.fits,2026-02-01 19:29:48,1179.0416821803976,1121.471114975333,3.7183849557040634,5.225100338510522,8.756127428833446,12.304171014422577,2243.8737422576714,1691.177466394318,31973.939710830837,42631.283950024364,True,1,1
3054,newsecondary3054 26-02-01 19-30-48.fits,2026-02-01 19:30:48,1177.3643604801168,1121.2917953295796,4.396038332159654,5.915652650993748,10.351879183293976,13.930297442000553,2005.5884923422807,1453.8098638804686,32022.131925592264,42696.45494331288,True,1,13
3055,newsecondary3055 26-02-01 19-31-48.fits,2026-02-01 19:31:48,1175.5586201906892,1121.7418615136198,5.265592411469414,5.91740750842593,12.39952255949103,13.934429815458026,1716.8690835743644,1505.7036293056715,31954.0977029802,42605.631835370914,True,1,1
3056,newsecondary3056 26-02-01 19-32-48.fits,2026-02-01 19:32:48,1178.8525290996715,1121.507300240612,4.412594050993241,4.748958223544505,10.390864921863203,11.182942017817167,1931.6641444534253,1765.729145320922,32011.985871383942,42682.82612374828,True,1,1
3057,newsecondary3057 26-02-01 19-33-48.fits,2026-02-01 19:33:48,1174.7776569529035,1121.4651921070345,4.6667733986844855,8.056454759169933,10.989411544839436,18.97150115877835,1841.0047548529346,992.1667535392193,31999.788261104924,42667.15568488734,True,1,31
3058,newsecondary3058 26-02-01 19-34-48.fits,2026-02-01 19:34:48,1177.6369597261096,1121.4229797111957,3.5570560412936256,5.705750502349453,8.376226867336666,13.4360156548779,2364.711228503367,1450.09327518416,31932.1924077709,42576.43389013131,True,1,15
3059,newsecondary3059 26-02-01 19-35-49.fits,2026-02-01 19:35:49,1178.5101657517212,1121.4375277448141,4.58054602087663,5.283105627026605,10.786361587147042,12.44076303053805,1935.924153990543,1651.8057806730756,32010.335358400946,42680.62885608452,True,1,2
3060,newsecondary3060 26-02-01 19-36-49.fits,2026-02-01 19:36:49,1177.1508791188996,1121.6320753629477,5.9656388507867435,3.5461233847273492,14.04800594724802,8.35048242850896,1506.5910131392059,2264.7635311248478,32009.598372591245,42680.69801444371,True,1,1
3061,newsecondary3061 26-02-01 19-37-49.fits,2026-02-01 19:37:49,1175.382850868193,1121.3326985464528,4.010753603142146,4.98998577332635,9.444602980359232,11.750518523448154,2028.6929516729065,1704.4295034653987,32046.73557081291,42728.50562168955,True,1,1
3062,newsecondary3062 26-02-01 19-38-49.fits,2026-02-01 19:38:49,1177.1339110225379,1119.2130222101835,3.7338357033149845,5.2382867296591495,8.792511159018359,12.335222592620983,2300.3194670470143,1684.4781877295086,32030.361702254242,42706.84622644987,True,1,1
3063,newsecondary3063 26-02-01 19-39-48.fits,2026-02-01 19:39:48,1176.6520349289221,1120.166461010617,4.732113372551624,4.658792435245294,11.143275425043573,10.970617812154169,1852.5828428031991,1977.1829497014803,32007.30837663433,42675.83782542969,True,1,1
3064,newsecondary3064 26-02-01 19-40-48.fits,2026-02-01 19:40:48,1176.0944952775903,1120.107093255762,5.635107010207858,5.511584694438527,13.269662943531888,12.978790118349623,1638.7087038302832,1522.4223203140382,32015.417455723677,42688.310691083956,True,1,1
3065,newsecondary3065 26-02-01 19-41-48.fits,2026-02-01 19:41:48,1177.0188012766514,1120.7545052056134,3.9661174448310224,6.547888827099047,9.33949286003502,15.419099862687029,2202.915837109141,1363.6906527870412,32021.254448793024,42694.758012962666,True,1,19
3066,newsecondary3066 26-02-01 19-42-48.fits,2026-02-01 19:42:48,1176.3077532312088,1121.3528948310554,4.688974478498241,5.98691206737166,11.0416910926062,14.098100544084465,1922.107794122348,1515.8767670370323,32029.171479657503,42705.48111796919,True,1,24
3067,newsecondary3067 26-02-01 19-43-48.fits,2026-02-01 19:43:48,1175.0665387014856,1121.8118968865704,4.237321473757875,4.617819487755334,9.978129543645128,10.87413389410081,1930.3784488876488,1849.9788111345417,32009.062769279008,42678.28199844731,True,1,1
3068,newsecondary3068 26-02-01 19-44-48.fits,2026-02-01 19:44:48,1176.0533426191294,1119.9032151599356,4.090584949445429,4.661860299825741,9.632591434856009,10.977842081163647,2085.5476338929448,1862.0611420783305,32022.60674345732,42696.61614700485,True,1,1
3069,newsecondary3069 26-02-01 19-45-49.fits,2026-02-01 19:45:49,1175.456369311415,1120.736060406342,3.9807433580816354,6.50933862703447,9.373934253734449,15.328321078835009,2168.953540199492,1167.4701661505385,31978.519156117494,42639.35955857887,True,1,23
3070,newsecondary3070 26-02-01 19-46-49.fits,2026-02-01 19:46:49,1174.8490620041473,1124.0564509226995,4.892730187570382,3.6348019304846817,11.521499120618772,8.55930444562252,1685.7328880866187,2235.4849075786,32028.969807329322,42705.45076106229,True,1,1
3071,newsecondary3071 26-02-01 19-47-48.fits,2026-02-01 19:47:48,1173.1082173114687,1123.9056895401695,5.78771738123474,5.673582624972745,13.6290329043056,13.360266092425132,1491.9865450466639,1513.1415162528556,32033.082473899445,42710.84144192669,True,1,2
3072,newsecondary3072 26-02-01 19-48-48.fits,2026-02-01 19:48:48,1175.8312917289957,1121.1839703416294,4.244358363044702,5.6797937995557435,9.994700151592411,13.374892290836362,1986.7938105360329,1621.3462603998476,32016.068458202753,42687.0903702067,True,1,6
3073,newsecondary3073 26-02-01 19-49-48.fits,2026-02-01 19:49:48,1174.6615199393043,1123.33060339626,5.4518981265327335,7.001003133187206,12.83823899182596,16.486102513353714,1598.6938652200477,1252.1984707733213,31995.259042540718,42660.27997873388,True,1,29
3074,newsecondary3074 26-02-01 19-50-48.fits,2026-02-01 19:50:48,1173.7940880557867,1123.188513152754,3.453406400337387,6.403690809671113,8.132150615152653,15.079539480794008,2449.2019049373052,1448.2551603021866,31993.72134013428,42657.242840793726,True,1,29
3075,newsecondary3075 26-02-01 19-51-48.fits,2026-02-01 19:51:48,1177.2658404356184,1122.899985999927,4.35897116072218,6.589136057555128,10.264592664980412,15.516229667767018,1962.0431226536034,1394.2512028285441,32005.540157488085,42673.23550894942,True,1,31
3076,newsecondary3076 26-02-01 19-52-48.fits,2026-02-01 19:52:48,1178.4348242861543,1122.3189126290317,3.44368888926479,5.035540189342677,8.109267625291093,11.857790975423077,2338.4632064977973,1638.795599214211,32041.736602429013,42722.058512933996,True,1,1
3077,newsecondary3077 26-02-01 19-53-48.fits,2026-02-01 19:53:48,1177.9997792950883,1123.1298086353872,4.106549131362061,4.104554300339973,9.670184210435814,9.665486742358551,1997.628435749433,1936.8193298967656,32044.3831896517,42726.17122241834,True,1,1
3078,newsecondary3078 26-02-01 19-54-48.fits,2026-02-01 19:54:48,1173.6300933607495,1122.7990050531598,4.085561580438886,6.583725917418405,9.620762304825814,15.503489761326636,2094.5890209331083,1271.0763194909364,32003.432232631647,42671.48687577258,True,1,30
3079,newsecondary3079 26-02-01 19-55-48.fits,2026-02-01 19:55:48,1174.4326447403316,1120.9912567288825,4.399355100695396,6.597470910785128,10.35968957632667,15.535856747225413,1996.1252716590873,1375.3207581578492,32000.661123835253,42667.171687575305,True,1,26
3080,newsecondary3080 26-02-01 19-56-49.fits,2026-02-01 19:56:49,1177.1179382867138,1123.524247547542,3.247434808971666,6.438793665255378,7.647124583097731,15.162200388761661,2492.5587316722967,1375.133155118668,32021.86816858249,42694.84455518655,True,1,29
3081,newsecondary3081 26-02-01 19-57-49.fits,2026-02-01 19:57:49,1177.9640254605158,1123.6562512599967,6.337048084908495,6.143446739509959,14.922607856667513,14.466711527778081,1379.8771330299799,1405.792873674738,31994.958399185034,42660.083704397315,True,1,24
3082,newsecondary3082 26-02-01 19-58-49.fits,2026-02-01 19:58:49,1177.043994549553,1125.4663033188108,4.403376999659632,6.017585481888879,10.369160424626742,14.170330915439157,1910.6460117991476,1409.4323849990487,32035.83448981756,42714.35819619896,True,1,13
3083,newsecondary3083 26-02-01 19-59-48.fits,2026-02-01 19:59:48,1177.657587358829,1127.4377650229087,3.869030685171092,5.591636108170239,9.110871012280715,13.167296792038124,2216.201454887353,1539.3879102037083,32020.014578290706,42693.310032541594,True,1,4
3084,newsecondary3084 26-02-01 20-00-48.fits,2026-02-01 20:00:48,1180.4172076698462,1122.6962139362786,3.9316292700223543,4.669316767613731,9.25827941467904,10.995400720975933,1954.7257284963287,1628.0113206119836,32024.039705914063,42698.827346930506,True,1,2
3085,newsecondary3085 26-02-01 20-01-48.fits,2026-02-01 20:01:48,1176.4358390387974,1126.980385442227,3.104694126200368,8.619589324150065,7.310995962066475,20.297581720443343,2627.3126228934702,983.0424075925662,31972.61513424136,42629.74551491224,True,1,29
3086,newsecondary3086 26-02-01 20-02-48.fits,2026-02-01 20:02:48,1174.5207330110477,1130.1488400997405,4.8846604325464185,7.344950472309496,11.502496299729854,17.29603660195394,1711.4063011948208,1194.5379395514356,32045.310375545054,42726.546445302876,True,1,30
3087,newsecondary3087 26-02-01 20-03-48.fits,2026-02-01 20:03:48,1177.5321630628875,1130.007361563194,3.99798287245152,9.046551873014796,9.414530207739253,21.30300168898752,2163.297268997754,914.797971263858,31995.13102223546,42660.65572397043,True,1,30
3088,newsecondary3088 26-02-01 20-04-48.fits,2026-02-01 20:04:48,1173.6944424140327,1129.069131488341,2.995014126200173,8.351307058174585,7.052719299527021,19.665825262797963,2783.525896382349,960.8976044263845,32024.130784568468,42699.24327792975,True,1,30
3089,newsecondary3089 26-02-01 20-05-48.fits,2026-02-01 20:05:48,1178.5165019245292,1124.8335206158572,3.8046559456257474,7.918621410543533,8.959280085205691,18.646928426559164,2118.839572778956,1139.3367885476875,32049.634231292173,42731.60712862583,True,1,30
3090,newsecondary3090 26-02-01 20-06-48.fits,2026-02-01 20:06:48,1176.6726459421102,1125.9697702629528,4.266803050411986,10.679671865117626,10.047553351309345,25.14870538233205,1960.8270564812822,907.9138445509046,31959.331939668333,42610.72797113987,True,1,31
3091,newsecondary3091 26-02-01 20-07-48.fits,2026-02-01 20:07:48,1180.4009378051182,1128.0836841348046,4.121175582144687,12.17373772002942,9.7046268699264,28.666961606074647,1989.1858755831274,653.7125504851454,32015.691050225683,42687.897087559366,True,1,29
3092,newsecondary3092 26-02-01 20-08-48.fits,2026-02-01 20:08:48,1183.1090076452538,1130.9275276166632,3.823055404604034,6.92908683742534,9.002607500025485,16.316752578529297,2076.126168974506,1220.2177096035255,32022.28106750254,42695.70703272558,True,1,28
3093,newsecondary3093 26-02-01 20-09-48.fits,2026-02-01 20:09:48,1184.3617877311103,1133.0045252742177,3.228859188757148,6.650286652285763,7.603382340267702,15.66022831400428,2535.6645996624557,1268.5379919867191,32034.38714213771,42712.195334229895,True,1,29
3094,newsecondary3094 26-02-01 20-10-48.fits,2026-02-01 20:10:48,1183.9882998785715,1133.8291302443024,4.077861556409561,9.210750448585985,9.602630133894339,21.689659786108088,2143.2584758306352,1025.232715243284,31975.478893171352,42633.065072691184,True,1,30
3095,newsecondary3095 26-02-01 20-11-48.fits,2026-02-01 20:11:48,1184.946536354707,1131.9251395590993,3.557704018806255,8.81484558754454,8.377752737772134,20.757375083402497,2344.2473034903255,1062.9014868211157,31975.17607025269,42632.241057670166,True,1,30
3096,newsecondary3096 26-02-01 20-12-49.fits,2026-02-01 20:12:49,1183.202003741329,1127.982295859334,2.911995961437894,6.604325481573828,6.8572264610431235,15.551998027918728,2855.7496004828577,1348.999645391414,32051.293229725215,42734.292626180235,True,1,29
3097,newsecondary3097 26-02-01 20-13-49.fits,2026-02-01 20:13:49,1183.7133025787216,1126.315405182519,2.9783200616841286,7.547795858117003,7.013407781771599,17.773700982495495,2805.35269837423,1166.9507675153122,32013.22203843305,42683.71237312462,True,1,31
3098,newsecondary3098 26-02-01 20-14-49.fits,2026-02-01 20:14:49,1186.7085069500672,1126.3631498059087,3.9161015259825427,9.193129473519647,9.22171437175998,21.648165560808884,2119.1794673057225,948.5514095685385,32014.176962806865,42685.02613708995,True,1,29
3099,newsecondary3099 26-02-01 20-15-49.fits,2026-02-01 20:15:49,1183.066006798628,1129.5759102135964,3.0549861811438004,6.784446470980491,7.193942696649972,15.976150544304344,2792.655329954405,1415.126447999011,31942.50526315609,42588.628209233684,True,1,29
3100,newsecondary3100 26-02-01 20-16-48.fits,2026-02-01 20:16:48,1183.450522311031,1124.5774461551516,3.214343913411137,6.7162613108073135,7.569201478923771,15.8155867623549,2644.6389973804917,1250.6911833093077,32000.80351324319,42667.86800439461,True,1,30
3101,newsecondary3101 26-02-01 20-17-48.fits,2026-02-01 20:17:48,1181.5680815565613,1126.7115396947354,3.84750844072501,7.506462225244265,9.060189999645026,17.67636771527282,2136.661155747643,1049.3189453770517,32008.928802285343,42679.01548796888,True,1,30
3102,newsecondary3102 26-02-01 20-18-48.fits,2026-02-01 20:18:48,1182.626304820402,1125.241361648384,3.77502101776115,7.4086289880997285,8.889495163037092,17.4459880473746,2298.0752482232474,1220.2691910302115,32015.781748431815,42687.23805176683,True,1,29
3103,newsecondary3103 26-02-01 20-19-48.fits,2026-02-01 20:19:48,1183.9027752022187,1123.0635887685537,3.9891325991084163,7.494390688070006,9.393689406666908,17.64794141756054,2176.944514907109,1190.4699956443085,32011.04133427101,42681.08191636251,True,1,26
3104,newsecondary3104 26-02-01 20-20-48.fits,2026-02-01 20:20:48,1183.3886281340706,1124.8077446743216,3.0801029615164732,7.206626018998409,7.253088194538182,16.970307406579046,2679.5319994613315,1193.955741637823,31956.84653131071,42608.6759188602,True,1,30
3105,newsecondary3105 26-02-01 20-21-48.fits,2026-02-01 20:21:48,1184.6207831736376,1123.6503006932476,2.8973240584412494,8.013436137917916,6.822676769767876,18.870200047144504,2862.8274743569664,1132.452892378286,31935.43467369318,42579.57343209972,True,1,29
3106,newsecondary3106 26-02-01 20-22-48.fits,2026-02-01 20:22:48,1185.3089352908735,1124.1519688373,3.4406387057317276,8.398882063371271,8.102084991966414,19.77785583867757,2516.4952999854418,1034.2701802267788,31997.02651706773,42662.665452048954,True,1,31
3107,newsecondary3107 26-02-01 20-23-48.fits,2026-02-01 20:23:48,1185.8758671471883,1125.7029871279667,3.5567382166229473,8.065838247870074,8.375478447431346,18.99359758606176,2372.213474585536,1028.1200996511739,31911.253749679065,42548.52490118312,True,1,28
3108,newsecondary3108 26-02-01 20-24-48.fits,2026-02-01 20:24:48,1183.3600302435532,1123.5065450494164,3.4864155386343385,5.914884002128958,8.209881195683515,13.928487412246154,2436.9923176997177,1408.346749884295,31968.567424394038,42624.97081570171,True,1,25
3109,newsecondary3109 26-02-01 20-25-48.fits,2026-02-01 20:25:48,1184.7282499443215,1125.509649901676,3.0876435886778926,7.407474368158192,7.270845014529997,17.443269125191875,2746.024076739549,1240.3547787224456,31997.29164408489,42662.14113134386,True,1,30
3110,newsecondary3110 26-02-01 20-26-48.fits,2026-02-01 20:26:48,1185.1343529370138,1122.4180346062049,3.327044363249931,8.423523904287766,7.834590757288169,19.835882939614194,2572.7895115546157,1008.275860374611,31959.91003135014,42613.29918458,True,1,31
3111,newsecondary3111 26-02-01 20-27-49.fits,2026-02-01 20:27:49,1185.2089933376867,1125.510311207575,3.7736153738178184,5.53903697810643,8.886185124503157,13.043435306212677,2270.92489988854,1600.5833484250581,31993.60540336991,42657.758749930515,True,1,1
3112,newsecondary3112 26-02-01 20-28-49.fits,2026-02-01 20:28:49,1183.7307802696073,1124.5776735842828,3.903748425616315,7.571958247081443,9.192625043399309,17.83059906036479,2258.4504000664315,1152.925895237181,31969.381754183916,42625.95389341327,True,1,29
3113,newsecondary3113 26-02-01 20-29-48.fits,2026-02-01 20:29:48,1184.7836832822952,1123.9828189991413,4.274770798955959,7.580957149248354,10.066315965294459,17.851789855570704,1984.1011379083573,1148.53348377735,32029.53427381009,42705.75505650239,True,1,29
3114,newsecondary3114 26-02-01 20-30-48.fits,2026-02-01 20:30:48,1185.6542516191307,1122.4228409975274,3.245613818590354,6.695652748909672,7.642836478446008,15.767057307699073,2644.780653575219,1276.3520371370846,32015.649020724886,42687.580930856326,True,1,30
3115,newsecondary3115 26-02-01 20-31-48.fits,2026-02-01 20:31:48,1184.7049475648553,1122.5171440764564,3.3507514324463226,5.595953159285255,7.890416639040767,13.177462670539187,2518.6685207123674,1518.8620021526924,31990.6903860886,42654.17642055185,True,1,19
3116,newsecondary3116 26-02-01 20-32-48.fits,2026-02-01 20:32:48,1183.9816781304194,1122.1693377151123,3.6454997014724486,5.808688023374236,8.584495771181663,13.678414992772854,2300.563782426851,1463.4007123542751,31996.106731919346,42661.32899239657,True,1,2
3117,newsecondary3117 26-02-01 20-33-48.fits,2026-02-01 20:33:48,1184.970728492677,1123.7725905818468,3.1010780258859816,7.203543321774059,7.3024806965613145,16.963048209362384,2768.832142509042,1223.3293819286976,31906.463416638093,42541.65988887889,True,1,28
3118,newsecondary3118 26-02-01 20-34-48.fits,2026-02-01 20:34:48,1184.4186764726876,1121.5222120064689,4.196421674466158,7.547200600487514,9.881817876435251,17.772299257897615,1963.4013901455833,1040.6976282646249,31844.503949669568,42459.83490456806,True,1,23
3119,newsecondary3119 26-02-01 20-35-48.fits,2026-02-01 20:35:48,1183.0304151600358,1123.5381338461182,3.9812346361948787,7.77620700163717,9.3750911252832,18.311568121765223,2141.490188177327,1139.128137704652,31999.298245194874,42665.30249254896,True,1,29
3120,newsecondary3120 26-02-01 20-36-48.fits,2026-02-01 20:36:48,1183.053117642254,1122.1603737668381,3.00056868226365,7.234962317583188,7.065799279486544,17.037034290488464,2769.169806937599,1264.5999625223758,31978.88588526711,42637.43108168485,True,1,28
3121,newsecondary3121 26-02-01 20-37-48.fits,2026-02-01 20:37:48,1181.8682894588187,1122.2765340511555,3.175409307448392,7.719788828750057,7.477517488357318,18.17871347734663,2687.091880989031,1098.3234334289089,31985.95096529663,42648.003980108835,True,1,27
3122,newsecondary3122 26-02-01 20-38-48.fits,2026-02-01 20:38:48,1182.9600029416426,1122.53657658971,3.16353169537911,8.344491796051953,7.449547849369472,19.649776546939446,2608.7619056607673,1121.8040467102185,31957.40703899058,42608.44739791248,True,1,29
3123,newsecondary3123 26-02-01 20-39-48.fits,2026-02-01 20:39:48,1180.1755029740148,1120.0808571255723,3.6194236551862753,8.2485979363572,8.523091374691829,19.423963763934857,2343.4842615178995,948.884284774898,31902.536505638163,42537.56003472396,True,1,28
3124,newsecondary3124 26-02-01 20-40-48.fits,2026-02-01 20:40:48,1181.1431479489254,1122.4864838362948,3.0476417423165225,8.86282266732821,7.176647864879994,20.870352472579135,2694.1090905765705,1020.5115282083082,31995.425493456394,42659.49203600329,True,1,32
3125,newsecondary3125 26-02-01 20-41-49.fits,2026-02-01 20:41:49,1182.94840547351,1121.9205839631582,2.9276962725308127,6.2154709387793226,6.894197868317951,14.636315555944881,2785.889694916975,1395.0303151320943,32025.874359962563,42700.50236716568,True,1,27
3126,newsecondary3126 26-02-01 20-42-48.fits,2026-02-01 20:42:48,1182.8596405853023,1121.1870433899037,3.3582059573147527,6.16956122921457,7.907970703627128,14.528206451600253,2557.781877782598,1367.0221348515392,32013.722673687567,42685.16423899273,True,1,29
3127,newsecondary3127 26-02-01 20-43-48.fits,2026-02-01 20:43:48,1181.2246475052389,1121.0095606589368,3.1179406386701745,7.00751046342663,7.342189115157127,16.501426105041148,2697.4097979408443,1290.3406184899875,32002.178373735776,42668.75662455844,True,1,27
3128,newsecondary3128 26-02-01 20-44-48.fits,2026-02-01 20:44:48,1183.0343895954004,1120.2051953553505,3.7134141159213825,6.846554111107587,8.744421995672553,16.1224028602252,2260.5704591497547,1251.4119445495564,31948.68683400025,42598.025494175585,True,1,28
3129,newsecondary3129 26-02-01 20-45-48.fits,2026-02-01 20:45:48,1179.1403677781266,1120.922482601366,3.0478578374125194,7.003145823666713,7.177156729943681,16.491148163845153,2759.8377206939304,1261.764269008999,32034.548712608557,42712.18396732295,True,1,30
3130,newsecondary3130 26-02-01 20-46-48.fits,2026-02-01 20:46:48,1178.3646891654541,1121.071501190134,3.2606067339502873,7.369589855556862,7.678142096069032,17.354057915522038,2654.891948108447,1225.1022635010588,32007.264747507077,42675.87340709782,True,1,26
3131,newsecondary3131 26-02-01 20-47-48.fits,2026-02-01 20:47:48,1180.2529211706105,1121.7758777135805,3.647418042571691,7.6525427658233545,8.589013119255366,18.020361100417418,2272.1061964029595,1215.9774324588527,31945.391499426296,42592.542707450906,True,1,24
3132,newsecondary3132 26-02-01 20-48-48.fits,2026-02-01 20:48:48,1179.0649647952532,1120.9643686458244,3.327332768185791,7.527537088179505,7.835269899012218,17.725995224959004,2520.3440109106114,1209.9732643022267,32015.368193324375,42686.22650838585,True,1,29
3133,newsecondary3133 26-02-01 20-49-48.fits,2026-02-01 20:49:48,1182.5485535762975,1122.1541005365143,4.283085757445871,7.89575793299331,10.085896196220103,18.59308905132478,2008.587673116347,1089.6447540255508,32034.217821807262,42712.289632251624,True,1,30
3134,newsecondary3134 26-02-01 20-50-48.fits,2026-02-01 20:50:48,1180.1152371085752,1121.2779851948223,4.460482434008302,7.788634718735984,10.503633446111188,18.340833159103486,1913.6733182470405,1143.585794189411,32015.2305772056,42686.49564406778,True,1,4
3135,newsecondary3135 26-02-01 20-51-48.fits,2026-02-01 20:51:48,1181.1406989790719,1121.585682960185,4.081430928021374,6.110343261830596,9.611035361714,14.38875879497848,2025.8108687572299,1390.0665525339928,32001.167699926413,42667.93273731555,True,1,25
3136,newsecondary3136 26-02-01 20-52-48.fits,2026-02-01 20:52:48,1181.4201792175631,1123.3142683850738,3.5524571475082274,7.3477793725070795,8.365397300065842,17.302698152844602,2334.3724942623617,1227.641976286681,32014.4961950966,42685.05663785346,True,1,31
3137,newsecondary3137 26-02-01 20-53-48.fits,2026-02-01 20:53:48,1180.6921203898917,1123.5307015705732,3.1408134642773686,9.032799444416048,7.396050503383445,21.270617194455333,2672.6157354053566,1042.024288663741,32027.777736221084,42702.39075153133,True,1,30
3138,newsecondary3138 26-02-01 20-54-48.fits,2026-02-01 20:54:48,1179.8435272034128,1120.8191811870786,3.4150587351257222,7.480290209787848,8.04184876443209,17.61473732865719,2446.1469665705267,1217.9100149639355,32009.514386652303,42678.37696157937,True,1,27
3139,newsecondary3139 26-02-01 20-55-48.fits,2026-02-01 20:55:48,1182.5866035377085,1120.7440610581127,3.5943856046459444,6.370752281164315,8.46413127139096,15.001975173612376,2405.843288418466,1414.6797991168066,31999.886520293854,42666.04466345107,True,1,18
3140,newsecondary3140 26-02-01 20-56-48.fits,2026-02-01 20:56:48,1179.901627678619,1122.725534768425,3.220886463215055,6.575275211602916,7.584608006347651,15.483589869877664,2543.120306894824,1295.0002802051488,32022.177450887604,42695.81898263817,True,1,27
3141,newsecondary3141 26-02-01 20-57-49.fits,2026-02-01 20:57:49,1179.1842212241052,1123.6667058652135,3.549884023360135,7.7259452297035365,8.359338055743562,18.19321069371713,2421.8598500152334,1122.7251866808779,31954.958607492455,42606.512459903664,True,1,30
3142,newsecondary3142 26-02-01 20-58-49.fits,2026-02-01 20:58:49,1180.2443323918535,1124.458184860904,3.1257061012350436,8.461039220503977,7.360475382063818,19.924224758235805,2672.701912717502,980.32467222361,31990.79723193236,42654.47304900337,True,1,32
3143,newsecondary3143 26-02-01 20-59-48.fits,2026-02-01 20:59:48,1179.2874119650853,1122.2796009650372,3.2124422067640657,7.3765278740257765,7.56472330199148,17.37039570048543,2608.655095364864,1170.6736827491175,31921.00928614912,42561.0164576624,True,1,28
3144,newsecondary3144 26-02-01 21-00-48.fits,2026-02-01 21:00:48,1180.285791484224,1121.7297770889631,3.2566515672432375,7.104988150864896,7.6688283902258325,16.730968517364037,2602.386591477556,1183.9215709252417,32028.55330208356,42704.81937899013,True,1,30
3145,newsecondary3145 26-02-01 21-01-48.fits,2026-02-01 21:01:48,1182.216835294464,1120.9022750729541,3.6525733012807744,5.601969197554216,8.601152825800837,13.19162935804661,2285.371625461228,1461.5256118307914,32043.88771300294,42725.39000918685,True,1,8
3146,newsecondary3146 26-02-01 21-02-48.fits,2026-02-01 21:02:48,1181.118356662668,1123.169301803483,3.2462816852833076,7.142327262986611,7.644409184321985,16.818895407051908,2547.784377531742,1151.8362808858517,31910.26624779133,42547.07844201692,True,1,26
3147,newsecondary3147 26-02-01 21-03-48.fits,2026-02-01 21:03:48,1177.9038001501258,1119.424658521937,3.8353138515551564,8.56755479826162,9.031473936626938,20.175049775847555,2202.011871808212,1100.0325305507722,32006.71971639935,42674.363713304294,True,1,29
3148,newsecondary3148 26-02-01 21-04-48.fits,2026-02-01 21:04:48,1179.7675037571619,1118.5029517187804,3.4501527038046826,8.619378485564228,8.124488745336995,20.29708523351515,2450.0893361555513,1015.7010502348526,31975.987273951538,42634.260901047535,True,1,31
3149,newsecondary3149 26-02-01 21-05-48.fits,2026-02-01 21:05:48,1180.7599023139067,1119.686023514259,3.3642712688296266,11.319604315427714,7.92225342076171,26.655631143788018,2433.36177259611,782.306448042529,32031.37326965135,42707.6351877873,True,1,29
3150,newsecondary3150 26-02-01 21-06-48.fits,2026-02-01 21:06:48,1182.073921748816,1118.1872456629842,3.049611229519453,7.8867169327641875,7.181285652823886,18.571799122758115,2701.967093483118,1116.0693515140388,32034.26601480657,42711.629809386126,True,1,28
3151,newsecondary3151 26-02-01 21-07-48.fits,2026-02-01 21:07:48,1179.9203949243326,1118.4440982081774,3.610210923977082,8.476329978402749,8.501397050570937,19.960231741439546,2386.453723634687,1042.5787149740981,32023.605667504766,42697.85510348832,True,1,29
3152,newsecondary3152 26-02-01 21-08-48.fits,2026-02-01 21:08:48,1179.9876074924655,1120.7216126531607,3.0194610349009245,7.198015239578569,7.110287370174592,16.950030570597868,2704.2261040710405,1221.8500935241561,32008.428092105023,42677.09231788003,True,1,28
3153,newsecondary3153 26-02-01 21-09-48.fits,2026-02-01 21:09:48,1180.1020511198628,1119.717408463807,3.6064342942875434,8.765217639340426,8.492503767275354,20.640510196177694,2239.189615164325,1050.9328971153918,32038.8336218629,42716.979837245926,True,1,29
3154,newsecondary3154 26-02-01 21-10-48.fits,2026-02-01 21:10:48,1180.4745189856908,1118.2394779489177,3.1498706724975056,9.005570882581505,7.417378598852243,21.206498831249988,2640.494381746026,1020.0446669025197,31904.59792888801,42538.34357015204,True,1,26
3155,newsecondary3155 26-02-01 21-11-48.fits,2026-02-01 21:11:48,1177.7362123081755,1118.9781308729468,3.003401748405362,7.217927487477342,7.072470640425946,16.99692033109152,2784.0340099518157,1257.2733532384416,31982.229801569512,42642.05328151471,True,1,28
3156,newsecondary3156 26-02-01 21-12-48.fits,2026-02-01 21:12:48,1180.1169114967784,1116.923380172646,4.165378578763721,9.49461542948813,9.808716972415336,22.358110733218783,2035.6101291898522,913.2965793865037,31931.282824542734,42574.79579421227,True,1,32
3157,newsecondary3157 26-02-01 21-13-48.fits,2026-02-01 21:13:48,1181.0518858351331,1118.5953694233447,2.822114932467959,8.943426804206904,6.645572812356713,21.060160709813502,2918.508644198641,977.2048984050067,32033.459679798012,42710.63074613564,True,1,29
3158,newsecondary3158 26-02-01 21-14-49.fits,2026-02-01 21:14:49,1179.3740170262563,1120.2542014115504,4.795280996643164,7.205126347431328,11.292023812451312,16.96677594991192,1829.7350233446987,1182.810034561951,31984.387966390303,42646.17529444615,True,1,28
3159,newsecondary3159 26-02-01 21-15-49.fits,2026-02-01 21:15:49,1176.5488640205476,1117.40824194721,3.6904886633170766,9.77624559157913,8.690436680338527,23.021299084195988,2237.12828616444,993.6386234317354,31863.54708135442,42482.8495238127,True,1,30
3160,newsecondary3160 26-02-01 21-16-49.fits,2026-02-01 21:16:49,1178.3166862870585,1119.2511967924077,4.121885421385381,6.699733740039503,9.706298413599136,15.776667307415192,2131.470243537001,1360.209194175328,31968.176148076618,42623.81275589263,True,1,29
3161,newsecondary3161 26-02-01 21-17-48.fits,2026-02-01 21:17:48,1176.4286218069856,1118.379706815396,4.3247157302830885,8.690069203812449,10.183927290731278,20.463549153843697,1958.1982906978608,1027.6673235567976,31991.48504632421,42654.71787839525,True,1,30
3162,newsecondary3162 26-02-01 21-18-48.fits,2026-02-01 21:18:48,1176.9952824663535,1120.2414122530438,3.2562996041086656,6.734649661682898,7.66799958038143,15.85888801959179,2588.1622595345334,1294.1494789229766,32008.43964454464,42677.548416612146,True,1,30
3163,newsecondary3163 26-02-01 21-19-48.fits,2026-02-01 21:19:48,1177.2510651132748,1121.8194322679303,4.092007058539431,8.732586713715628,9.635940245856785,20.563670238428507,2063.2292121367104,1033.5399117466613,32005.422518478714,42673.14531085502,True,1,31
3164,newsecondary3164 26-02-01 21-20-48.fits,2026-02-01 21:20:48,1178.4776072450113,1122.8154706225775,3.6918710971135633,9.246052402864176,8.69369206315342,21.772789535671137,2174.2431077373485,941.8067062820442,31973.867759044653,42630.94562521875,True,1,28
3165,newsecondary3165 26-02-01 21-21-48.fits,2026-02-01 21:21:48,1176.2933059201196,1121.4076591171026,3.5603397551405505,8.111517178511104,8.38395942252555,19.101163247570838,2398.835257776435,1034.440452172012,31980.672731004102,42641.09011265589,True,1,31
3166,newsecondary3166 26-02-01 21-22-48.fits,2026-02-01 21:22:48,1175.6970443682053,1121.0911814560684,4.743130209458884,6.969348357685194,11.169218093425625,16.41156121348062,1886.5648391368077,1326.063350496787,31984.840714513524,42646.07574536138,True,1,22
3167,newsecondary3167 26-02-01 21-23-48.fits,2026-02-01 21:23:48,1176.4596246076273,1121.4171754341478,2.985457122009601,7.023532853119065,7.030214274488617,16.539155949458188,2833.5827906499626,1302.6050045267727,32014.486912823566,42685.093691370384,True,1,26
3168,newsecondary3168 26-02-01 21-24-48.fits,2026-02-01 21:24:48,1178.5739037284222,1121.5182027185547,2.9308000176270546,8.740418338528691,6.901506629485247,20.582112305523466,2833.4079464653773,1029.1431292798834,31953.38178150103,42603.61806766394,True,1,32
3169,newsecondary3169 26-02-01 21-25-48.fits,2026-02-01 21:25:48,1180.3973598975565,1122.9606503152256,3.3945269921099737,9.29442592920947,7.993500204419181,21.886700485157867,2352.2991312364247,926.5166537015876,31905.07820846974,42539.29646067448,True,1,28
3170,newsecondary3170 26-02-01 21-26-49.fits,2026-02-01 21:26:49,1180.9163480544971,1121.8736461108,2.9061922663895734,9.092340251969357,6.843559803608092,21.410825081579194,2886.2524311100615,1067.19513023533,31944.31265075731,42590.72090049184,True,1,31
3171,newsecondary3171 26-02-01 21-27-49.fits,2026-02-01 21:27:49,1179.1547130997872,1121.8935413857405,3.17127498330516,9.101912253100142,7.46778189899218,21.433365421713027,2618.7515301173717,939.7243005489959,31915.3827162771,42553.52319239585,True,1,29
3172,newsecondary3172 26-02-01 21-28-48.fits,2026-02-01 21:28:48,1180.844960905652,1121.574983680103,3.418757730235904,7.4848801737461645,8.050559232264018,17.6255458677922,2461.338969944803,1185.4780941180222,31987.135964811052,42648.923499172786,True,1,27
3173,newsecondary3173 26-02-01 21-29-48.fits,2026-02-01 21:29:48,1179.2152715499194,1122.1897398056824,3.12639460737406,7.484400367387137,7.362096690121101,17.624416010160232,2625.8399278437614,1018.713246410789,31967.063679108847,42623.505822207306,True,1,30
3174,newsecondary3174 26-02-01 21-30-48.fits,2026-02-01 21:30:48,1180.9190468066797,1125.1342825565546,4.6812457926554565,8.097370034469156,11.023491428261863,19.067849269200916,1862.600641601572,1067.576195306088,31940.69559320067,42587.690484856415,True,1,27
3175,newsecondary3175 26-02-01 21-31-48.fits,2026-02-01 21:31:48,1179.33660367678,1122.2556082141284,3.7210169360337817,7.532187206812362,8.762325268871995,17.736945417527426,2295.4872100930397,1179.728975746479,31864.15915020008,42485.10146742742,True,1,26
3176,newsecondary3176 26-02-01 21-32-48.fits,2026-02-01 21:32:48,1180.6030717985227,1122.6904055245586,3.0193743986845476,8.88945721820832,7.110083357475642,20.93307204688201,2739.4141334427636,985.4245758444555,31998.382285173513,42663.87973912209,True,1,29
3177,newsecondary3177 26-02-01 21-33-48.fits,2026-02-01 21:33:48,1181.3409406058415,1122.2121203418956,3.515173423408605,8.088982698950996,8.277600839202647,19.048098603398355,2357.3459462124533,1145.004387815377,31985.589458091767,42646.19485988663,True,1,30
3178,newsecondary3178 26-02-01 21-34-48.fits,2026-02-01 21:34:48,1179.7477096330736,1121.118214107059,3.017649214778718,8.89256306211218,7.10602085983283,20.94038575036356,2802.3680491255127,1030.9538671652458,31978.4705008499,42637.04355825077,True,1,30
3179,newsecondary3179 26-02-01 21-35-48.fits,2026-02-01 21:35:48,1179.4456402592384,1120.4510384626872,3.9140093501603053,9.654933778949134,9.216787674196047,22.735631596115834,2040.8046735297773,903.0042983982689,31997.9211935562,42662.95272370509,True,1,32
3180,newsecondary3180 26-02-01 21-36-48.fits,2026-02-01 21:36:48,1180.6964790370248,1117.5021209806928,2.8821247419810643,9.34567324989335,6.786885114696663,22.0073787031584,2786.6153694720997,899.7894756711266,31976.269032830278,42634.53827966553,True,1,32
3181,newsecondary3181 26-02-01 21-37-48.fits,2026-02-01 21:37:48,1179.8287481962784,1122.0582422675463,3.5880583901377423,6.872424692098871,8.449231819837834,16.183323422920072,2312.7048210371477,1336.6043586961737,31926.966318647643,42568.14394670616,True,1,1
3182,newsecondary3182 26-02-01 21-38-48.fits,2026-02-01 21:38:48,1182.0033417969005,1120.2446976604776,3.2833359127101165,9.106157552055471,7.731665221819769,21.443362336790184,2565.04554637605,933.6989055807223,31929.91914039055,42573.12171819759,True,1,32
3183,newsecondary3183 26-02-01 21-39-49.fits,2026-02-01 21:39:49,1180.9192249890252,1118.1773350205194,3.63324682501018,9.86577884668945,8.555642452079026,23.232133788026637,2318.785829147252,944.0106066348935,32023.210399500225,42696.467987876465,True,1,28
3184,newsecondary3184 26-02-01 21-40-49.fits,2026-02-01 21:40:49,1179.9412161610571,1119.5858150958143,3.6068171414924803,9.179528454789237,8.493405303547723,21.61613760926967,2257.3492673611595,968.185343443532,32018.86744541845,42690.86182041843,True,1,28
3185,newsecondary3185 26-02-01 21-41-49.fits,2026-02-01 21:41:49,1177.4232666466535,1118.5464052674342,4.22296268173444,10.588137262076685,9.944317172365913,24.93315786427729,1927.0248091463957,848.257235301858,31967.417313303697,42622.13518942751,True,1,31
3186,newsecondary3186 26-02-01 21-42-48.fits,2026-02-01 21:42:48,1178.022039009073,1120.155768236601,3.5086756047016383,10.906893768451217,8.262299645462505,25.683772074972076,2299.023397761561,775.7416742688903,32011.922150667746,42682.05431490635,True,1,29
3187,newsecondary3187 26-02-01 21-43-48.fits,2026-02-01 21:43:48,1178.0847779401424,1117.7279486541784,3.321979058347448,9.80876907204769,7.822662875769608,23.097886027937527,2501.1110491882687,902.3192462240938,31993.533692801127,42657.346055798036,True,1,29
3188,newsecondary3188 26-02-01 21-44-48.fits,2026-02-01 21:44:48,1177.2808399383186,1117.1884025295833,3.4234043958806226,9.017602009076734,8.061501293666758,21.234829969085254,2408.2364474006545,987.8448752117433,31999.605106468203,42665.28445238664,True,1,29
3189,newsecondary3189 26-02-01 21-45-48.fits,2026-02-01 21:45:48,1177.5158363499456,1117.0790660455002,3.2440312339842445,6.819406452304637,7.639109776492585,16.058475009100352,2510.0106676326436,1150.7850911797193,31932.329338883836,42576.81934418183,True,1,28
3190,newsecondary3190 26-02-01 21-46-48.fits,2026-02-01 21:46:48,1177.2079707216037,1115.7158320972562,3.5858291473091617,7.468079940461579,8.44398235413985,17.585984341692466,2314.6661377000037,1054.1881160942135,32011.884256191523,42683.06322752024,True,1,30
3191,newsecondary3191 26-02-01 21-47-48.fits,2026-02-01 21:47:48,1178.3136297476779,1116.537443728493,3.8048353825534553,10.621114727995494,8.959702626879878,25.010813862057226,2176.7356098511673,887.0213267313957,31948.81589589574,42596.952502886445,True,1,30
3192,newsecondary3192 26-02-01 21-48-48.fits,2026-02-01 21:48:48,1177.9003827931192,1116.682123461802,3.278393014809905,8.500068398919913,7.720025586763811,20.016131449910738,2420.3652112579675,999.521001348825,32008.978832653884,42677.914965978176,True,1,32
3193,newsecondary3193 26-02-01 21-49-48.fits,2026-02-01 21:49:48,1174.9175318676143,1115.9991257117968,3.4231816902150887,10.276518720333916,8.060976861901416,24.199352275778107,2443.2632570913847,819.9535229513286,31946.5205353993,42595.280081640725,True,1,29
3194,newsecondary3194 26-02-01 21-50-48.fits,2026-02-01 21:50:48,1177.7684021866423,1118.7774853248693,3.535641235373934,8.449876212521142,8.32579885309653,19.89793788327498,2381.8771388730893,1100.3210485837362,32007.12095778987,42675.03160046039,True,1,29
3195,newsecondary3195 26-02-01 21-51-48.fits,2026-02-01 21:51:48,1178.5002846607645,1117.3916177799158,4.091082266431389,8.79786891524308,9.633762526863281,20.7173980751691,2031.0675392617763,966.1410659677198,32030.354846810867,42706.89388039942,True,1,30
3196,newsecondary3196 26-02-01 21-52-49.fits,2026-02-01 21:52:49,1175.66813447668,1119.1045376850573,3.332376693588612,9.332514351411856,7.847147435656421,21.97639186524365,2419.1384282095255,946.3423695878619,31969.545086802726,42625.06691159486,True,1,29
3197,newsecondary3197 26-02-01 21-53-49.fits,2026-02-01 21:53:49,1179.2249552128005,1119.7485873184294,3.0628062671963776,9.353739515749695,7.212357592040448,22.026373307685464,2670.298415919134,956.5149874545874,31979.78752821771,42638.72593448324,True,1,27
3198,newsecondary3198 26-02-01 21-54-48.fits,2026-02-01 21:54:48,1178.3576898483534,1118.3191801278524,3.3559336596783895,8.068758355702755,7.902619851604744,19.00047391451981,2546.698881391937,1028.7931950484035,31931.82753465654,42576.086557984476,True,1,28
3199,newsecondary3199 26-02-01 21-55-48.fits,2026-02-01 21:55:48,1177.9835882841187,1121.8783976824245,3.228325987242491,8.320325697180165,7.602126746652947,19.59286973290596,2531.6711190290657,1022.2026218331281,32025.142043809366,42699.7613061253,True,1,31
3200,newsecondary3200 26-02-01 21-56-48.fits,2026-02-01 21:56:48,1176.717208021056,1122.8973290634442,3.2387198671446145,8.843244042584335,7.6266024633921115,20.82424833457812,2513.864303650288,961.1274466834994,32016.175454818072,42687.77260885223,True,1,33
3201,newsecondary3201 26-02-01 21-57-48.fits,2026-02-01 21:57:48,1176.4977391333912,1123.5347034118574,3.6511026343026276,10.762335935695564,8.597689669721131,25.34336439273283,2223.692237736732,665.6959036499543,32009.378805572287,42680.40247153833,True,1,27
3202,newsecondary3202 26-02-01 21-58-48.fits,2026-02-01 21:58:48,1179.343127188392,1119.7259359620416,3.3823752914817735,8.356119854423616,7.9648851361986805,19.67715853187783,2489.0361694282756,1070.7085366512247,32008.246937276526,42676.98162285138,True,1,31
3203,newsecondary3203 26-02-01 21-59-48.fits,2026-02-01 21:59:48,1178.82881942065,1123.2860985360464,2.764616991207694,9.7616510213788,6.51017550772903,22.986931497739636,2937.6393758569566,923.3813378548653,32021.702758284882,42694.45315757485,True,1,30
3204,newsecondary3204 26-02-01 22-00-48.fits,2026-02-01 22:00:48,1178.5395766361955,1124.4737640070498,2.8517895986642823,7.095431917441401,6.715451311145418,16.708465307343396,2969.911079835819,1126.7466242943613,31922.114566965163,42563.43164797347,True,1,30
3205,newsecondary3205 26-02-01 22-01-48.fits,2026-02-01 22:01:48,1177.5764321859917,1123.7886527974251,3.440974062678517,10.429991143395824,8.102874697226953,24.560752213963756,2349.6593100484756,863.4972812296194,32016.805408084638,42687.88612727122,True,1,30
3206,newsecondary3206 26-02-01 22-02-48.fits,2026-02-01 22:02:48,1179.2228687011402,1121.655508938901,3.935313722137532,9.140604556603307,9.266955636374815,21.5244788335907,2086.2962396142743,918.4179416114434,32018.896606770748,42691.62403192407,True,1,31
3207,newsecondary3207 26-02-01 22-03-48.fits,2026-02-01 22:03:48,1178.3007515748343,1122.207005665135,3.0956589134814485,7.530573841985021,7.289719662044845,17.733146233692057,2691.380143373739,1074.7264979825145,31988.57823633223,42651.74490075533,True,1,29
3208,newsecondary3208 26-02-01 22-04-48.fits,2026-02-01 22:04:48,1176.4671001459017,1120.4625935194274,3.3462786681831465,9.167315831054312,7.879884084097142,21.587379078096248,2389.5303171020773,963.7646835586193,31998.356834207716,42663.39382716676,True,1,29
3209,newsecondary3209 26-02-01 22-05-48.fits,2026-02-01 22:05:48,1180.6535004361588,1121.713941081517,2.934561480245439,7.859501965461548,6.910364197057654,18.507712772229,2843.711755683404,1140.4427936848142,32009.628498953753,42678.70746277929,True,1,28
3210,newsecondary3210 26-02-01 22-06-48.fits,2026-02-01 22:06:48,1177.4889346511604,1121.6996648075883,3.5894211056574723,9.54976553009675,8.452440769659368,22.487979295617436,2365.7688700825047,919.7946621567222,32030.429152247732,42706.86225306517,True,1,30
3211,newsecondary3211 26-02-01 22-07-49.fits,2026-02-01 22:07:49,1177.966769752018,1122.8003583486782,4.078233301253253,7.472345424551368,9.603505526103902,17.596028789128862,2053.5411696231067,1055.3245180463675,31957.139058401415,42610.14936087889,True,1,29
3212,newsecondary3212 26-02-01 22-08-49.fits,2026-02-01 22:08:49,1175.6266092824144,1117.9361971774285,3.5722308019640847,9.383715676690287,8.41196069794201,22.096961772341444,2386.6076025526527,1092.7349261424115,31905.033451999094,42537.81597201351,True,1,29
3213,newsecondary3213 26-02-01 22-09-48.fits,2026-02-01 22:09:48,1176.668638304664,1121.1897706972431,3.2856200059913463,9.987361554146828,7.73704385046313,23.518439184676406,2469.9250648570705,867.4573841382409,31986.466868045696,42647.91540577026,True,1,30
3214,newsecondary3214 26-02-01 22-10-48.fits,2026-02-01 22:10:48,1174.8641246445036,1120.1440709327828,3.4864145610179964,11.089960297508718,8.209878893572956,26.11486080717092,2305.146025732658,785.8538243147303,32054.45833097974,42738.40304251838,True,1,28
3215,newsecondary3215 26-02-01 22-11-48.fits,2026-02-01 22:11:48,1176.7575754485053,1120.0554103129682,4.999032791897252,9.200704121997752,11.77182262412668,21.666002494879187,1647.8021347927897,949.764468171833,32039.65542355146,42718.89445683515,True,1,29
3216,newsecondary3216 26-02-01 22-12-48.fits,2026-02-01 22:12:48,1176.543208650136,1118.6407196589944,3.069794142612736,9.947976430039462,7.228812781143068,23.425694304952348,2738.656679058999,867.9517398537431,32036.271410017685,42714.735524823736,True,1,30
3217,newsecondary3217 26-02-01 22-13-48.fits,2026-02-01 22:13:48,1177.366368049868,1117.239438226609,3.3451259398332844,8.01456864548829,7.877169616272411,18.872866898672367,2518.7627183588143,961.757489047072,31982.654786530493,42644.46488167123,True,1,30
3218,newsecondary3218 26-02-01 22-14-48.fits,2026-02-01 22:14:48,1176.9091286203948,1121.2589752511074,2.979858362279746,8.448142142974365,7.017030202849442,19.893854461546756,2778.6613282980597,1064.3743407058141,32051.538994901377,42734.46730157951,True,1,30
3219,newsecondary3219 26-02-01 22-15-48.fits,2026-02-01 22:15:48,1178.4036776622102,1117.434666165002,3.3025904645996977,9.078080516507868,7.777006226567444,21.37724597067764,2469.6050514297076,938.8410005945498,32041.032293183715,42720.903458090936,True,1,28
3220,newsecondary3220 26-02-01 22-16-48.fits,2026-02-01 22:16:48,1176.784353830107,1119.2657710917765,3.597401321170721,9.717707106849893,8.471232741113635,22.88345148694984,2202.1459543375804,873.506724355814,31978.03992433329,42636.6561365749,True,1,29
3221,newsecondary3221 26-02-01 22-17-48.fits,2026-02-01 22:17:48,1175.6884748135406,1120.4643458473604,3.14659015268291,9.307551376484012,7.409653565034712,21.917608551499956,2617.3830324120186,945.3934338557473,32051.26035164122,42734.28725867519,True,1,31
3222,newsecondary3222 26-02-01 22-18-48.fits,2026-02-01 22:18:48,1178.3641520396538,1121.4678868840374,2.883094396198347,7.132318191255023,6.789168475884269,16.795325844306213,2879.237173894213,1224.0321561398382,32037.16211286152,42715.66289443586,True,1,28
3223,newsecondary3223 26-02-01 22-19-48.fits,2026-02-01 22:19:48,1179.6249868669506,1122.3503563058111,3.887819483064588,9.651092564992899,9.155115250182355,22.726586228494437,2105.241338869628,927.5152012516869,32047.747204156076,42729.34096140865,True,1,28
3224,newsecondary3224 26-02-01 22-20-48.fits,2026-02-01 22:20:48,1178.6083961258685,1120.094279849688,3.3690087531259962,7.082817971607672,7.933409343745821,16.678761734847196,2480.5970391320698,1024.566352301268,31984.00683782709,42646.76124343223,True,1,31
3225,newsecondary3225 26-02-01 22-21-49.fits,2026-02-01 22:21:49,1179.4105680785483,1122.2099159424583,3.401177800976531,8.817567952261406,8.00916166245382,20.76378576240766,2412.31872753639,848.7762867350771,31941.088659168076,42589.047343666716,True,1,33
3226,newsecondary3226 26-02-01 22-22-48.fits,2026-02-01 22:22:48,1178.2904219734187,1122.623354196636,3.4491843094386208,7.156701514176694,8.122208350872297,16.852744181886624,2415.639925135134,1110.481349680791,31939.34714698355,42586.29211090674,True,1,26
3227,newsecondary3227 26-02-01 22-23-48.fits,2026-02-01 22:23:48,1176.6866965536726,1123.0870015870796,3.0539991127806263,7.034990007836067,7.191618328282554,16.566135487044807,2667.8791821551445,1298.4123572267006,31857.902292880764,42475.930895011545,True,1,26
3228,newsecondary3228 26-02-01 22-24-48.fits,2026-02-01 22:24:48,1177.177640806999,1122.028666964466,4.076424693343113,9.091343273881092,9.599246579943504,21.40847737759249,2060.1046453955014,970.0442624508344,31947.90188389214,42596.65948131395,True,1,30
3229,newsecondary3229 26-02-01 22-25-48.fits,2026-02-01 22:25:48,1179.0427320288363,1122.3490318714078,3.4267763400101723,7.280658122709601,8.069441615293746,17.14463968837397,2476.269676225209,1233.1989252604387,31851.97519254897,42468.66473171863,True,1,2
3230,newsecondary3230 26-02-01 22-26-48.fits,2026-02-01 22:26:48,1178.9164135672154,1124.6859689386947,3.408960421087794,9.040557808211826,8.027488332294682,21.288886745038273,2404.663548643167,919.0510705896885,31964.85307029425,42619.660540727265,True,1,28
3231,newsecondary3231 26-02-01 22-27-48.fits,2026-02-01 22:27:48,1179.7631570698331,1126.132001799617,2.783765629513624,7.167544929075432,6.555267105046881,16.878278472646763,2976.3624070766155,1156.8854536054541,31941.8029872825,42589.06222577063,True,1,29
3232,newsecondary3232 26-02-01 22-28-48.fits,2026-02-01 22:28:48,1180.7467868711753,1123.2678908273435,3.0190857223832794,6.617479705732323,7.10940357673489,15.582973858643982,2742.362975806443,1188.8180890418785,31922.036477394966,42563.24712267289,True,1,28
3233,newsecondary3233 26-02-01 22-29-48.fits,2026-02-01 22:29:48,1180.3261059741267,1123.7734591805086,3.653294825847081,8.196169212347007,8.602851886312559,19.30050355370026,2317.45055191526,1065.3057800520303,31945.809821586423,42594.07127532003,True,1,29
3234,newsecondary3234 26-02-01 22-30-48.fits,2026-02-01 22:30:48,1180.759700097491,1127.7903037487272,3.6755558745583663,9.387830522103782,8.655272650041303,22.106651492803348,2265.4040128918873,831.5251488119187,31823.31414401548,42431.75654065356,True,1,30
3235,newsecondary3235 26-02-01 22-31-48.fits,2026-02-01 22:31:48,1181.2922029106728,1125.2641541871203,3.4141898583847983,9.400913998535279,8.039802716065902,22.137460725362928,2411.833896247403,867.7544795942648,31950.600028028024,42600.89903044177,True,1,29
3236,newsecondary3236 26-02-01 22-32-48.fits,2026-02-01 22:32:48,1179.4304442305963,1125.6682620179101,3.0258786663080803,8.81115833112595,7.125399737253782,20.748692258076836,2755.1727428599,990.7360840846218,31937.601348444838,42582.96209195192,True,1,31
3237,newsecondary3237 26-02-01 22-33-48.fits,2026-02-01 22:33:48,1179.3598189498941,1126.5162455140464,3.143078644953592,8.506395512014992,7.401384596245433,20.031030662654207,2526.4051402965983,1105.284243201124,31943.94584946354,42590.04357957736,True,1,30
3238,newsecondary3238 26-02-01 22-34-49.fits,2026-02-01 22:34:49,1178.8452477466317,1125.573675598747,3.744280453255118,8.747756715348384,8.81710666554272,20.59939286235647,2206.6119372347407,1018.2606242091755,31874.858719590597,42498.979535880106,True,1,29
3239,newsecondary3239 26-02-01 22-35-49.fits,2026-02-01 22:35:49,1178.983623953934,1125.0699899561985,3.2848347721820867,7.390684255682458,7.73519476614905,17.403731431775693,2601.4719177615775,1117.6455550294372,31929.144616191297,42572.5606149623,True,1,30
3240,newsecondary3240 26-02-01 22-36-48.fits,2026-02-01 22:36:48,1180.7813250759273,1124.2056709218632,2.9318382388710456,9.465894487549802,6.903951453681775,22.29047808343024,2810.512715484638,880.4432569721795,31976.26020895017,42634.892130301436,True,1,30
3241,newsecondary3241 26-02-01 22-37-48.fits,2026-02-01 22:37:48,1179.724058735688,1125.9828906305797,3.737026845699055,8.680714278288292,8.800025725070915,20.44151998769964,2207.1029986858807,1021.9562904201297,31924.18145141307,42564.771564813534,True,1,29
3242,newsecondary3242 26-02-01 22-38-48.fits,2026-02-01 22:38:48,1178.4248463100805,1126.503821159593,3.1835726778761337,7.387730548030947,7.496740756675577,17.396775981790753,2597.529882408206,1204.1668431534795,31860.34862078094,42479.656833329704,True,1,28
3243,newsecondary3243 26-02-01 22-39-48.fits,2026-02-01 22:39:48,1178.8934375015308,1127.2682721522976,3.60873646460434,9.395570508824628,8.49792496408442,22.12487776868187,2192.392960187115,923.4526297203597,31972.934852457132,42629.593919555766,True,1,28
3244,newsecondary3244 26-02-01 22-40-48.fits,2026-02-01 22:40:48,1178.215800961401,1128.1667383582596,4.13948578166075,7.105820102719481,9.747744094775342,16.732927614267716,2034.8710349811033,1094.3385815693844,31960.27309743786,42614.531905544995,True,1,28
3245,newsecondary3245 26-02-01 22-41-48.fits,2026-02-01 22:41:48,1178.3339596386727,1126.6208581275846,4.024732523066874,10.102113018446637,9.47752082120586,23.78865823300625,2067.1216334600012,927.378522544881,31975.222540934876,42632.27762161882,True,1,30
3246,newsecondary3246 26-02-01 22-42-48.fits,2026-02-01 22:42:48,1177.1133225495573,1126.426794388972,3.641667241258508,10.617353964500223,8.575471017048093,25.001957940793943,2279.052965253761,898.227953353199,31958.880828308218,42610.24576988359,True,1,31
3247,newsecondary3247 26-02-01 22-43-48.fits,2026-02-01 22:43:48,1174.6177384061348,1130.769631953505,3.441058483293796,12.146070220460974,8.103073492584027,28.601809623494983,2352.891223287988,677.5065897799326,31908.42949219765,42544.40167102931,True,1,31
3248,newsecondary3248 26-02-01 22-44-48.fits,2026-02-01 22:44:48,1174.8788213873534,1127.6202351170014,3.660553460146506,9.517059013804891,8.619944663860393,22.410961335450235,2191.220372337337,912.7818248495606,31900.841101768703,42533.596154228464,True,1,27
3249,newsecondary3249 26-02-01 22-45-48.fits,2026-02-01 22:45:48,1172.134163319918,1125.461457132748,3.650269659801759,10.036925390417009,8.595728164669486,23.63515309983406,2257.438037329384,862.7588965844232,31993.653062254005,42657.66357305659,True,1,30
3250,newsecondary3250 26-02-01 22-46-48.fits,2026-02-01 22:46:48,1171.1228366944713,1125.0448512120206,3.7599859010463628,9.931862076612772,8.85409016881773,23.387747902490464,2181.8646492516586,895.476508330111,31956.57915597402,42607.88254959941,True,1,29
3251,newsecondary3251 26-02-01 22-47-48.fits,2026-02-01 22:47:48,1173.6591974933012,1124.6861558479416,2.8782096090589047,10.568254250796976,6.777665681212601,24.886336950760256,2844.808865508174,830.037062418596,31941.03697432322,42587.29616727986,True,1,28
3252,newsecondary3252 26-02-01 22-48-48.fits,2026-02-01 22:48:48,1173.528763085702,1126.753790112954,3.149285515838426,10.135191011519803,7.416000660221959,23.866550954144333,2576.880318038764,800.6243854341228,32007.259984451477,42676.347742754646,True,1,30
3253,newsecondary3253 26-02-01 22-49-48.fits,2026-02-01 22:49:48,1171.075046446099,1126.2674316480388,3.477885379736948,9.84201852145047,8.18979420652464,23.176182497877434,2285.693259397053,876.7848269034732,31897.952107012206,42529.7260652434,True,1,29
3254,newsecondary3254 26-02-01 22-50-49.fits,2026-02-01 22:50:49,1171.3794138831686,1125.6590903936444,3.891681422911505,8.978374415408547,9.164209423546579,21.14245604519708,2093.1692097496016,941.4596323131177,31920.917491149383,42560.82769016225,True,1,30
3255,newsecondary3255 26-02-01 22-51-49.fits,2026-02-01 22:51:49,1172.5680720378448,1125.3624565851674,3.1932390023296944,9.643155206514589,7.519503211260594,22.707895177645117,2600.429127637667,877.1727756917877,32000.814228743824,42667.5525463668,True,1,30
3256,newsecondary3256 26-02-01 22-52-48.fits,2026-02-01 22:52:48,1171.1225660674122,1123.3010350996294,3.5290158117677053,9.746327114466713,8.31019717278176,22.950846454574865,2318.0979619826808,789.2086370436383,31929.220781560212,42572.924538017905,True,1,30
3257,newsecondary3257 26-02-01 22-53-48.fits,2026-02-01 22:53:48,1173.2649068989854,1123.4494663846287,3.919210616422878,8.834964945804845,9.229035720250696,20.804752551527024,2069.8219295862023,936.1235015930233,31971.323325914396,42628.22666358709,True,1,29
3258,newsecondary3258 26-02-01 22-54-48.fits,2026-02-01 22:54:48,1173.9056953384475,1124.0242963911148,3.8240476973058346,10.409218104106285,9.004944170770223,24.511835444648536,2137.415968793924,790.5301655065505,32012.884209771564,42683.774410853526,True,1,30
3259,newsecondary3259 26-02-01 22-55-48.fits,2026-02-01 22:55:48,1172.1748721895556,1122.231608109682,3.010279007244633,10.277331541979475,7.088665347395528,24.201266324482102,2632.7073775185017,849.9212514476457,31982.293020957302,42642.013269660456,True,1,29
3260,newsecondary3260 26-02-01 22-56-48.fits,2026-02-01 22:56:48,1172.3385977775147,1125.802058145583,3.6571028342989136,9.886172779701948,8.61181906094658,23.280157830281485,2242.015987471391,878.3725673727338,31964.447316875478,42618.63841769826,True,1,30
3261,newsecondary3261 26-02-01 22-57-48.fits,2026-02-01 22:57:48,1173.9803987243874,1121.9160404334114,3.6909212343133966,8.62587459156409,8.691455307191559,20.31238239413827,2192.1798613261144,1015.2668272180385,32006.32811016309,42674.244877299796,True,1,29
3262,newsecondary3262 26-02-01 22-58-48.fits,2026-02-01 22:58:48,1174.1430352789203,1123.521566873383,3.4513349967685225,9.302817698982041,8.127272832507343,21.906461592831604,2416.241652056592,964.420590706692,31982.412645315846,42642.401213800345,True,1,27
3263,newsecondary3263 26-02-01 22-59-48.fits,2026-02-01 22:59:48,1172.8303603963623,1125.4546490355624,3.3928232426832983,12.513296953394946,7.989488181117536,29.466562495279128,2363.2883177934273,691.2190949520043,32025.868944512164,42700.344698786015,True,1,28
3264,newsecondary3264 26-02-01 23-00-48.fits,2026-02-01 23:00:48,1171.0863793092442,1125.2073449046193,3.5897149900313248,10.173890586578963,8.453132814473838,23.957681489227827,2194.7183561381003,821.0130053555138,32030.209392845412,42706.33405011981,True,1,29
3265,newsecondary3265 26-02-01 23-01-48.fits,2026-02-01 23:01:48,1170.5724092534158,1124.3982653764042,3.1974444947472986,8.482113433784026,7.529406389104794,19.973850738100918,2573.049282047115,975.2512322154329,32024.215089628695,42698.89541696587,True,1,29
3266,newsecondary3266 26-02-01 23-02-49.fits,2026-02-01 23:02:49,1171.776147315082,1123.87358491866,3.2366112941846965,11.995370531205843,7.6216371535196865,28.246938974457066,2506.7866522064596,747.364527671168,32012.229740179577,42681.87515010223,True,1,30
3267,newsecondary3267 26-02-01 23-03-49.fits,2026-02-01 23:03:49,1170.5531063922715,1122.6451116142996,3.2957531119139603,10.374180022228309,7.760905491408123,24.429327067102843,2447.0516275111636,873.5058810845577,32033.11510367622,42709.53455083319,True,1,30
3268,newsecondary3268 26-02-01 23-04-49.fits,2026-02-01 23:04:49,1172.1227379361842,1121.787519791508,3.186323708770176,11.948946486054904,7.503218939369368,28.137618702364215,2563.278031578055,789.9437846204399,32002.949567931126,42668.959848474035,True,1,29
3269,newsecondary3269 26-02-01 23-05-49.fits,2026-02-01 23:05:49,1170.6650731178518,1123.5538396348238,3.9398797749423826,12.141981221089885,9.277707869046347,28.592180765811825,2058.530853781741,635.3340694891103,32001.039094168802,42668.56292796245,True,1,31
3270,newsecondary3270 26-02-01 23-06-49.fits,2026-02-01 23:06:49,1173.8248007081766,1123.7375663026435,4.05876925955166,10.782061388088579,9.557671210547673,25.389814283425206,2035.787633731502,805.3226188469844,32000.309896325583,42666.53798942649,True,1,27
3271,newsecondary3271 26-02-01 23-07-49.fits,2026-02-01 23:07:49,1170.7889977370257,1119.185451187414,3.0022693756664114,12.12108183760096,7.069804106401819,28.542966478643315,2702.572593751574,756.0583888687177,32004.564271541152,42671.39796426448,True,1,31
3272,newsecondary3272 26-02-01 23-08-49.fits,2026-02-01 23:08:49,1171.276524618347,1120.6984714522746,4.073415922694537,13.625644766893332,9.592161466509335,32.085941423551475,1915.6334298462975,614.4766588017947,31985.473128521706,42646.5632211596,True,1,31
3273,newsecondary3273 26-02-01 23-09-49.fits,2026-02-01 23:09:49,1170.7264690424404,1121.7081884099025,3.968859739985811,12.085753751047685,9.345950471634909,28.459775192275075,1950.598088563251,669.7009953364577,31983.50253111658,42644.21591984592,True,1,31
3274,newsecondary3274 26-02-01 23-10-49.fits,2026-02-01 23:10:49,1169.9260968501262,1119.00230830767,3.379820127697159,11.201369401391522,7.958868185300333,26.377209198193082,2359.6487164192686,725.5384471909996,32011.019354818232,42681.16335967453,True,1,29
3275,newsecondary3275 26-02-01 23-11-49.fits,2026-02-01 23:11:49,1170.585255245367,1121.4645474124234,3.8748726343054933,10.812070065915616,9.124627751204455,25.460479319497193,2034.2834172333346,725.1437546707905,32007.177576825696,42676.29129086109,True,1,31
3276,newsecondary3276 26-02-01 23-12-49.fits,2026-02-01 23:12:49,1169.8659167595579,1122.9589999742554,3.5929717300402975,11.716068115089493,8.460801851128421,27.58923204636071,2185.1082979076114,742.8089357200674,32003.461952294478,42670.184318432955,True,1,30
3277,newsecondary3277 26-02-01 23-13-49.fits,2026-02-01 23:13:49,1168.8324438714992,1118.407073994393,3.0565781207867584,11.133960229215601,7.197691428031689,26.21847272833428,2363.207349958722,755.3206383192364,32016.17121992684,42686.69855096385,True,1,28
3278,newsecondary3278 26-02-01 23-14-49.fits,2026-02-01 23:14:49,1168.8066388254588,1121.508174114846,4.237885555319174,10.836402424225625,9.979457854212708,25.517777644588474,1824.051991290054,837.5777736213483,32003.935360193398,42670.17799118324,True,1,30
3279,newsecondary3279 26-02-01 23-15-49.fits,2026-02-01 23:15:49,1171.953221025623,1121.5240407577578,3.057663121098466,11.805857131727514,7.200246408514563,27.80066902256354,2590.7515112147694,710.4601399545079,31993.742044653933,42657.72192759647,True,1,30
3280,newsecondary3280 26-02-01 23-16-49.fits,2026-02-01 23:16:49,1169.3153219574604,1121.1619766570966,3.4916618899385807,12.243287879499036,8.222235408898019,28.830739715728797,2111.618214757778,660.8773564423229,32032.514462667594,42709.09315269373,True,1,29
3281,newsecondary3281 26-02-01 23-17-49.fits,2026-02-01 23:17:49,1169.7705314942168,1120.121803947915,3.7536545273145006,11.89519053640948,8.83918092304136,28.011033114599492,2062.6146289028657,739.8850840961908,32009.329793498466,42677.74124426002,True,1,29
3282,newsecondary3282 26-02-01 23-18-49.fits,2026-02-01 23:18:49,1171.9860578308858,1119.7246190712306,4.445867559625649,13.382850357336684,10.469218046959307,31.51420428110603,1847.0297282477923,551.3817680588825,31904.388675558974,42540.25845696321,True,1,29
3283,newsecondary3283 26-02-01 23-19-49.fits,2026-02-01 23:19:49,1170.9600324452408,1119.082619364044,3.5771902588217124,10.72384223505744,8.423639326362817,25.252718654862758,2212.502964190388,745.6026035765857,31997.821828721713,42663.657762357594,True,1,30
3284,newsecondary3284 26-02-01 23-20-49.fits,2026-02-01 23:20:49,1172.5298921812316,1118.1580029296688,3.4541952230539303,11.916986722046271,8.134008150697547,28.062359209442224,2323.848131478765,685.0689819878141,31986.709966005146,42648.77005761189,True,1,32
3285,newsecondary3285 26-02-01 23-21-49.fits,2026-02-01 23:21:49,1172.2172090846063,1119.8490240834315,3.0690652742824214,11.934951334884067,7.227096427388655,28.10466263985389,2584.6774752154797,740.9681019849318,31949.390069910583,42598.01226216088,True,1,31
3286,newsecondary3286 26-02-01 23-22-49.fits,2026-02-01 23:22:49,1171.7734865226444,1119.8665974737648,3.8114655377508235,10.954486606560124,8.975315449240306,25.795844644150844,2056.6913956002427,706.3134526186237,31946.119799363794,42594.95754194173,True,1,31
3287,newsecondary3287 26-02-01 23-23-49.fits,2026-02-01 23:23:49,1173.7717330545715,1120.3192570175252,4.854245632655208,10.491307153873498,11.430874919280425,24.70514038451791,1720.3428664944224,722.6791022684395,31905.189132091724,42541.24389076093,True,1,28
3288,newsecondary3288 26-02-01 23-24-49.fits,2026-02-01 23:24:49,1170.755264972355,1120.0630998589056,2.9420065400021183,12.42833074375435,6.927895973009136,29.266482361667148,2711.8306348159394,779.6645710333465,31940.518348567468,42585.150694125674,True,1,29
3289,newsecondary3289 26-02-01 23-25-49.fits,2026-02-01 23:25:49,1172.4591028675131,1119.0687903678288,4.128390173991253,11.267156384554871,9.721615935423412,26.53212570484825,1875.0557492250393,716.1556208533514,31907.27711668401,42542.61312884529,True,1,28
3290,newsecondary3290 26-02-01 23-26-49.fits,2026-02-01 23:26:49,1169.6173176039395,1121.8875900799242,3.654845454702832,10.405722274528342,8.606503338224483,24.503603395084383,2161.431652026425,849.9480988280013,31937.00246605003,42581.4519379131,True,1,29
3291,newsecondary3291 26-02-01 23-27-49.fits,2026-02-01 23:27:49,1169.9736259104131,1127.79327822787,4.875023525753354,9.023273847210287,11.47980311844145,21.248186127214318,1626.8695386956613,959.7923112147372,31991.442848297072,42654.31657597609,True,1,30
3292,newsecondary3292 26-02-01 23-28-50.fits,2026-02-01 23:28:50,1165.8454188104154,1127.0402783926233,4.22518444014991,14.213334914663136,9.949549013617878,33.46984596378701,1896.1714234742647,660.3913740670394,31957.82280533901,42608.65785754368,True,1,28
3293,newsecondary3293 26-02-01 23-29-49.fits,2026-02-01 23:29:49,1165.9293718777603,1126.25014494793,3.843104731645358,11.422033591348203,9.049820057231777,26.89683365592359,2068.786708974848,672.5025504994361,31928.49417109538,42571.672694475725,True,1,30
3294,newsecondary3294 26-02-01 23-30-49.fits,2026-02-01 23:30:49,1165.1352301190723,1127.8046517589773,3.6730839835887403,12.234770563357007,8.649451791636896,28.81068296894768,2169.133256505641,688.0477644557102,31982.384131266146,42642.597703599626,True,1,29
3295,newsecondary3295 26-02-01 23-31-49.fits,2026-02-01 23:31:49,1165.1600046707413,1127.2043234587231,3.7942421779122832,11.841973528177657,8.93475753624973,27.88571663687862,2028.3313761054612,628.869166288994,31983.934428144494,42645.56687686006,True,1,29
3296,newsecondary3296 26-02-01 23-32-49.fits,2026-02-01 23:32:49,1167.29008385624,1123.4182526652455,4.109342406656582,11.940512837926867,9.676761871090642,28.117758978699573,1885.4689512355792,729.2815837932765,32021.104378888976,42693.56805075576,True,1,32
3297,newsecondary3297 26-02-01 23-33-49.fits,2026-02-01 23:33:49,1166.3278756830955,1123.526513400197,4.063028920727086,10.528111627566691,9.567701946068606,24.791808296917456,2001.8696998092205,838.961810886586,32006.484549260815,42674.41139155973,True,1,33
3298,newsecondary3298 26-02-01 23-34-49.fits,2026-02-01 23:34:49,1168.9796144061263,1123.9362601687583,3.0601152017818567,11.520478838165367,7.206020617259845,27.12865449646667,2531.1467062830493,665.896167717717,31993.34400414663,42657.8876258171,True,1,28
3299,newsecondary3299 26-02-01 23-35-49.fits,2026-02-01 23:35:49,1169.0591943407915,1121.0336307634734,2.8699028931369943,12.540735241979982,6.758104860051309,29.531174727240515,2641.9824372322487,694.7179987786521,31986.43293219569,42647.12014720683,True,1,31
3300,newsecondary3300 26-02-01 23-36-49.fits,2026-02-01 23:36:49,1170.222114279124,1121.295496789546,3.9650853541134525,10.656450252353142,9.337062472124998,25.0940226631163,2064.960802431669,862.1702051955712,31989.313412337866,42651.128557811484,True,1,30
3301,newsecondary3301 26-02-01 23-37-49.fits,2026-02-01 23:37:49,1169.7864750764181,1123.3306216956066,4.515127293568738,10.616737635093191,10.632312256762004,25.000506595951922,1803.2053468355434,696.1917853319402,32005.871443044965,42675.46285714215,True,1,30
3302,newsecondary3302 26-02-01 23-38-49.fits,2026-02-01 23:38:49,1170.8171473114126,1123.1465562038302,3.8537907045412547,11.601071918896535,9.074983600407691,27.31843669846322,2081.1770089983493,766.2899999000182,32033.195905445962,42709.80689930501,True,1,28
3303,newsecondary3303 26-02-01 23-39-49.fits,2026-02-01 23:39:49,1171.2307110836691,1122.3248856580387,3.9096653689126204,12.339461266525689,9.20655838007876,29.057210735297677,1977.2571066978978,686.8130338288705,32016.80892229848,42688.11860529764,True,1,29
3304,newsecondary3304 26-02-01 23-40-49.fits,2026-02-01 23:40:49,1170.810568089696,1120.3604962278591,3.61869229998758,10.030128373063118,8.521369164809903,23.619147347122695,2245.5105238089745,949.0213842533318,31914.53032823259,42550.91095209624,True,1,30
3305,newsecondary3305 26-02-01 23-41-50.fits,2026-02-01 23:41:50,1170.3823484728005,1123.2543682110186,4.066413261545616,12.415465508627502,9.575671459667298,29.236187048106412,1994.5874063195229,758.9758057536313,31974.085338558445,42630.42178322701,True,1,28
3306,newsecondary3306 26-02-01 23-42-50.fits,2026-02-01 23:42:50,1170.2760884083743,1122.4919023515722,3.4746514407784774,12.238147599455885,8.182178862240827,28.818635281246113,2212.305682369346,663.4607298093979,32014.179618313905,42685.01510052551,True,1,30
3307,newsecondary3307 26-02-01 23-43-49.fits,2026-02-01 23:43:49,1169.3437657770737,1124.3380907300511,3.7395270607037263,13.352418293071107,8.805913281480802,31.442542246161775,2133.3949846576593,739.960200256206,31999.518286912848,42663.571432870325,True,1,30
3308,newsecondary3308 26-02-01 23-44-49.fits,2026-02-01 23:44:49,1168.7313679031777,1123.7038912729324,4.3204747881224055,11.20914908059765,10.173940635121484,26.39552894273158,1832.1617784249622,799.758990668424,32025.80247295268,42699.71761092693,True,1,30
3309,newsecondary3309 26-02-01 23-45-49.fits,2026-02-01 23:45:49,1170.0173256138644,1124.3349605695446,4.222916296603091,10.821141515634565,9.94420794372882,25.481840951132863,1920.9056230201263,718.4251121309687,32032.6086703098,42710.58025761537,True,1,29
3310,newsecondary3310 26-02-01 23-46-49.fits,2026-02-01 23:46:49,1169.350065019942,1125.1012943436524,3.3837469926017856,10.088866512848242,7.968115245491876,23.75746509609653,2305.096798162366,862.4521658803693,32011.678101644782,42681.07531597613,True,1,28
3311,newsecondary3311 26-02-01 23-47-49.fits,2026-02-01 23:47:49,1169.1105613392892,1123.577939430352,4.1397567030191755,11.617828085027938,9.74838206582079,27.357894454347317,1927.9461842368207,696.6441495880774,31971.386199024502,42628.370176958284,True,1,28
3312,newsecondary3312 26-02-01 23-48-49.fits,2026-02-01 23:48:49,1172.21213308607,1125.8758125267557,3.245935252989872,12.857314031988212,7.643593398613156,30.276660807783536,2484.177410721649,693.42779081339,32030.827104728658,42706.670708556754,True,1,30
3313,newsecondary3313 26-02-01 23-49-49.fits,2026-02-01 23:49:49,1170.2294138759241,1128.3110774515774,3.1594755991497445,10.911653492232443,7.439996472663987,25.694980367940914,2473.888337036285,725.7989905928783,31917.203980536655,42556.13854857071,True,1,28
3314,newsecondary3314 26-02-01 23-50-49.fits,2026-02-01 23:50:49,1169.9083867180118,1124.9305334180665,4.048951129475522,11.337014325725484,9.534551281039661,26.6966285850214,1921.3597618341757,708.216674121615,31990.4694081558,42653.63740965391,True,1,29
3315,newsecondary3315 26-02-01 23-51-49.fits,2026-02-01 23:51:49,1170.2949080214141,1124.9925151039365,3.4356208455307278,10.17561509191155,8.090268834181936,23.96174238895276,2347.8737848074406,824.08606091126,32030.690402522145,42707.17564892262,True,1,31
3316,newsecondary3316 26-02-01 23-52-49.fits,2026-02-01 23:52:49,1170.5743464713012,1125.5306513161263,3.3737217982389054,9.405226214320164,7.9445077168508345,22.147615217531673,2315.677800273379,830.7766881365433,32013.85072732965,42685.13276853281,True,1,31
3317,newsecondary3317 26-02-01 23-53-49.fits,2026-02-01 23:53:49,1169.5090234322677,1122.6476999032138,3.795537857151214,11.493482833938808,8.937808627693494,27.065083764578226,2061.496452534098,742.6277362892664,32040.475276839792,42719.71706642984,True,1,30
3318,newsecondary3318 26-02-01 23-54-49.fits,2026-02-01 23:54:49,1168.456150881157,1122.6864649291842,3.598607665182851,9.90063460808057,8.4740734641746,23.31421283363526,2203.7646877651873,814.3712798814389,32045.9128947997,42727.713259420736,True,1,29
3319,newsecondary3319 26-02-01 23-55-49.fits,2026-02-01 23:55:49,1169.5393529074424,1123.6263669760087,4.383574036225505,11.220169193895698,10.322528009381044,26.42147932642434,1852.111368883632,790.744323064969,32045.349158041587,42726.160740358566,True,1,28
3320,newsecondary3320 26-02-01 23-56-49.fits,2026-02-01 23:56:49,1171.5961968209995,1122.155293115292,3.081703341306816,10.018818381171721,7.256856800948143,23.592514351507695,2583.5879089245695,773.7587193564109,32010.902236856848,42681.47337766389,True,1,30
3321,newsecondary3321 26-02-01 23-57-50.fits,2026-02-01 23:57:50,1170.7399755544811,1124.241110847921,3.6441017000713702,10.16193948536054,8.581203729459423,23.92953879651849,2251.2875516796203,866.729819558483,31988.542754695078,42650.6118726294,True,1,30
3322,newsecondary3322 26-02-01 23-58-50.fits,2026-02-01 23:58:50,1170.5686606908073,1126.634052703743,3.1785704240376336,9.711228053777445,7.484961349066344,22.86819448290202,2435.2519577528437,896.2602567299183,32024.98269421709,42698.73499973781,True,1,30
3323,newsecondary3323 26-02-01 23-59-50.fits,2026-02-01 23:59:50,1169.9995394328719,1123.1036022716228,3.233339014549695,11.655798478831002,7.613931523842239,27.44730789879249,2428.016835757329,708.4055472653284,32037.630192955898,42716.31619809228,True,1,30
3324,newsecondary3324 26-02-02 00-00-50.fits,2026-02-02 00:00:50,1169.8535467176953,1125.8317441144688,3.399379038244248,10.306195960846049,8.004925899915586,24.26923683661728,2380.585302535625,792.8187323795767,32004.714923282856,42672.85209749101,True,1,31
3325,newsecondary3325 26-02-02 00-01-50.fits,2026-02-02 00:01:50,1170.6354774045942,1125.6405742378138,3.7397374576618723,9.416202225870741,8.806408728455258,22.173461749545464,2078.6063186759584,857.7186417979208,32026.5964007354,42701.73782738588,True,1,31
3326,newsecondary3326 26-02-02 00-02-50.fits,2026-02-02 00:02:50,1170.5172952555645,1124.2426538587652,3.7356193595682132,10.80109094428871,8.796711348516906,25.43462546381332,2172.84652566075,805.1463562815494,32039.353734530017,42718.391054452746,True,1,30
3327,newsecondary3327 26-02-02 00-03-50.fits,2026-02-02 00:03:50,1171.4359290964064,1125.9771163738938,3.7121096841082766,10.463709460377997,8.741350293491674,24.640152782678086,2103.142684179142,809.227274425814,32044.726277624733,42725.45014258578,True,1,29
3328,newsecondary3328 26-02-02 00-04-50.fits,2026-02-02 00:04:50,1169.7173701445631,1127.6588090990788,3.8841683478076785,10.920012905215094,9.146517483692266,25.714665281197156,2092.1776238409834,754.9700479796226,32048.336886931058,42730.963810630106,True,1,30
3329,newsecondary3329 26-02-02 00-05-50.fits,2026-02-02 00:05:50,1172.0393332789304,1126.5999432213132,4.1630241654253,11.669295164150432,9.803172752691736,27.47909016392416,1961.1612501654781,653.8326558457678,31972.81017753566,42631.10288682374,True,1,30
3330,newsecondary3330 26-02-02 00-06-50.fits,2026-02-02 00:06:50,1169.0915386879517,1122.9946647484473,3.5468574541346727,12.68016419886697,8.352211029863769,29.85950482977575,2250.1270707016115,677.2594001368612,32018.879977083336,42691.057446918596,True,1,31
3331,newsecondary3331 26-02-02 00-07-50.fits,2026-02-02 00:07:50,1170.8988670270235,1124.7599274415568,2.8362670677241497,10.255781703739899,6.678898544137981,24.150520333428375,2841.110444237723,850.8175650308613,32002.780948460153,42669.51371644902,True,1,29
3332,newsecondary3332 26-02-02 00-08-50.fits,2026-02-02 00:08:50,1168.5688936529918,1125.2391841644742,3.417744523786247,11.659856908755646,8.048173313406611,27.456864770930398,2396.179645016368,775.2669982934765,31954.052427812236,42604.30726719871,True,1,30
3333,newsecondary3333 26-02-02 00-09-50.fits,2026-02-02 00:09:50,1169.3441952713506,1126.9337909143596,3.8585467659852353,11.310652051265576,9.086183269231375,26.634550172690602,1991.456973686127,730.8335398242191,32006.936629164284,42675.16496882855,True,1,32
3334,newsecondary3334 26-02-02 00-10-50.fits,2026-02-02 00:10:50,1168.184927252312,1124.75637152893,3.109262060233038,8.459192307967664,7.321752624690984,19.919875611573875,2625.842308590121,998.9130452344594,32029.908875089004,42706.17695325066,True,1,32
3335,newsecondary3335 26-02-02 00-11-50.fits,2026-02-02 00:11:50,1170.7730472698247,1122.7882487709812,3.5837018143989785,8.798143078991894,8.438972867960498,20.718043681460426,2157.2431243099963,840.0439789797217,31957.6583592129,42610.6496627769,True,1,28
3336,newsecondary3336 26-02-02 00-12-50.fits,2026-02-02 00:12:50,1169.8297726761766,1123.4850674130964,3.1259060993414733,10.259137814999859,7.360946341613808,24.15842337149668,2544.1956144340893,810.494700120338,31900.44328488169,42533.457532795386,True,1,29
3337,newsecondary3337 26-02-02 00-13-51.fits,2026-02-02 00:13:51,1169.8801463889133,1124.2404093139285,3.4500472477255544,10.401464213840363,8.124240415247993,24.49357642842337,2346.958946006593,810.2962863719255,31975.50059102236,42633.57379893111,True,1,28
3338,newsecondary3338 26-02-02 00-14-51.fits,2026-02-02 00:14:51,1169.7031571895695,1124.3488916781923,3.5562454868292015,9.757849923216215,8.374318157436251,22.97798059559325,2205.458430769747,859.5763311012772,32011.860005568025,42681.77796417444,True,1,30
3339,newsecondary3339 26-02-02 00-15-51.fits,2026-02-02 00:15:51,1170.5902323120577,1127.644983324139,4.427645045294933,10.725806519202749,10.426307304942474,25.257344190542266,1837.7029740255625,807.8443289870136,31929.31339759132,42571.73694059818,True,1,28
3340,newsecondary3340 26-02-02 00-16-51.fits,2026-02-02 00:16:51,1170.36519498649,1124.3515924212973,3.466957319431455,9.031626780952891,8.164060591063958,21.267855783026214,2321.7460982897983,718.7611031056017,31919.001990666584,42560.67799201318,True,1,28
3341,newsecondary3341 26-02-02 00-17-51.fits,2026-02-02 00:17:51,1170.9417861030674,1124.9586534620087,3.5608923753063455,11.584684836069748,8.385260743569253,27.27984806734312,2235.0899935814164,699.9401658652245,31994.874598316634,42659.63980872917,True,1,30
3342,newsecondary3342 26-02-02 00-18-51.fits,2026-02-02 00:18:51,1169.0339423824894,1125.2431723096013,2.760080564918429,9.055446868653528,6.499493040170263,21.32394780301807,2964.1685001763717,909.1371419226776,32031.457334928447,42708.54363375967,True,1,32
3343,newsecondary3343 26-02-02 00-19-51.fits,2026-02-02 00:19:51,1172.5449991374346,1129.1381623936961,2.9022191906955315,9.688482876697817,6.834203925323337,22.814633683987136,2718.6675095165097,855.561840104121,31989.389768227134,42652.005306996245,True,1,29
3344,newsecondary3344 26-02-02 00-20-51.fits,2026-02-02 00:20:51,1171.6431063396067,1124.3857542520027,2.906849661860391,9.80269510009359,6.845107851640286,23.083582917027055,2854.808342339475,894.7355539388327,32026.345967825117,42701.18560441954,True,1,31
3345,newsecondary3345 26-02-02 00-21-51.fits,2026-02-02 00:21:51,1170.5866532208731,1127.1700604671564,3.4013153982279265,9.605199440125714,8.009485679219548,22.618516178128083,2339.1262397136497,858.8782185584162,32039.999228201137,42719.62041005848,True,1,32
3346,newsecondary3346 26-02-02 00-22-51.fits,2026-02-02 00:22:51,1169.5228787046433,1127.1059705780165,3.1409665715077373,9.14937308926619,7.396411043358556,21.545127150070766,2601.6740515215433,920.1989891226972,31910.573459561834,42547.11218358876,True,1,29
3347,newsecondary3347 26-02-02 00-23-51.fits,2026-02-02 00:23:51,1171.422411248412,1125.6057394923405,3.4326675848604546,10.233959165922569,8.083314436757377,24.09913218394268,2308.3690997337508,741.26883540682,31972.504173993875,42630.44106448805,True,1,28
3348,newsecondary3348 26-02-02 00-24-51.fits,2026-02-02 00:24:51,1171.0660549114332,1126.4072073198113,2.7504977786257245,9.286981501925025,6.476927302920955,21.86917019856468,2917.46602877976,923.2650888133657,32012.52839580626,42682.66219248789,True,1,30
3349,newsecondary3349 26-02-02 00-25-51.fits,2026-02-02 00:25:51,1171.1325671688855,1127.6290984707564,3.0524816367152043,10.292164913319917,7.188044945225843,24.236196244649964,2571.463173750273,722.2989919436422,32018.803476889378,42692.27349498102,True,1,27
3350,newsecondary3350 26-02-02 00-26-51.fits,2026-02-02 00:26:51,1171.1248246563955,1128.7243760559595,3.3588804514276425,7.90102275437701,7.909559015884416,18.605486758252624,2387.1257656881735,958.4703770054612,31994.447406961615,42659.837224294046,True,1,30
3351,newsecondary3351 26-02-02 00-27-51.fits,2026-02-02 00:27:51,1169.9373887621075,1127.2694326219823,3.5894951163801916,9.892571659072733,8.452615051592776,23.295226039689545,2215.541339540747,860.1676962908159,32028.63757732867,42704.132418523295,True,1,30
3352,newsecondary3352 26-02-02 00-28-51.fits,2026-02-02 00:28:51,1169.145408300748,1129.8207042143315,3.2683999489586752,8.670433726585093,7.69649371498602,20.41731113847497,2481.276377678724,877.9947423200493,32003.976364594528,42672.6095954278,True,1,28
3353,newsecondary3353 26-02-02 00-29-51.fits,2026-02-02 00:29:51,1168.9165835297297,1127.4880128265513,4.342708924015042,9.53842288886107,10.226298024005407,22.461269416672064,1834.775984348979,905.4509974455672,32039.24515489257,42718.13133642224,True,1,30
3354,newsecondary3354 26-02-02 00-30-51.fits,2026-02-02 00:30:51,1168.0609039805606,1126.8676889193964,3.6425272636489403,10.595821049931425,8.577496215012259,24.9512518019394,2228.432557006348,843.28927039827,32025.913727467723,42700.1632810261,True,1,31
3355,newsecondary3355 26-02-02 00-31-51.fits,2026-02-02 00:31:51,1168.9313824946194,1127.3839034907817,3.0860184702347686,9.149949604629644,7.267018153044579,21.546484740004896,2592.733071452411,909.8058286749443,31956.367635159877,42608.0731109833,True,1,31
3356,newsecondary3356 26-02-02 00-32-51.fits,2026-02-02 00:32:51,1167.8789080493907,1128.6352866131556,4.055514078371357,9.828788124113318,9.550005844654088,23.145027293024185,2016.2827678417311,873.8813744098068,31964.30869685498,42618.546852350075,True,1,30
3357,newsecondary3357 26-02-02 00-33-51.fits,2026-02-02 00:33:51,1169.2132766665413,1123.7980204272174,3.0807873240292225,9.933166168128606,7.254699745101272,23.390818803332508,2655.822247027255,836.5269911318854,31990.41539679803,42653.72300361385,True,1,30
3358,newsecondary3358 26-02-02 00-34-52.fits,2026-02-02 00:34:52,1168.884472189964,1128.4941387017122,3.84224245263676,9.418688787465754,9.04778954533792,22.179317154632606,2096.563746651992,812.4353332355051,31981.62763900851,42642.69037601348,True,1,30
3359,newsecondary3359 26-02-02 00-35-51.fits,2026-02-02 00:35:51,1170.9654198991632,1123.0905547636737,2.868956992164976,11.395637597287223,6.7558774334817855,26.834675840000276,2705.8928016232503,788.13608118586,31991.69514618875,42654.022729451586,True,1,29
3360,newsecondary3360 26-02-02 00-36-51.fits,2026-02-02 00:36:51,1171.5648575666096,1127.5514794573314,3.1422772787870152,7.482142694937189,7.399497523132968,17.61909959781998,2628.1364855663483,1149.8235640364078,31907.534887184585,42542.93524484429,True,1,29
3361,newsecondary3361 26-02-02 00-37-51.fits,2026-02-02 00:37:51,1168.9312866036053,1123.0904227017716,3.3112055555062683,10.17805073748398,7.797293215324,23.967477895969314,2400.455610125433,770.080529096372,32025.19070637395,42700.39673418786,True,1,30
3362,newsecondary3362 26-02-02 00-38-51.fits,2026-02-02 00:38:51,1170.0415777521796,1126.1016703632283,3.250215173804689,9.76339453237235,7.653671841939033,22.991037152375984,2526.879760850498,924.8331044995368,32022.346182588608,42695.40862836497,True,1,29
3363,newsecondary3363 26-02-02 00-39-51.fits,2026-02-02 00:39:51,1170.9081002619596,1127.2766540585058,3.8580616910971797,9.163631768895172,9.08504100516164,21.578703774676768,2103.4486587811916,944.0592175992846,32041.50506299007,42721.31591106517,True,1,31
3364,newsecondary3364 26-02-02 00-40-51.fits,2026-02-02 00:40:51,1170.423611994825,1127.438876834919,3.0261269525419765,8.4200502628814,7.125984406654267,19.827703139201237,2727.284002533135,1073.6718534295926,32013.363243467218,42683.46921310676,True,1,30
3365,newsecondary3365 26-02-02 00-41-51.fits,2026-02-02 00:41:51,1171.0016757834956,1127.1143306091049,4.686785754829807,8.579109152201973,11.036537042238738,20.20225820011368,1686.1992235792388,946.5506305526227,32015.700803023417,42687.32035580204,True,1,30
3366,newsecondary3366 26-02-02 00-42-51.fits,2026-02-02 00:42:51,1169.1181215433644,1127.0751168829804,3.4129722451288877,8.871308622946875,8.036935455963787,20.89033537097121,2375.8298602333584,915.3795639888596,31966.780729262748,42622.358867025534,True,1,31
3367,newsecondary3367 26-02-02 00-43-52.fits,2026-02-02 00:43:52,1168.5314652785307,1128.7603299850825,3.3576834301410403,9.398798690627828,7.9067402461643965,22.13247955590105,2471.209137191024,925.608814369655,31935.443347482364,42580.07268989017,True,1,27
3368,newsecondary3368 26-02-02 00-44-52.fits,2026-02-02 00:44:52,1169.460354739142,1127.8897909166249,3.2531772982757103,8.404931927818176,7.66064711201927,19.79210218074686,2561.979743309791,1050.026148405521,31922.670262458403,42562.92747264091,True,1,29
3369,newsecondary3369 26-02-02 00-45-52.fits,2026-02-02 00:45:52,1169.8032109835488,1128.4055368135344,3.114332595240298,8.72507926276527,7.333692822165112,20.545991542443517,2689.3768806435723,995.0084089991929,31987.168768874082,42649.16390848923,True,1,28
3370,newsecondary3370 26-02-02 00-46-52.fits,2026-02-02 00:46:52,1168.5889511139026,1126.736045763281,3.2745037029910438,10.748705761823569,7.71086695733138,25.3112677860818,2476.4003183226787,872.0022386939831,32003.656557254173,42669.912363589625,True,1,30
3371,newsecondary3371 26-02-02 00-47-52.fits,2026-02-02 00:47:52,1167.3118078469874,1127.121290026502,3.1223810227541207,8.529029929770712,7.35264542060564,20.084330643292983,2643.2932526358786,965.4887775126207,31975.24223482693,42633.68040715437,True,1,28
3372,newsecondary3372 26-02-02 00-48-52.fits,2026-02-02 00:48:52,1168.370488239654,1130.2810187791176,2.9382886820057137,8.946190836914813,6.919141086474624,21.066669509439205,2739.034523323563,997.1608831219039,32004.34354544653,42671.33276317784,True,1,31
3373,newsecondary3373 26-02-02 00-49-52.fits,2026-02-02 00:49:52,1168.5642596829493,1126.412657634641,2.9755892572648173,10.583736831987528,7.006977228785946,24.92279564329659,2696.2315372985868,882.6649319035256,31967.01798926089,42620.989889804565,True,1,28
3374,newsecondary3374 26-02-02 00-50-52.fits,2026-02-02 00:50:52,1170.0843680766582,1126.3833180497493,3.209721777295686,9.279923770809962,7.558317180148246,21.852550511862493,2556.475442595197,909.2967012738819,31983.47981247502,42644.33979362267,True,1,28
3375,newsecondary3375 26-02-02 00-51-52.fits,2026-02-02 00:51:52,1169.8531050298036,1128.0028433914445,4.4818381380934404,9.090273669685896,10.553922286166621,21.405958652193394,1862.3342375694965,886.6944294517974,31896.956394436464,42529.64446312255,True,1,31
3376,newsecondary3376 26-02-02 00-52-52.fits,2026-02-02 00:52:52,1169.7643251695492,1129.3371836888005,3.6089293675927796,7.805352164479517,8.498379215908345,18.380199735442073,2288.6486040351315,887.2743923958851,31868.760156392847,42493.40039754591,True,1,30
3377,newsecondary3377 26-02-02 00-53-52.fits,2026-02-02 00:53:52,1170.350366941525,1126.8958583502465,3.4713341171503505,6.744196231362275,8.174367162065458,15.88136847323407,2319.261898558234,1166.8755167820982,31992.270564729086,42656.5945186186,True,1,28
3378,newsecondary3378 26-02-02 00-54-53.fits,2026-02-02 00:54:53,1169.3789009630027,1126.674272835505,3.2763738791882084,9.785277351949276,7.715270885728203,23.04256725455752,2499.4189756474234,952.1795693023756,31991.65244723498,42654.081733013896,True,1,29
3379,newsecondary3379 26-02-02 00-55-53.fits,2026-02-02 00:55:53,1172.0338155841932,1128.2091242414258,3.0943225771171754,6.175897452204581,7.2865728303873505,14.543127116506918,2629.2858773960006,1290.5703798226714,32005.43303497519,42674.12401952131,True,1,19
3380,newsecondary3380 26-02-02 00-56-52.fits,2026-02-02 00:56:52,1170.2666029841505,1125.1557901415501,3.7023036117306725,11.86347720209668,8.718258757693869,27.936353919264945,2224.0183094950607,764.3421707331739,32041.421468093013,42720.82021940163,True,1,30
3381,newsecondary3381 26-02-02 00-57-52.fits,2026-02-02 00:57:52,1167.6392751467051,1126.1300710394344,3.2564091305844536,10.19906973800985,7.668257495522077,24.016973859734147,2478.3609482242373,857.4010139241706,31952.400120785172,42602.33091861302,True,1,27
3382,newsecondary3382 26-02-02 00-58-52.fits,2026-02-02 00:58:52,1170.2088442874162,1126.081690609065,3.4555002033971105,8.456678953806335,8.137081144568038,19.913957114814515,2357.8750644559454,1005.3607428472329,32029.30165926146,42705.27860778136,True,1,27
3383,newsecondary3383 26-02-02 00-59-52.fits,2026-02-02 00:59:52,1169.6052910096655,1126.1726802457245,3.0137616510851095,9.05153831026254,7.096866346920786,21.314743851371798,2749.116503565562,906.8678406678292,31979.507765743296,42639.4424992627,True,1,27
3384,newsecondary3384 26-02-02 01-00-52.fits,2026-02-02 01:00:52,1170.3964697524027,1127.1449622823804,3.610245167869581,8.728971968685762,8.501477688775413,20.5551581643745,2217.8342757817823,946.8703209788821,32023.02917214412,42697.039199861625,True,1,27
3385,newsecondary3385 26-02-02 01-01-52.fits,2026-02-02 01:01:52,1167.91841177533,1124.8308338921443,3.0311196301461494,9.212347385891311,7.13774126395495,21.693420286085324,2670.057559921778,889.8142034581407,31923.704550893803,42564.805283907444,True,1,33
3386,newsecondary3386 26-02-02 01-02-52.fits,2026-02-02 01:02:52,1168.447668095215,1123.8834813245874,3.282522134432721,12.325170118750432,7.729748920419948,29.023557654050002,2418.515425593617,775.4638775900156,31917.825348456332,42555.0130340109,True,1,29
3387,newsecondary3387 26-02-02 01-03-52.fits,2026-02-02 01:03:52,1169.48314636498,1124.7021490416935,2.950761178273398,10.579350077961967,6.94851157069734,24.912465626984577,2690.943716417084,725.8612773656765,31991.917260288563,42656.22646547811,True,1,29
3388,newsecondary3388 26-02-02 01-04-52.fits,2026-02-02 01:04:52,1169.3317619461507,1124.3364228886487,3.579539477821092,9.693876782336314,8.429171314352725,22.827335361105675,2194.981275767776,778.1270522521894,31919.51904557123,42559.76354553652,True,1,28
3389,newsecondary3389 26-02-02 01-05-52.fits,2026-02-02 01:05:52,1171.2452951364548,1125.3281202606381,3.306714716803004,10.616580320910183,7.786718098326553,25.000136149360408,2412.8440322588735,823.3700223724256,31929.859046508212,42572.16184391441,True,1,28
3390,newsecondary3390 26-02-02 01-06-52.fits,2026-02-02 01:06:52,1170.26914372194,1125.617516813728,3.1678763216147603,9.117700181357915,7.459778662317348,21.470543151643938,2464.1930787262286,915.6427255113038,32030.904170793616,42707.1729802604,True,1,33
3391,newsecondary3391 26-02-02 01-07-52.fits,2026-02-02 01:07:52,1168.5732982278973,1126.607666477306,3.1173233496911728,9.8304202460049,7.340735510695797,23.148870646370415,2601.087094688877,871.0006994918382,31983.090733506633,42643.53574557201,True,1,29
3392,newsecondary3392 26-02-02 01-08-52.fits,2026-02-02 01:08:52,1168.0513216128022,1127.2307937552018,3.4270636039823423,10.322708914709514,8.070118070253628,24.30812187137764,2296.940862283627,905.3572168702868,31996.269065474713,42659.79151549041,True,1,28
3393,newsecondary3393 26-02-02 01-09-52.fits,2026-02-02 01:09:52,1168.805180389931,1126.9458510278896,2.761305630692814,8.429759860068911,6.502377849612267,19.850567493287564,2938.608102244486,1078.3737217096636,31926.62663109957,42567.57698933286,True,1,27
3394,newsecondary3394 26-02-02 01-10-52.fits,2026-02-02 01:10:52,1171.0524013530883,1124.0637442433838,2.9692430206400697,8.748766983276113,6.992032983571481,20.601771861523538,2784.011088365401,1084.1858092608093,31918.34459653856,42556.221145226846,True,1,31
3395,newsecondary3395 26-02-02 01-11-52.fits,2026-02-02 01:11:52,1169.4754665111543,1125.831075953595,3.4379117769831593,10.458923191909108,8.095663565487914,24.628881981746645,2381.650757569883,812.5427596689267,31999.387718105903,42665.4500333025,True,1,30
3396,newsecondary3396 26-02-02 01-12-52.fits,2026-02-02 01:12:52,1170.317078543567,1124.5665765065078,2.838658362916201,9.004790385952466,6.68452961398981,21.204660902142844,2832.6573858518886,950.5469143663449,32032.182999978813,42708.90873256154,True,1,29
3397,newsecondary3397 26-02-02 01-13-52.fits,2026-02-02 01:13:52,1171.0089044782094,1120.9545839474429,3.171983033750575,8.997819596022685,7.469449230373937,21.188245946286496,2549.7126210583106,947.5685314439123,31928.966157378705,42571.38958841687,True,1,32
3398,newsecondary3398 26-02-02 01-14-52.fits,2026-02-02 01:14:52,1171.7472289391587,1123.3618686445811,3.652717935504845,8.935079541046976,8.601493413370875,21.040504407203354,2259.7852153823737,950.726116645858,32002.79567626337,42670.08418734592,True,1,29
3399,newsecondary3399 26-02-02 01-15-52.fits,2026-02-02 01:15:52,1169.2129089552386,1123.1537746912634,3.188662186220795,6.532954086939278,7.508725632944938,15.383931237191476,2543.422861226439,1153.4838731532416,31951.95754364708,42603.35077601068,True,1,30
3400,newsecondary3400 26-02-02 01-16-52.fits,2026-02-02 01:16:52,1170.5607072904947,1126.8272716436104,3.5872872243410048,10.051383356333334,8.447415863161634,23.669199007784197,2315.4319373880976,840.7934920536928,32009.75912277872,42679.49184108192,True,1,29
3401,newsecondary3401 26-02-02 01-17-52.fits,2026-02-02 01:17:52,1169.7736640851701,1124.945920816889,4.011148974078934,5.5711139330790616,9.445534007766403,13.118970762765786,2084.3345385641605,1497.1951746149946,31992.74311069302,42657.01599843567,True,1,5
3402,newsecondary3402 26-02-02 01-18-52.fits,2026-02-02 01:18:52,1172.1373785150117,1126.0999427895479,3.311506000764606,8.743187382680523,7.798000709840769,20.588632906197777,2445.5794951940893,989.3452227309422,32002.87767848865,42669.79248376601,True,1,32
3403,newsecondary3403 26-02-02 01-19-52.fits,2026-02-02 01:19:52,1171.5785773203481,1125.269609302456,3.8399921607986562,8.084530790319329,9.042490513010383,19.03761515971386,2138.9636291673173,1062.3282855458708,32029.706616144646,42705.79218572494,True,1,29
3404,newsecondary3404 26-02-02 01-20-52.fits,2026-02-02 01:20:52,1172.3280629742662,1126.079581898159,3.4662513618243924,8.02361712042098,8.162398187939905,18.894174428820826,2355.9025776169683,1065.6186693610882,32018.434990820948,42690.75156222884,True,1,29
3405,newsecondary3405 26-02-02 01-21-52.fits,2026-02-02 01:21:52,1170.845634225212,1127.3503409748923,3.4865396856985216,7.871628675303922,8.210173539678784,18.536268991646093,2334.4972381214925,1046.7458269961792,32055.71479830338,42740.8237651564,True,1,29
3406,newsecondary3406 26-02-02 01-22-52.fits,2026-02-02 01:22:52,1171.5107741210434,1126.2187393919774,3.2981587751120953,9.182531868138017,7.766570395328685,21.623210107226893,2496.8192705268507,923.6470160442641,31971.172511884928,42627.91215901371,True,1,28
3407,newsecondary3407 26-02-02 01-23-53.fits,2026-02-02 01:23:53,1172.3122673363328,1127.6408290935412,3.366609924318486,7.255136186888055,7.927760533585299,17.0845401223134,2417.669030850128,1234.2489293584417,31992.945477924,42656.20938063274,True,1,31
3408,newsecondary3408 26-02-02 01-24-53.fits,2026-02-02 01:24:53,1172.2211344926902,1129.5622545338117,4.5988472797237465,7.910674363856812,10.829457758329532,18.628214561722476,1840.5589702498885,1005.7324916214699,32004.443970364173,42673.24753580882,True,1,32
3409,newsecondary3409 26-02-02 01-25-53.fits,2026-02-02 01:25:53,1171.720584653079,1126.491191604647,3.1784706932264237,8.384106114439321,7.484726500953,19.74306113794826,2543.455082661384,1106.9483455976454,32019.25951830711,42690.80326825519,True,1,31
3410,newsecondary3410 26-02-02 01-26-53.fits,2026-02-02 01:26:53,1174.4305741451794,1129.6936745168182,3.203101380247854,8.5548948993037,7.5427273364739476,20.145237992013378,2561.3847075214867,990.9891515891417,32031.686219875428,42708.56239014643,True,1,30
3411,newsecondary3411 26-02-02 01-27-53.fits,2026-02-02 01:27:53,1172.9073573875112,1129.9587257754301,3.8717856829052004,7.606133062638992,9.117358536169009,17.911074601074944,2166.237265579525,1078.0952178162077,32026.44729599192,42702.17094029933,True,1,30
3412,newsecondary3412 26-02-02 01-28-53.fits,2026-02-02 01:28:53,1171.2510547772777,1127.8370720959774,3.6270486614550297,9.591936246357323,8.541046892296977,22.587283743581146,2260.211441762072,906.8319535090702,31960.98800920859,42614.00548333095,True,1,30
3413,newsecondary3413 26-02-02 01-29-53.fits,2026-02-02 01:29:53,1171.0894832053768,1130.9438264255787,3.9729530893503124,9.273546018563877,9.355589572769752,21.837532053031172,1993.0407724964793,849.8145127763908,32021.856432051183,42695.856882101725,True,1,31
3414,newsecondary3414 26-02-02 01-30-53.fits,2026-02-02 01:30:53,1173.1121629442348,1129.092621292047,3.1029912176840657,7.906911158567439,7.306985918957432,18.619352890473493,2621.5182428051544,1098.9452785675287,32016.927357934746,42688.521218235546,True,1,28
3415,newsecondary3415 26-02-02 01-31-53.fits,2026-02-02 01:31:53,1173.789070501406,1128.7271484518074,3.520406220718786,5.806205251946268,8.289923135200246,13.672568512847045,2294.887204515057,1448.5540326054597,31994.077589745106,42658.34246251526,True,1,26
3416,newsecondary3416 26-02-02 01-32-53.fits,2026-02-02 01:32:53,1172.4946024010553,1128.6842817905354,3.3133256024599906,8.045826676861427,7.802285544387033,18.94647393751804,2434.2046615213276,1043.4780381352166,32031.11352597296,42707.725433514606,True,1,27
3417,newsecondary3417 26-02-02 01-33-53.fits,2026-02-02 01:33:53,1175.2582290924418,1126.5726926636105,3.029510965745363,8.35878153425055,7.13395314877825,19.683426308887746,2639.3459845487855,1020.5368061259128,32037.691428156242,42716.23268888226,True,1,31
3418,newsecondary3418 26-02-02 01-34-53.fits,2026-02-02 01:34:53,1173.0372637550342,1125.175938210198,3.102937175439426,6.872746050449639,7.306858659196475,16.184080164006097,2607.306344597221,1196.0716362993223,32000.27068123174,42666.85996496946,True,1,29
3419,newsecondary3419 26-02-02 01-35-53.fits,2026-02-02 01:35:53,1172.0470734857913,1125.0942639416082,2.9065628092097273,7.855524725221093,6.844432365268533,18.49834708718687,2804.5888283079503,1047.7689528804003,32039.832825711157,42719.6751577904,True,1,29
3420,newsecondary3420 26-02-02 01-36-53.fits,2026-02-02 01:36:53,1172.2939795075592,1125.7151853090193,2.8539312957357024,8.10456758151222,6.720494622339582,19.084798197252976,2937.8105933653937,1102.9126556027527,32005.837443095763,42673.73517324345,True,1,28
3421,newsecondary3421 26-02-02 01-37-54.fits,2026-02-02 01:37:54,1174.890877797636,1127.464792819438,2.980976151087179,7.266899015877783,7.019662394339297,17.11223946780468,2800.650636064567,1126.9692641941579,32014.36264692034,42686.02201009488,True,1,28
3422,newsecondary3422 26-02-02 01-38-53.fits,2026-02-02 01:38:53,1172.6007248332373,1125.425481314652,5.201803033785558,6.391512444829073,12.249310054261038,15.05086162314827,1669.5106916726372,1369.2992795801454,32025.922558841005,42701.14313609971,True,1,28
3423,newsecondary3423 26-02-02 01-39-53.fits,2026-02-02 01:39:53,1172.5792885588535,1125.4940118329782,3.5626673945592358,7.120691189364497,8.389440594486274,16.76794634719079,2337.012930970852,1305.1290062983098,32037.81667189501,42715.84148616579,True,1,30
3424,newsecondary3424 26-02-02 01-40-53.fits,2026-02-02 01:40:53,1171.196260713117,1125.4406208385017,3.4938189237385897,8.753442781520553,8.22731483532809,20.612782524956067,2322.797520052515,984.0972475040957,31991.86945364391,42655.18277009997,True,1,29
3425,newsecondary3425 26-02-02 01-41-53.fits,2026-02-02 01:41:53,1173.7304062504465,1125.910336561556,4.092312937569807,8.566916502428867,9.63666053592887,20.173546704025927,2048.8518294073856,993.453048314927,31974.78397678512,42632.88246623673,True,1,28
3426,newsecondary3426 26-02-02 01-42-53.fits,2026-02-02 01:42:53,1171.4973925074473,1129.2767327225706,3.435572497238387,6.2103825878736325,8.09015498265399,14.62433340523601,2395.706243625974,1322.6748140642926,31973.63151580571,42631.529712770476,True,1,27
3427,newsecondary3427 26-02-02 01-43-53.fits,2026-02-02 01:43:53,1173.2718615333697,1127.6366860971532,3.3065483131260125,7.508837898475408,7.786326247612406,17.681961998217957,2501.102810428584,1217.4702746344099,32004.45761607071,42671.48607933697,True,1,29
3428,newsecondary3428 26-02-02 01-44-53.fits,2026-02-02 01:44:53,1175.4581101052543,1128.1765989627738,3.3701609425872427,6.692066813125115,7.936122542584838,15.758613074233406,2455.646822082195,1223.7205202064285,31984.380529464717,42645.9525056009,True,1,26
3429,newsecondary3429 26-02-02 01-45-53.fits,2026-02-02 01:45:53,1173.9558315746751,1125.994072234977,4.236205404160555,5.391083564354353,9.975501400585708,12.695031641778527,1899.3847614987524,1339.1784594487767,31920.0810986316,42561.173914042716,True,1,14
3430,newsecondary3430 26-02-02 01-46-53.fits,2026-02-02 01:46:53,1174.1063871247484,1126.9515279377752,4.3177656898251024,4.795863345233062,10.167561196147036,11.293395138584,1985.4260182757089,1739.3850127029739,31969.884902608752,42626.81073860158,True,1,1
3431,newsecondary3431 26-02-02 01-47-53.fits,2026-02-02 01:47:53,1173.8900036526675,1125.4597295589738,4.15408132114044,5.7988483321952975,9.782113963710156,13.655244290747776,2063.603445237647,1384.970121492232,31930.838826622945,42575.14953058768,True,1,21
3432,newsecondary3432 26-02-02 01-48-53.fits,2026-02-02 01:48:53,1175.485401405206,1126.178421527841,4.8598176911665805,6.726330419424395,11.443996114355091,15.839297701161998,1756.7011293560247,1327.7568571958507,32023.532135304224,42697.53522374452,True,1,26
3433,newsecondary3433 26-02-02 01-49-54.fits,2026-02-02 01:49:54,1175.2087489813473,1126.7896574122897,3.477139220953271,5.464648132641916,8.188037136864061,12.86826296178613,2360.688784435002,1529.5022811960916,31963.316158664074,42617.561790176806,True,1,15
3434,newsecondary3434 26-02-02 01-50-53.fits,2026-02-02 01:50:53,1177.4745614916585,1127.309989601412,3.7180432491716355,5.087780246460007,8.755322771441367,11.980806909076527,2234.8157806527615,1658.4820479320733,31954.501570372762,42605.83595171208,True,1,18
3435,newsecondary3435 26-02-02 01-51-53.fits,2026-02-02 01:51:53,1176.1088656872141,1127.175036289751,3.610231123244896,7.056591934955041,8.50144461621168,16.617004138035863,2363.2439297845017,1166.7520908900701,31927.85602103682,42570.85966745106,True,1,27
3436,newsecondary3436 26-02-02 01-52-53.fits,2026-02-02 01:52:53,1176.7094405428443,1127.9518101891854,3.1947918412355607,5.685588846191726,7.523159867442833,13.388538582816663,2530.533147410536,1403.2836947237424,32016.177506520235,42688.37339558434,True,1,26
3437,newsecondary3437 26-02-02 01-53-53.fits,2026-02-02 01:53:53,1176.0155860647997,1127.8557756807502,4.502428337028835,6.023523695303799,10.602408499350863,14.184314339420283,1914.3320061989546,1418.6086237035126,31979.638894006024,42639.614097002646,True,1,17
3438,newsecondary3438 26-02-02 01-54-53.fits,2026-02-02 01:54:53,1176.0199750850759,1128.2166403945382,4.180638573757199,6.029901385191596,9.844651514513052,14.199332651409057,2019.5153365916588,1406.8597600269222,31970.25574038949,42626.95561048916,True,1,26
3439,newsecondary3439 26-02-02 01-55-53.fits,2026-02-02 01:55:53,1174.7946624895392,1128.7101902743914,3.4505092719285315,5.407438904116407,8.125328399102452,12.733545523693504,2423.7644470861214,1681.85902132052,32007.879441361933,42676.22960085376,True,1,1
3440,newsecondary3440 26-02-02 01-56-53.fits,2026-02-02 01:56:53,1176.5864046933707,1129.0190878245494,4.245788796146669,6.04265975791108,9.998068564133998,14.229376323230875,2002.473857568231,1471.7217830025706,31981.904491975693,42642.03511771025,True,1,19
3441,newsecondary3441 26-02-02 01-57-53.fits,2026-02-02 01:57:53,1175.9035510598017,1129.708029068439,3.92359328040715,6.1943954998999535,9.239356105251495,14.586686690013918,2188.9188210227085,1393.4264117818225,31987.93364413413,42650.52273798901,True,1,18
3442,newsecondary3442 26-02-02 01-58-53.fits,2026-02-02 01:58:53,1176.2266861352284,1130.3119225967405,4.364234169108562,6.812927825015394,10.276986102625832,16.043219007695356,1918.2761590111063,1179.1529871013267,32010.65701908373,42681.31226395207,True,1,31
3443,newsecondary3443 26-02-02 01-59-53.fits,2026-02-02 01:59:53,1176.790472690132,1131.802561141155,4.210098071202417,7.120701863740604,9.914023329613588,16.767971483425615,2012.1501974683938,1171.5369551918234,31990.987451931054,42654.81650841804,True,1,30
3444,newsecondary3444 26-02-02 02-00-53.fits,2026-02-02 02:00:53,1178.5853426578053,1128.2829538676776,3.156531694701335,6.7726196006858,7.433064107458216,15.948300393064427,2654.178282212412,1265.5060399508925,31929.508284587682,42572.429121828514,True,1,30
3445,newsecondary3445 26-02-02 02-01-53.fits,2026-02-02 02:01:53,1175.5322216543607,1130.7794731305792,4.469726185075556,7.002946116567848,10.525400816415635,16.490677889565614,1873.007300275677,1154.5344990109104,31988.550129130766,42651.769831381556,True,1,30
3446,newsecondary3446 26-02-02 02-02-53.fits,2026-02-02 02:02:53,1175.942333962002,1129.7520282608266,4.838165601741058,5.005527425652458,11.393009340159068,11.787116317878573,1807.2358160776382,1426.5377758475406,31934.709019629594,42581.67913342117,True,1,5
3447,newsecondary3447 26-02-02 02-03-53.fits,2026-02-02 02:03:53,1176.633558694954,1131.2057889627717,3.7503043536237723,7.1056473798824475,8.831291866880097,16.732520883068833,2290.629978293365,1235.1631207186522,32006.291921470653,42674.815968059585,True,1,28
3448,newsecondary3448 26-02-02 02-04-53.fits,2026-02-02 02:04:53,1177.1699156367192,1130.7419682889836,3.749140780908368,7.304689478242939,8.82855186252601,17.20122920609314,2264.2694028499586,1289.4682531969115,31979.351107348495,42637.935521698535,True,1,23
3449,newsecondary3449 26-02-02 02-05-54.fits,2026-02-02 02:05:54,1178.5491046255036,1131.455911589291,5.036711970097689,4.4243628451267405,11.86055030823336,10.41857831419461,1709.9856925695892,1891.7459506039231,31968.703375427875,42625.25107850793,True,1,1
3450,newsecondary3450 26-02-02 02-06-53.fits,2026-02-02 02:06:53,1175.9962317639686,1129.1764251027382,4.79281873222524,5.9151249375099075,11.286225622843817,13.929054771710772,1818.8858114856137,1413.771589508912,31967.79021698601,42624.17797384126,True,1,17
3451,newsecondary3451 26-02-02 02-07-53.fits,2026-02-02 02:07:53,1179.2557495092994,1130.4828973437939,3.5585499878853075,7.619335303152681,8.379744842716963,17.9421635016759,2231.8517163519564,1020.2128209180376,31926.221438064487,42568.51292028831,True,1,28
3452,newsecondary3452 26-02-02 02-08-53.fits,2026-02-02 02:08:53,1176.208942812514,1129.366152240466,4.564902258182727,6.815374707409233,10.749523341175731,16.048980975404202,1862.6226970591208,1149.1624574475438,31948.329442677572,42598.63742565151,True,1,31
3453,newsecondary3453 26-02-02 02-09-53.fits,2026-02-02 02:09:53,1178.4524144813236,1129.29843392871,4.305333943172317,4.137176666683929,10.138286669934311,9.742306544541641,1914.8792006685935,2035.9435215565431,31965.12842174123,42619.94059901656,True,1,1
3454,newsecondary3454 26-02-02 02-10-53.fits,2026-02-02 02:10:53,1174.9053091220057,1129.5019718700228,4.032579339208094,5.879624532170173,9.49599866114488,13.84545770561004,2172.1034948427605,1358.8314017251391,31961.141586635862,42615.84799262393,True,1,24
3455,newsecondary3455 26-02-02 02-11-53.fits,2026-02-02 02:11:53,1175.9641006455074,1129.3177207899766,4.101911473564442,5.578214282998229,9.659263360891988,13.135690809082176,2125.5749218829264,1543.4062039253918,31940.3699491511,42587.301084286504,True,1,13
3456,newsecondary3456 26-02-02 02-12-53.fits,2026-02-02 02:12:53,1176.927864033737,1128.6011339006247,4.466345905288005,7.041657004769991,10.517440865814097,16.581835065064972,1807.620568321079,1219.8897006335621,31947.27964507388,42595.70676465834,True,1,29
3457,newsecondary3457 26-02-02 02-13-53.fits,2026-02-02 02:13:53,1176.669855929144,1130.819381810503,4.552188731657904,7.477723032020243,10.719585274072045,17.608692086990875,1900.7487589427624,1071.2333995990298,31887.110814314547,42516.97579123223,True,1,27
3458,newsecondary3458 26-02-02 02-14-53.fits,2026-02-02 02:14:53,1176.7992706107268,1130.2258656480067,3.87447589568772,5.789380070287597,9.123693503154684,13.632948237815919,2181.9421427552074,1594.9770217406362,31929.56645823372,42571.74947237437,True,1,12
3459,newsecondary3459 26-02-02 02-15-53.fits,2026-02-02 02:15:53,1175.8483928457886,1130.4030948348422,4.662133611049586,8.294098598454083,10.978485679912088,19.531109635102776,1863.9067519814303,1053.0839944394033,31918.907000747517,42558.48515941787,True,1,28
3460,newsecondary3460 26-02-02 02-16-54.fits,2026-02-02 02:16:54,1176.4901813902306,1128.7550190874929,5.873700689336129,5.538774666154716,13.831508121760821,13.042817608770731,1453.2413314415376,1505.8299121815196,31987.622939865105,42650.41593914613,True,1,22
3461,newsecondary3461 26-02-02 02-17-53.fits,2026-02-02 02:17:53,1177.4667885806296,1131.1014548607232,3.760500639407804,7.752813375923202,8.855302285029198,18.25648034300802,2237.289243118308,1132.116884323899,31972.753053657238,42629.86836192366,True,1,29
3462,newsecondary3462 26-02-02 02-18-53.fits,2026-02-02 02:18:53,1176.5185500737077,1131.3644048049975,5.674574313191896,4.887358604739822,13.36260133972201,11.508850009695825,1568.7527994754732,1787.6585623143924,32027.259638971944,42703.22570373516,True,1,1
3463,newsecondary3463 26-02-02 02-19-53.fits,2026-02-02 02:19:53,1173.531218221198,1129.7606162525058,5.339760103034747,6.616664373202849,12.574174126282749,15.581053897260212,1571.5892139186901,1289.120716636045,32005.99714608211,42674.48521866415,True,1,31
3464,newsecondary3464 26-02-02 02-20-53.fits,2026-02-02 02:20:53,1177.0328191242022,1130.6095746213489,4.813999837053597,5.964432779614487,11.336103313069534,14.045165866675857,1824.8845904839561,1384.6102480646107,31972.20612860358,42630.28715228934,True,1,30
3465,newsecondary3465 26-02-02 02-21-53.fits,2026-02-02 02:21:53,1177.30059650087,1129.4017196202785,3.4519904459084096,7.009742200452368,8.128816297280448,16.50668144412459,2448.916182858925,1250.095189085623,31952.776959419483,42603.303911937284,True,1,30
3466,newsecondary3466 26-02-02 02-22-53.fits,2026-02-02 02:22:53,1176.4946639263183,1130.5708230983448,3.3996453333516072,6.382247151550326,8.005552976972288,15.029043524812385,2452.971241510904,1383.5941032181574,32033.782270328968,42711.0763223003,True,1,27
3467,newsecondary3467 26-02-02 02-23-53.fits,2026-02-02 02:23:53,1176.5887450393957,1129.4718265510203,3.229673273052218,5.25592234687496,7.605299362284078,12.376751297547266,2461.6751023734487,1624.2343638287662,32005.14015694665,42672.7640386773,True,1,1
3468,newsecondary3468 26-02-02 02-24-53.fits,2026-02-02 02:24:53,1175.4751651956649,1129.3905620721466,3.921495099578454,5.2348514286315,9.234415266977983,12.327133076900358,2154.7541315217572,1588.9824671669558,31921.8685754646,42562.66134132361,True,1,1
3469,newsecondary3469 26-02-02 02-25-54.fits,2026-02-02 02:25:54,1174.7745186178254,1128.838069695944,5.0093126577348315,4.472729093753059,11.79602985826124,10.532472125962816,1781.107985292999,1712.4800521987622,31872.20352806776,42497.89947654131,True,1,2
3470,newsecondary3470 26-02-02 02-26-53.fits,2026-02-02 02:26:53,1176.2147043885002,1130.5801664284545,6.065775660595304,4.669484726675139,14.28381011423067,10.995796234340482,1493.4395339547593,1780.7061717986262,31975.13957652695,42634.47861899742,True,1,1
3471,newsecondary3471 26-02-02 02-27-53.fits,2026-02-02 02:27:53,1176.1043489348,1132.6523790881354,3.553056262186025,6.624388826567709,8.366808107318391,15.59924359488069,2318.1788604214726,1290.0335693525342,31982.101024545052,42642.4028533034,True,1,26
3472,newsecondary3472 26-02-02 02-28-53.fits,2026-02-02 02:28:53,1177.4471219864447,1130.8096106488506,3.678118858814927,6.865054563364106,8.661308016743751,16.165968096040988,2240.7422097734598,1231.4705833984285,31950.272022061585,42600.088828074215,True,1,29
3473,newsecondary3473 26-02-02 02-29-53.fits,2026-02-02 02:29:53,1176.9830259385583,1132.4321981009707,3.3294133177943332,5.234861818800052,7.840169218935094,12.327157543877536,2394.9938732651585,1546.854962210027,32004.224666433045,42672.14012197187,True,1,1
3474,newsecondary3474 26-02-02 02-30-53.fits,2026-02-02 02:30:53,1176.502519045833,1131.6850543733156,3.978083487580055,6.995918249320287,9.367670737360141,16.47412852689724,2199.072341827074,1221.3204373287724,31911.533094832645,42548.97362204928,True,1,30
3475,newsecondary3475 26-02-02 02-31-53.fits,2026-02-02 02:31:53,1176.9054095069378,1132.56512544456,4.02298170312647,5.958616529909601,9.473397955314958,14.031469645283885,2172.6344020294086,1336.9268670408514,31961.08946551565,42615.784265050825,True,1,21
3476,newsecondary3476 26-02-02 02-32-53.fits,2026-02-02 02:32:53,1176.9581367140065,1131.4133613547376,5.1124439881432275,7.538292574997812,12.038885582377642,17.75132246091282,1689.8101266804551,1193.1922359226542,31990.21145402998,42653.15679045386,True,1,28
3477,newsecondary3477 26-02-02 02-33-53.fits,2026-02-02 02:33:53,1178.0141247214506,1134.5397564196937,5.1401568275856615,4.75207554060467,12.10414433220141,11.190282738517162,1686.0521590228827,1748.6652669304392,32010.800973876558,42681.528007619716,True,1,1
3478,newsecondary3478 26-02-02 02-34-53.fits,2026-02-02 02:34:53,1178.579664634385,1131.1548895782564,4.237310703470134,6.444972936012476,9.978104181555663,15.17675145940415,2019.3891380777488,1353.8990827293349,31991.842336147085,42655.5717876338,True,1,27
3479,newsecondary3479 26-02-02 02-35-53.fits,2026-02-02 02:35:53,1176.0624735335057,1130.4550099488342,5.334856866562518,5.505955594444629,12.562627886752418,12.965534600848509,1657.4718671987753,1688.5372385949693,32013.470081929205,42684.04056029424,True,1,1
3480,newsecondary3480 26-02-02 02-36-53.fits,2026-02-02 02:36:53,1177.1148490674989,1132.1077787093384,4.079267280432627,5.444260371212161,9.605940361001638,12.820253452498035,1857.7704081014012,1628.9558459660013,32018.841787634796,42690.125549326476,True,1,1
3481,newsecondary3481 26-02-02 02-37-53.fits,2026-02-02 02:37:53,1177.1446578879566,1129.7693582656354,3.8690335228772854,5.709768429556103,9.110877694568142,13.445477150403596,2168.158957109703,1452.4720109147747,32018.38915829713,42691.30855595363,True,1,10
3482,newsecondary3482 26-02-02 02-38-53.fits,2026-02-02 02:38:53,1177.7765012551108,1128.5438517520975,4.509983277803908,6.502848758376313,10.620199025327027,15.313038606029162,1835.9961196526017,1276.2475839634812,32005.247043332525,42673.63831160362,True,1,20
3483,newsecondary3483 26-02-02 02-39-53.fits,2026-02-02 02:39:53,1179.9109667880646,1129.0575415511494,3.8452058803826623,6.695042432744792,9.054767884395972,15.765620122960208,2206.250352120625,1327.291244754274,32006.506192919034,42674.822233078696,True,1,28
3484,newsecondary3484 26-02-02 02-40-53.fits,2026-02-02 02:40:53,1175.95064126243,1126.412192321388,4.480358483703512,6.407195756466701,10.550437966349499,15.087792999765023,1957.7861860450002,1304.3771939452763,31913.009606341573,42551.21353123988,True,1,22
3485,newsecondary3485 26-02-02 02-41-53.fits,2026-02-02 02:41:53,1177.5102226207557,1129.2157032242017,4.615830203450763,7.334728226515631,10.869449487545142,17.271965052653314,1796.1266722728617,1180.1856473882651,31995.47318987752,42660.15934714796,True,1,29
3486,newsecondary3486 26-02-02 02-42-53.fits,2026-02-02 02:42:53,1177.257392859057,1128.409677288597,4.9471720195824265,6.291330763124207,11.649699837928942,14.814951790924741,1777.1378625704233,1385.651428035097,31974.03403113834,42632.14106923513,True,1,25
3487,newsecondary3487 26-02-02 02-43-53.fits,2026-02-02 02:43:53,1176.4945608633254,1128.562297593767,5.773129634999574,5.921165356227505,13.594681387059204,13.94327887078735,1477.085967445915,1467.8829930061738,31996.609936744222,42661.93489969786,True,1,25
3488,newsecondary3488 26-02-02 02-44-53.fits,2026-02-02 02:44:53,1176.3864237730513,1130.4687127569314,4.236973887811165,5.046095738410217,9.977311041290443,11.882647393953627,1894.0956287312251,1596.616965979966,31977.00490826224,42635.96599425404,True,1,3
3489,newsecondary3489 26-02-02 02-45-53.fits,2026-02-02 02:45:53,1175.8082144653215,1128.9477364290406,5.332479091311805,4.5795245295481655,12.55702865392946,10.783956158890948,1590.5219400235787,1815.6169356729756,31994.204560280356,42659.15444053549,True,1,1
3490,newsecondary3490 26-02-02 02-46-53.fits,2026-02-02 02:46:53,1174.8566314135976,1130.6026935481807,5.957736175850715,5.420243509059052,14.029396569899296,12.763698064081147,1462.2734456020453,1633.1589531977293,31996.61869483303,42661.97738049257,True,1,4
3491,newsecondary3491 26-02-02 02-47-53.fits,2026-02-02 02:47:53,1178.5296722937826,1128.8840399755325,5.104715073276816,7.283596231219086,12.020685378723877,17.15155840518658,1733.9638941585445,1181.8894321007633,31990.39423282156,42654.17228778004,True,1,29
3492,newsecondary3492 26-02-02 02-48-53.fits,2026-02-02 02:48:53,1177.2743167594958,1129.0471545544378,3.7078632854161118,6.89224701695803,8.731350788732172,16.230001430837532,2309.001879281778,1439.4045003531692,31879.365969921397,42504.068628670306,True,1,25
3493,newsecondary3493 26-02-02 02-49-53.fits,2026-02-02 02:49:53,1178.1206533584134,1128.1714021121638,4.2303421682318305,6.277511477806314,9.961694535092002,14.782409860850166,1870.6404416407493,1293.733123474799,32003.04665301572,42670.46070348651,True,1,29
3494,newsecondary3494 26-02-02 02-50-53.fits,2026-02-02 02:50:53,1177.9996056650173,1131.3296853107754,3.4894005695739776,5.65389414264987,8.216910406375215,13.313903259594987,2407.6350581387783,1481.616508911297,31978.875889912197,42638.53251965973,True,1,21
3495,newsecondary3495 26-02-02 02-51-53.fits,2026-02-02 02:51:53,1178.448994370589,1132.618115541503,4.288557277219107,6.621687958300178,10.098780640658903,15.59288353614532,1977.6250281871255,1323.7351557820275,31961.693244223865,42615.22453588332,True,1,24
3496,newsecondary3496 26-02-02 02-52-53.fits,2026-02-02 02:52:53,1177.8926233080454,1129.0015310250449,4.774356081913177,4.0454358731229245,11.242749403804574,9.526273484917143,1706.9665685290458,2016.1623844665896,31979.459805638253,42639.271244345255,True,1,1
3497,newsecondary3497 26-02-02 02-53-53.fits,2026-02-02 02:53:53,1179.0359336730883,1126.9286503384521,5.215377247254395,4.496784178323164,12.281274884232984,10.589117521293414,1650.5180296022068,1855.2619402115804,32011.905770783498,42682.8831897394,True,1,1
3498,newsecondary3498 26-02-02 02-54-53.fits,2026-02-02 02:54:53,1176.58567726413,1129.3787467060615,4.358330341092859,5.249547097389116,10.26308365007204,12.361738732265927,1943.5385660766542,1552.0809317098763,31888.52252966287,42518.44634247663,True,1,17
3499,newsecondary3499 26-02-02 02-55-53.fits,2026-02-02 02:55:53,1180.3805415342003,1129.1337614873037,4.561568671058664,4.13142888716388,10.741673343394131,9.728771558113412,1884.0623160088105,2036.5947194954213,31954.95884862627,42606.84419431662,True,1,1
3500,newsecondary3500 26-02-02 02-56-53.fits,2026-02-02 02:56:53,1176.4001876725006,1131.0197479734168,3.51420679962375,6.706800218148275,8.275324614138068,15.793307591713502,2318.966601766759,1377.6195752207743,31936.21360473119,42580.21255678379,True,1,2
3501,newsecondary3501 26-02-02 02-57-53.fits,2026-02-02 02:57:53,1178.0295146305155,1129.2167984803048,5.574055109124084,5.180202146173856,13.12589670307257,12.198443851122539,1560.629896899819,1521.8537805896328,31959.423127988935,42613.6157254944,True,1,3
3502,newsecondary3502 26-02-02 02-58-53.fits,2026-02-02 02:58:53,1178.4670212799886,1131.1680638764542,5.03567858614676,3.9468240186559775,11.858116874991502,9.294060313340701,1774.9791138972928,2154.300902857074,31974.252775531364,42632.89867579955,True,1,1
3503,newsecondary3503 26-02-02 02-59-53.fits,2026-02-02 02:59:53,1179.0711401793574,1128.6846982932839,3.8512084108717857,5.3303497766683785,9.06890276351267,12.552014501124942,2063.6760942792143,1589.9610042810143,31955.07222375213,42606.08292401905,True,1,4
3504,newsecondary3504 26-02-02 03-00-53.fits,2026-02-02 03:00:53,1177.5336865736167,1133.5796908032912,4.3608517114262195,7.335261936089422,10.269021023473982,17.2732218426559,1911.4740282212979,1235.4149306812865,31950.629865740513,42599.90313969262,True,1,19
3505,newsecondary3505 26-02-02 03-01-53.fits,2026-02-02 03:01:53,1178.7841724037235,1130.6713248025428,4.188470155551447,5.464280886855132,9.863093480306446,12.867398164045957,2121.239421448528,1621.2314391050745,32029.32455224081,42705.79944501084,True,1,2
3506,newsecondary3506 26-02-02 03-02-53.fits,2026-02-02 03:02:53,1178.7637735957776,1129.8089454958583,3.896102486678813,5.152441322851384,9.174620233126197,12.13307210789622,2176.629774699666,1698.8312066005808,32009.029652030807,42678.35450698519,True,1,1
3507,newsecondary3507 26-02-02 03-03-53.fits,2026-02-02 03:03:53,1181.6572185770622,1130.587127915462,4.073567902257219,4.638487445367768,9.592519351029974,10.92280321497642,2056.591750219751,1825.6426876381342,31990.599268970876,42654.01559597182,True,1,1
3508,newsecondary3508 26-02-02 03-04-53.fits,2026-02-02 03:04:53,1180.0712714141214,1131.7364937457028,4.665741544098044,6.1031357414217124,10.986981712975727,14.371786381444673,1836.9329358238067,1356.4759005131925,32015.557698906538,42687.78664329273,True,1,26
3509,newsecondary3509 26-02-02 03-05-53.fits,2026-02-02 03:05:53,1180.9301014505436,1131.846788401328,4.289601176717553,5.896496036434361,10.10123883612284,13.885187062041178,2001.7682851522395,1405.4404999373476,32002.010075399015,42669.733093839415,True,1,24
3510,newsecondary3510 26-02-02 03-06-53.fits,2026-02-02 03:06:53,1179.5845429681638,1130.1412183172986,4.567173809780391,5.812329358615388,10.754872436411231,13.686989681989397,1896.5595428790516,1546.4056464303837,32000.743361787514,42667.23707626264,True,1,17
3511,newsecondary3511 26-02-02 03-07-53.fits,2026-02-02 03:07:53,1178.8885583682659,1132.6318103686663,3.131278371585839,5.768333890062614,7.373597075982203,13.583388270750795,2633.2060277398864,1557.2379396532967,31939.756981150294,42585.391866990976,True,1,11
3512,newsecondary3512 26-02-02 03-08-53.fits,2026-02-02 03:08:53,1179.5817319560972,1133.6011852128306,4.03848282930846,5.552989676179016,9.509900317968864,13.076291399316267,2126.3493468146435,1633.158144532404,31950.588741585467,42600.16389549416,True,1,1
3513,newsecondary3513 26-02-02 03-09-53.fits,2026-02-02 03:09:53,1181.5990777517409,1134.3021979658192,3.843400787164057,8.160706122623623,9.050517214701651,19.216994359160903,2237.5852515532783,1086.2715874024882,31992.930615340705,42656.89937447828,True,1,29
3514,newsecondary3514 26-02-02 03-10-53.fits,2026-02-02 03:10:53,1180.5197759776584,1133.2220965317879,4.109284706957621,4.146028792427485,9.676625998682937,9.763151707683702,1985.141100257088,1965.29193751278,31999.919041226294,42666.57078156806,True,1,1
3515,newsecondary3515 26-02-02 03-11-53.fits,2026-02-02 03:11:53,1180.4036705364429,1133.1349347524242,4.1669303355668115,5.536092257928899,9.812371080440268,13.036501020111618,2061.561643248934,1595.4822652655093,31990.505826082925,42653.6952734095,True,1,1
3516,newsecondary3516 26-02-02 03-12-53.fits,2026-02-02 03:12:53,1179.8391107813013,1132.8444759757895,3.916838389641006,5.47421205841667,9.223449553073385,12.890784285909708,2067.980056902885,1506.7840854752108,31951.840066409863,42602.26192787175,True,1,20
3517,newsecondary3517 26-02-02 03-13-53.fits,2026-02-02 03:13:53,1180.797462583612,1131.5526070755054,4.441747529440443,5.505748449434686,10.459516117293052,12.965046811626868,1948.0516481139266,1674.186034929927,31986.731775918604,42648.24731737707,True,1,3
3518,newsecondary3518 26-02-02 03-14-53.fits,2026-02-02 03:14:53,1180.9654135776102,1131.8928823848544,3.1902995397742306,5.944802958353751,7.512581305913371,13.998941170090701,2562.94647041023,1467.2218312052446,31987.054932907748,42648.70284164771,True,1,25
3519,newsecondary3519 26-02-02 03-15-53.fits,2026-02-02 03:15:53,1180.9739741578394,1132.9717109745047,4.2026425931298705,4.384176241938234,9.896467020403067,10.32394609546461,1962.0284281610177,1818.4734778653637,31970.188304228093,42627.27000281762,True,1,1
3520,newsecondary3520 26-02-02 03-16-53.fits,2026-02-02 03:16:53,1179.6907703927366,1130.5027928498655,4.8426922771266865,5.44144171636862,11.403668846094494,12.81361602757244,1830.0752597237492,1496.4228403266502,31936.464131426168,42582.88028994238,True,1,7
3521,newsecondary3521 26-02-02 03-17-53.fits,2026-02-02 03:17:53,1177.3988121586897,1132.4851145447462,5.228850820572359,5.074732932584024,12.313002724760318,11.950082832827553,1655.9984932031377,1620.666021143312,32013.348064517002,42685.024366265454,True,1,1
3522,newsecondary3522 26-02-02 03-18-53.fits,2026-02-02 03:18:53,1178.9656334977667,1131.2573742395055,5.035643194505047,5.542150375585695,11.858033534044168,13.050766797005,1727.0682666542223,1628.4341257587112,32017.509685812176,42689.58982129847,True,1,9
3523,newsecondary3523 26-02-02 03-19-53.fits,2026-02-02 03:19:53,1178.9447689806636,1133.3501251299613,4.288229423160191,6.185013842229716,10.098008603349122,14.564594574476425,1927.5606222329961,1391.229655957077,31956.477105096612,42608.19908870789,True,1,27
3524,newsecondary3524 26-02-02 03-20-53.fits,2026-02-02 03:20:53,1180.669506183953,1132.776452247344,3.6730265073197197,5.362755867625099,8.649316445366493,12.628325013690922,2239.201848018429,1482.2028500742792,31952.96599746041,42604.31048547665,True,1,25
3525,newsecondary3525 26-02-02 03-21-54.fits,2026-02-02 03:21:54,1181.7181161612693,1132.4123790871013,4.1606502660041,4.188309594087349,9.797582646749806,9.86271538695233,1912.4028218345825,1852.440845804479,31966.957238273335,42622.86526972808,True,1,1
3526,newsecondary3526 26-02-02 03-22-54.fits,2026-02-02 03:22:54,1180.3041490548994,1132.311089224241,4.750148999304877,5.160955647053776,11.18574608044683,12.153121809197906,1785.6834260870967,1569.3285879454,31915.03245422787,42553.870487585584,True,1,21
3527,newsecondary3527 26-02-02 03-23-54.fits,2026-02-02 03:23:54,1180.5332301088608,1130.655093029577,4.41415392833114,5.409621458230284,10.394538152286277,12.738685045870229,1984.4342910218932,1576.7168413301385,31899.399669323713,42532.82966119135,True,1,20
3528,newsecondary3528 26-02-02 03-24-54.fits,2026-02-02 03:24:54,1180.8755668086128,1133.2584519264992,5.500264941744428,4.315911737850166,12.952134137800766,10.16319547287393,1566.6977156708344,1891.959882366655,31980.76495028852,42641.602390405766,True,1,1
3529,newsecondary3529 26-02-02 03-25-54.fits,2026-02-02 03:25:54,1180.2755886997725,1134.7839750944352,3.4241593483260333,5.810027999395141,8.063279070818256,13.681570395166741,2388.43629115622,1455.8583575247994,31959.080565305234,42611.74613665649,True,1,20
3530,newsecondary3530 26-02-02 03-26-54.fits,2026-02-02 03:26:54,1177.5192640973319,1134.3810367860567,4.452290057644556,4.813614072399325,10.484341874033403,11.33519490672899,1862.5858484862683,1813.2765291178466,31909.199499259994,42545.037609083534,True,1,1
3531,newsecondary3531 26-02-02 03-27-54.fits,2026-02-02 03:27:54,1181.6126000821062,1130.9177013996434,4.643781467000134,6.479094936921288,10.935269683235145,15.257102631120784,1794.4203633959244,1293.321448897105,31984.451592278918,42645.8752967191,True,1,21
3532,newsecondary3532 26-02-02 03-28-54.fits,2026-02-02 03:28:54,1177.2479429096377,1132.0205525332265,4.394695748267104,6.91570946693707,10.348717639831664,16.285251278353712,1955.9160425291614,1261.3648022729144,31937.41122138955,42583.05046217606,True,1,21
3533,newsecondary3533 26-02-02 03-29-54.fits,2026-02-02 03:29:54,1177.1492234330415,1134.2136078325861,4.2720427787245585,5.13284660790803,10.059891968570307,12.086930080370944,1963.4871820472233,1738.4638536601913,31980.72150781753,42640.271956467775,True,1,1
3534,newsecondary3534 26-02-02 03-30-54.fits,2026-02-02 03:30:54,1178.3317045666845,1134.2223915949346,4.113538182062986,7.908490761314243,9.686642167122091,18.623072570684855,1975.158885794973,1160.6499480874782,31949.39965943179,42597.84037308046,True,1,29
3535,newsecondary3535 26-02-02 03-31-54.fits,2026-02-02 03:31:54,1180.070495651466,1134.3066747572477,6.470776831700033,7.956230669887827,15.237514990209096,18.735491464341873,1355.522499762178,1125.9878983454814,31921.06390916396,42561.17699131197,True,1,28
3536,newsecondary3536 26-02-02 03-32-54.fits,2026-02-02 03:32:54,1179.0520814086533,1131.873351904022,4.902825355852642,5.977213122528235,11.545271425247797,14.075261274351519,1752.8372626173418,1401.8788484017005,31921.64212967894,42562.466120311634,True,1,22
3537,newsecondary3537 26-02-02 03-33-54.fits,2026-02-02 03:33:54,1177.5357961009588,1132.6488878030502,3.973780368569767,7.398850785041507,9.35753766645856,17.422962138808717,2039.028525135787,1176.2906321911946,31958.918466275885,42611.1169319111,True,1,23
3538,newsecondary3538 26-02-02 03-34-54.fits,2026-02-02 03:34:54,1177.2310185706958,1134.5826166701438,3.8689786509139696,6.569208942783548,9.110748480969015,15.46930489846327,2213.7010898763597,1255.9862280694122,31890.288705535168,42520.789722845024,True,1,28
3539,newsecondary3539 26-02-02 03-35-54.fits,2026-02-02 03:35:54,1177.48309162476,1135.4201849309916,3.9192763607455006,6.360052112971176,9.229190536299456,14.976778203065969,2221.315323677148,1335.3145279451048,31962.39136689244,42616.79682775388,True,1,29
3540,newsecondary3540 26-02-02 03-36-54.fits,2026-02-02 03:36:54,1177.3023787403595,1137.5561036056288,4.067072915008695,6.5936466873040365,9.57722482486493,15.52685138911546,2087.114454991883,1282.6260129832895,31954.597461251524,42606.17026056893,True,1,21
3541,newsecondary3541 26-02-02 03-37-54.fits,2026-02-02 03:37:54,1178.4934901371173,1138.479818543543,4.516028853025169,7.754104930057731,10.634435267041795,18.259521720573254,1861.4027460625125,1189.4264278304017,31946.903514835456,42594.818171038365,True,1,23
3542,newsecondary3542 26-02-02 03-38-54.fits,2026-02-02 03:38:54,1180.6836647778077,1137.6553303179655,3.630989855647144,7.57746547084148,8.550327695381927,17.843567581267397,2325.7537784100914,1216.0869812009046,31917.464141462846,42555.62591482393,True,1,19
3543,newsecondary3543 26-02-02 03-39-54.fits,2026-02-02 03:39:54,1180.0709901529824,1136.5294543970504,4.612481521785293,6.049236117844533,10.861563944834865,14.244862467425508,1867.4678647989674,1380.2912560961365,31911.100985240322,42548.47499302385,True,1,22
3544,newsecondary3544 26-02-02 03-40-55.fits,2026-02-02 03:40:55,1178.8151353629146,1136.7399274244508,3.7515593531898994,6.752629335752618,8.834247165014919,15.90122691649429,2306.624066819708,1381.1253300163967,31993.47185567472,42657.09496628936,True,1,22
3545,newsecondary3545 26-02-02 03-41-55.fits,2026-02-02 03:41:55,1180.0549894874198,1137.6105971617728,3.7725025532099634,7.311167430604622,8.883564632229257,17.21648361816519,2125.348799885307,1134.1199452383978,31983.543651921584,42644.371753018735,True,1,27
3546,newsecondary3546 26-02-02 03-42-55.fits,2026-02-02 03:42:55,1174.861095800394,1137.074910652459,4.264273401421795,6.524977580165239,10.04159648316035,15.365147999150643,1869.803676792845,1252.6918415976731,32006.43895262602,42674.99349611147,True,1,25
3547,newsecondary3547 26-02-02 03-43-55.fits,2026-02-02 03:43:55,1177.5420359935915,1134.7372916782597,6.68360699994475,6.055310252134173,15.738691736579066,14.259165960606962,1290.0429613764184,1204.6906330162094,31956.32349523819,42610.142854584665,True,1,28
3548,newsecondary3548 26-02-02 03-44-55.fits,2026-02-02 03:44:55,1173.7739590823871,1134.7883287875086,4.464121229060507,8.263639365508153,10.51220215363988,19.459383622805433,1892.7505403737111,975.5687037451709,31979.9175636334,42640.390017814745,True,1,29
3549,newsecondary3549 26-02-02 03-45-55.fits,2026-02-02 03:45:55,1175.227699050162,1134.6861546617943,3.5660768848026287,9.458909821524157,8.397469330454754,22.274030451865205,2294.8863112120234,897.3451378396409,31969.45810314153,42625.551940620164,True,1,33
3550,newsecondary3550 26-02-02 03-46-55.fits,2026-02-02 03:46:55,1174.8487790265626,1135.8386975467517,3.52179629341553,9.677609291342177,8.293196506250588,22.78902834723032,2364.728578450321,924.9048348608584,31979.379463059588,42638.369599799706,True,1,33
3551,newsecondary3551 26-02-02 03-47-55.fits,2026-02-02 03:47:55,1173.2650464757814,1134.7677117875166,3.8827573013075485,8.068847987158561,9.14319472310929,19.00068498046861,2168.1331632106726,1115.8488313349121,32014.571127996034,42685.340167138376,True,1,30
3552,newsecondary3552 26-02-02 03-48-55.fits,2026-02-02 03:48:55,1175.3070930895874,1135.471327123254,4.0295344116395055,7.522753103125314,9.4888284046707,17.714729801058265,2127.3044078814296,1173.3373617591635,31943.44524162385,42590.931931946776,True,1,30
3553,newsecondary3553 26-02-02 03-49-55.fits,2026-02-02 03:49:55,1174.4460483204211,1134.1419979625302,3.5183220174197425,5.143751072732349,8.285015211493738,12.112608132719584,2410.884920377004,1551.448179809081,31937.73422200759,42584.292925167414,True,1,1
3554,newsecondary3554 26-02-02 03-50-55.fits,2026-02-02 03:50:55,1176.6095254914756,1134.005927800402,3.474346672335191,6.644695989999014,8.181461187401483,15.647063310386446,2448.261555204377,1344.3017862376064,31986.62320436005,42648.28117351069,True,1,29
3555,newsecondary3555 26-02-02 03-51-55.fits,2026-02-02 03:51:55,1177.0460998962717,1133.8513182578802,3.922342540767508,6.973094136236524,9.236410838476951,16.42038184789754,2230.202019046306,1284.7565590152828,31901.993818581723,42535.719546287495,True,1,26
3556,newsecondary3556 26-02-02 03-52-55.fits,2026-02-02 03:52:55,1181.7182996006986,1139.9288894397753,4.2524461592889615,8.477236147655073,10.01374545630852,19.96236560695911,2045.9215789981715,1075.5840208623072,31974.752663754993,42632.46482203084,True,1,30
3557,newsecondary3557 26-02-02 03-53-55.fits,2026-02-02 03:53:55,1179.9579118001693,1141.5261467124647,3.0043610186545155,9.607135833860022,7.074729549237255,22.623076036908706,2721.9668366244114,930.0474205041594,31992.138259198397,42655.20784251949,True,1,29
3558,newsecondary3558 26-02-02 03-54-56.fits,2026-02-02 03:54:56,1181.0473756676438,1141.3887211369697,5.026459424299266,7.824758929848165,11.836407407874637,18.425899175541378,1662.9357472718111,979.8689471876635,31974.57442079042,42633.6574503436,True,1,30
3559,newsecondary3559 26-02-02 03-55-56.fits,2026-02-02 03:55:56,1184.984999570917,1146.730003418187,3.1059494309649716,6.445847037010798,7.3139519788887855,15.178809809956379,2623.679664609971,1207.4808214916736,31976.946545189458,42636.40036977207,True,1,18
3560,newsecondary3560 26-02-02 03-56-56.fits,2026-02-02 03:56:56,1186.7791934702104,1143.2709761673668,3.6962406751834918,7.827678433077629,8.703981633180817,18.432774080267652,2302.8692140551507,1106.678902433648,31944.757593839626,42592.8157224015,True,1,29
3561,newsecondary3561 26-02-02 03-57-56.fits,2026-02-02 03:57:56,1184.785573542367,1148.6766121027288,2.8939108810805916,8.249341732932239,6.814639351301753,19.425715271019182,2870.2747664187777,885.4718979994319,31895.789793583164,42529.01141069588,True,1,22
3562,newsecondary3562 26-02-02 03-58-56.fits,2026-02-02 03:58:56,1186.5757717582749,1150.677567704515,4.144738589062545,9.726827582582576,9.760113510937774,22.904928566025383,2056.8355465597524,910.0400687073173,31998.53544733938,42664.2926031685,True,1,32
3563,newsecondary3563 26-02-02 03-59-56.fits,2026-02-02 03:59:56,1189.1105825053282,1151.7734650397542,5.352167684847618,9.435984461324471,12.603391748646061,22.22004535412743,1543.3198605872183,889.5219026836105,31980.43054900885,42640.40204643224,True,1,29
3564,newsecondary3564 26-02-02 04-00-56.fits,2026-02-02 04:00:56,1185.8475294658665,1152.3775470669304,3.3789667777971024,9.005181438201298,7.956858699850255,21.20558175981705,2385.692768305517,1000.5838254102875,31924.594377615595,42564.90184102344,True,1,30
3565,newsecondary3565 26-02-02 04-01-56.fits,2026-02-02 04:01:56,1187.665873293507,1152.7420938561604,3.7664259853077056,8.059729627885462,8.869255408328028,18.97921288527452,2172.419514291867,1243.7981686494948,31905.14163675802,42537.81320024323,True,1,18
3566,newsecondary3566 26-02-02 04-02-56.fits,2026-02-02 04:02:56,1181.9540493235966,1148.9990480389356,3.832961217215467,7.942752749030958,9.025933906125209,18.703753386142775,2219.525703706148,1098.3371968453187,31993.54020872719,42657.77449797166,True,1,26
3567,newsecondary3567 26-02-02 04-03-56.fits,2026-02-02 04:03:56,1182.917349591602,1145.6060309431807,3.198990246226554,9.218084566657344,7.533046355672782,21.706930314355148,2630.5690212437203,936.6330820784985,32017.120104311234,42689.2113498819,True,1,29
3568,newsecondary3568 26-02-02 04-04-56.fits,2026-02-02 04:04:56,1182.8841913794329,1145.5054693199793,3.0164225306534,8.936268336368135,7.103132239465609,21.043303806255057,2668.028293929558,1030.728322302976,31929.182833584404,42570.74423126435,True,1,30
3569,newsecondary3569 26-02-02 04-05-56.fits,2026-02-02 04:05:56,1183.7031135063214,1141.7516674933536,2.9407650932032445,8.741341302709394,6.924972589202308,20.58428572007703,2680.672278473672,972.9678497918595,31958.02148114899,42609.893526717424,True,1,30
3570,newsecondary3570 26-02-02 04-06-56.fits,2026-02-02 04:06:56,1183.343645576623,1140.801242352242,3.163936782391546,7.407058331324395,7.450501756386337,17.44228943331618,2553.8737941654076,1139.0327594840176,32009.006444247796,42678.215469437346,True,1,29
3571,newsecondary3571 26-02-02 04-07-56.fits,2026-02-02 04:07:56,1184.1418447497822,1138.0392588638294,3.4550664633388775,8.858761792965746,8.136059764784578,20.86078984423005,2384.229166409496,1057.3497490025418,31985.03596560865,42645.258688427224,True,1,32
3572,newsecondary3572 26-02-02 04-08-56.fits,2026-02-02 04:08:56,1182.7205252039687,1137.890154563624,2.963826328562621,8.317136477596668,6.979277648489745,19.585359694702735,2760.5409142168564,1012.3225578573996,31969.987407178294,42626.34317397423,True,1,29
3573,newsecondary3573 26-02-02 04-09-56.fits,2026-02-02 04:09:56,1185.2699286866107,1136.4305919363412,3.374503808951733,8.763463432411356,7.94634921135283,20.636379354537986,2469.293975619907,1042.0367371237558,32023.653226904713,42697.17378818642,True,1,31
3574,newsecondary3574 26-02-02 04-10-56.fits,2026-02-02 04:10:56,1183.3159546261163,1135.4540739147378,3.1469572401546695,8.042871033755489,7.410517989971491,18.939513929886218,2668.922485756227,1109.9677978737288,32003.72564308287,42670.95293588931,True,1,29
3575,newsecondary3575 26-02-02 04-11-56.fits,2026-02-02 04:11:56,1181.5350637142378,1134.3387305443748,2.911861486984227,7.9986065457689595,6.856909797904085,18.835279026292508,2857.9767460304365,1003.9716109741245,32017.933934505414,42690.95464899284,True,1,30
3576,newsecondary3576 26-02-02 04-12-56.fits,2026-02-02 04:12:56,1182.340067293648,1136.3131887538568,3.631686600846357,7.61533329206454,8.551968404943313,17.93273948574511,2260.1052930329192,1156.5069984144118,31983.84707171334,42644.35681990969,True,1,29
3577,newsecondary3577 26-02-02 04-13-56.fits,2026-02-02 04:13:56,1185.281351448814,1134.4139020836067,3.020960247262324,8.402274654352757,7.113817745494973,19.785844779925363,2689.8002837081767,951.1168299139958,31992.09748872148,42656.30306967713,True,1,29
3578,newsecondary3578 26-02-02 04-14-56.fits,2026-02-02 04:14:56,1183.154339177568,1134.4714833544074,3.063628043024928,8.467056452010645,7.21429272623404,19.9383942556033,2641.3908554320433,1058.7477773035862,31919.872980197015,42558.705960864616,True,1,30
3579,newsecondary3579 26-02-02 04-15-56.fits,2026-02-02 04:15:56,1183.9028699844607,1136.5512107036013,2.884606237604999,7.166804459074125,6.792728590333561,16.87653479904494,2915.5931225471513,1236.6856447052194,32008.189586687135,42677.00233665852,True,1,31
3580,newsecondary3580 26-02-02 04-16-57.fits,2026-02-02 04:16:57,1181.8534551467317,1136.4420365172364,3.259053208173884,9.034650011080343,7.674483822430286,21.27497494593108,2521.9028960657947,1006.7282227197129,31921.489190887623,42560.85551437111,True,1,29
3581,newsecondary3581 26-02-02 04-17-57.fits,2026-02-02 04:17:57,1181.8669784297272,1131.5482025820722,3.9745031682629564,8.230645826566775,9.359239729664626,19.38168977594977,2081.47857114532,876.9518760446398,31962.631966580073,42618.202909880165,True,1,29
3582,newsecondary3582 26-02-02 04-18-57.fits,2026-02-02 04:18:57,1183.646935417633,1134.019925521949,3.250873505107374,7.317554463473924,7.6552220936868665,17.23152393119409,2506.1517431132515,1129.7850460251013,31974.152408363047,42632.04837616477,True,1,30
3583,newsecondary3583 26-02-02 04-19-57.fits,2026-02-02 04:19:57,1182.0986273909234,1133.9849875507784,3.7443098886345947,8.603642153518377,8.817175980564345,20.260029003378317,2223.5542488708243,964.3402952557295,31973.86096632853,42631.85180511928,True,1,30
3584,newsecondary3584 26-02-02 04-20-57.fits,2026-02-02 04:20:57,1182.708430591629,1131.8769440000326,2.9830264047919237,6.436633767769976,7.024490372860629,15.157114218867823,2806.6904265765797,1360.0738086761978,31991.593142781003,42654.96513967636,True,1,32
3585,newsecondary3585 26-02-02 04-21-57.fits,2026-02-02 04:21:57,1179.8498809637636,1132.3978195510824,3.331025331084528,7.525750469304598,7.843965220143701,17.72178805901954,2379.3343485668465,1065.4967110549976,32010.42106840992,42680.441457844936,True,1,28
3586,newsecondary3586 26-02-02 04-22-57.fits,2026-02-02 04:22:57,1181.763976010327,1135.1137934058943,4.076942393449549,6.854397479988835,9.600465670531454,16.140872582487333,2121.4380706057573,1351.429429429314,31949.057955299184,42597.951910757125,True,1,26
3587,newsecondary3587 26-02-02 04-23-57.fits,2026-02-02 04:23:57,1183.2280992194458,1133.7763866886582,3.2287771546588058,6.90113876043267,7.603189164728549,16.25093988660689,2497.5184132669174,1314.7770123089854,31966.831297860543,42621.14002678195,True,1,24
3588,newsecondary3588 26-02-02 04-24-57.fits,2026-02-02 04:24:57,1180.748080748308,1135.7728141707214,3.263573170736477,7.675512487472777,7.685127520875469,18.07445066138626,2591.39092145473,1169.3551261130267,31979.723749485773,42638.96348192571,True,1,29
3589,newsecondary3589 26-02-02 04-25-57.fits,2026-02-02 04:25:57,1179.5366301435438,1135.0866892376414,3.2996185853306716,6.069079457530424,7.770007985693329,14.291589961478202,2542.676689354376,1286.279669487529,31907.773816175963,42544.45057734316,True,1,7
3590,newsecondary3590 26-02-02 04-26-57.fits,2026-02-02 04:26:57,1182.257518629199,1135.9945009117027,2.876846388567552,6.5394286689289185,6.774455542273767,15.399177712643876,2835.860169783073,1225.603131782553,31892.059062153592,42522.930563356895,True,1,29
3591,newsecondary3591 26-02-02 04-27-57.fits,2026-02-02 04:27:57,1181.4960986279182,1138.146943499763,2.9028920926761392,8.854613947085019,6.835788488395613,20.851022413606415,2887.2452494257354,1009.8063083047737,32008.46992381382,42677.23771658506,True,1,30
3592,newsecondary3592 26-02-02 04-28-57.fits,2026-02-02 04:28:57,1181.122875550326,1138.0631111728976,3.008343362231975,8.651091728407962,7.084107251719657,20.371764213456512,2754.6239084647714,1017.357242488594,31958.59102471886,42610.791427710836,True,1,29
3593,newsecondary3593 26-02-02 04-29-58.fits,2026-02-02 04:29:58,1181.6888684228823,1135.2896981045951,3.8807431272853385,8.90465093206875,9.138451705747608,20.96885050883902,2182.657690477386,1030.6712329486495,31985.730332449995,42646.72826551332,True,1,27
3594,newsecondary3594 26-02-02 04-30-57.fits,2026-02-02 04:30:57,1179.584516195969,1136.0718247260784,2.9636900745215287,8.726463414231008,6.9789567947425635,20.549250970060392,2816.3909440415287,1023.9292672637991,31871.730864070527,42494.88249536615,True,1,30
3595,newsecondary3595 26-02-02 04-31-57.fits,2026-02-02 04:31:57,1180.1640290184246,1139.0899914845716,4.076071644739914,10.572213981262632,9.59841521401582,24.895661403433703,2045.4537011264995,786.2836706850713,31893.463810855923,42524.65020715423,True,1,30
3596,newsecondary3596 26-02-02 04-32-57.fits,2026-02-02 04:32:57,1180.9089995507784,1138.5619963624374,3.0734736242451954,7.893626395244404,7.237477298246506,18.588069663506918,2743.471747605719,1094.154038496838,31794.660162161927,42392.61607213275,True,1,8
3597,newsecondary3597 26-02-02 04-33-57.fits,2026-02-02 04:33:57,1180.7662539180756,1135.8969679247477,3.319024092328737,7.100203065053558,7.815704462556361,16.719700501378302,2469.4919157722447,1207.263787315012,31988.907760301994,42651.39281814189,True,1,30
3598,newsecondary3598 26-02-02 04-34-57.fits,2026-02-02 04:34:57,1182.649609941479,1136.188959897818,3.580889458489884,8.425811525120073,8.432350275892,19.841269875005544,2348.209647753011,1082.2149344694997,31992.431931722458,42655.660602896176,True,1,29
3599,newsecondary3599 26-02-02 04-35-57.fits,2026-02-02 04:35:57,1180.6801618337404,1132.731464949698,3.3795918467846637,8.802241435203644,7.958330624831691,20.727694572819534,2447.372356980901,985.9765997747867,31943.515191969193,42590.82791357846,True,1,32
3600,newsecondary3600 26-02-02 04-36-57.fits,2026-02-02 04:36:57,1182.8624657948762,1133.088034150217,3.5210505936256755,9.271319243475341,8.291440517437865,21.83228839841691,2312.91182387848,928.2785804187234,31946.08307145477,42594.18108893732,True,1,28
3601,newsecondary3601 26-02-02 04-37-57.fits,2026-02-02 04:37:57,1180.3262201164632,1131.534926719118,3.087201892450128,9.511672430763717,7.269804899399042,22.398276901730654,2656.408803308976,896.9922876500746,31952.17456275731,42602.472585275085,True,1,33
3602,newsecondary3602 26-02-02 04-38-57.fits,2026-02-02 04:38:57,1182.2352824475226,1131.9462920592478,3.352220742242336,8.30218081732171,7.89387659920078,19.550141806100594,2455.2432923900806,995.0132422471868,31944.40360807805,42592.499123230045,True,1,29
3603,newsecondary3603 26-02-02 04-39-57.fits,2026-02-02 04:39:57,1180.2807706986316,1132.6458059893405,2.988772208241305,8.852315716167155,7.03802070599804,20.84561049337292,2721.9899088543298,895.1790986809259,31989.852066666135,42653.40815564227,True,1,29
3604,newsecondary3604 26-02-02 04-40-57.fits,2026-02-02 04:40:57,1178.5036437998554,1131.8264656903016,3.1625182712466513,6.958870264628687,7.447161417908239,16.38688718991746,2640.5268633343435,1101.6693307866797,31946.566690978303,42596.30465542186,True,1,28
3605,newsecondary3605 26-02-02 04-41-57.fits,2026-02-02 04:41:57,1178.148074672276,1129.8633414995236,3.1898028288183258,9.903416858261693,7.511411640997819,23.320764532132063,2591.486700160849,864.6900892741157,31935.939189609817,42580.869224873466,True,1,30
3606,newsecondary3606 26-02-02 04-42-57.fits,2026-02-02 04:42:57,1178.217201055926,1130.8215848575778,2.984471511987758,8.365090716309055,7.027893340252598,19.698283297266865,2739.7500926411903,1079.1840104134349,31966.708733523592,42621.18131832267,True,1,29
3607,newsecondary3607 26-02-02 04-43-57.fits,2026-02-02 04:43:57,1178.1067497355778,1133.2125981791826,3.1093268824421125,9.6467380451464,7.321905269328277,22.716332117873417,2710.4458824886674,778.1702315930123,31925.545132532763,42568.580880383844,True,1,28
3608,newsecondary3608 26-02-02 04-44-57.fits,2026-02-02 04:44:57,1178.0652534323997,1132.4304452073095,3.144662352239588,5.768756610692453,7.405113941907958,13.584383701763388,2572.478869136757,1388.173269485032,31950.706958498595,42601.04775520679,True,1,27
3609,newsecondary3609 26-02-02 04-45-57.fits,2026-02-02 04:45:57,1176.7034287648312,1130.8123479745618,4.0494126736968425,9.052127114138303,9.535638134623696,21.316130378541036,2040.185558567595,950.3418423175572,31946.785631563085,42595.27440410611,True,1,29
3610,newsecondary3610 26-02-02 04-46-57.fits,2026-02-02 04:46:57,1177.7188940011356,1129.5877537368558,2.901310662256184,10.79216247315517,6.832064504342881,25.413600521016576,2793.6435133344694,775.8746942806632,31921.945295919013,42562.24798578923,True,1,29
3611,newsecondary3611 26-02-02 04-47-57.fits,2026-02-02 04:47:57,1174.951533257388,1133.0013355036535,3.810359271908702,7.465135627430525,8.972710392260144,17.579051014348092,2117.1547983128708,1115.8103068507073,31953.991021552258,42604.98281910613,True,1,31
3612,newsecondary3612 26-02-02 04-48-57.fits,2026-02-02 04:48:57,1178.281571281049,1132.739101080954,4.140944852938975,7.885426589627847,9.751179945068435,18.56876059687569,2026.8099320820816,1195.4199504093872,31933.343016631563,42576.45809083456,True,1,26
3613,newsecondary3613 26-02-02 04-49-57.fits,2026-02-02 04:49:57,1173.5371340878442,1133.6990085177265,3.979621937035528,9.168365872770147,9.371293508976157,21.58985173737682,2084.235046646031,941.5793835907201,32013.316687194078,42683.986069332714,True,1,28
3614,newsecondary3614 26-02-02 04-50-57.fits,2026-02-02 04:50:57,1176.5743511381058,1134.168298799215,3.337610882195351,7.686518705231969,7.859473007907043,18.10036832358558,2554.782029436162,1104.6739613833415,31950.423731024814,42600.61109862477,True,1,29
3615,newsecondary3615 26-02-02 04-51-57.fits,2026-02-02 04:51:57,1174.348735139016,1134.9328103727432,2.8061008211762224,8.812056039228374,6.607862462083576,20.750806199111008,2872.8077670174844,939.7098836144395,31782.99232110889,42377.040211997744,True,1,26
3616,newsecondary3616 26-02-02 04-52-57.fits,2026-02-02 04:52:57,1176.8735760767,1134.4037300592624,3.7822896279826055,6.731622277341759,8.906611432086091,15.851759074261263,2170.7922105476846,1233.8847744508473,31994.213026981783,42658.82758721419,True,1,29
3617,newsecondary3617 26-02-02 04-53-57.fits,2026-02-02 04:53:57,1175.8618538787211,1135.5937706402358,2.7827923375799446,10.035885151441413,6.552975177691786,23.632703524242704,2982.7305461339206,931.0808898234642,31967.700688243673,42622.254892852776,True,1,27
3618,newsecondary3618 26-02-02 04-54-57.fits,2026-02-02 04:54:57,1176.1334333578627,1135.5632141491067,3.4636160253687645,8.059280031950331,8.156192444828791,18.97815416775431,2379.4416161456456,1127.6392664800449,31981.913075993627,42641.459290495775,True,1,31
3619,newsecondary3619 26-02-02 04-55-57.fits,2026-02-02 04:55:57,1176.9614704692362,1135.2355653490417,3.642210500670173,7.543505041522201,8.576750295200332,17.763596881568503,2249.083155757009,1146.816028065895,31929.061966773494,42571.49029189034,True,1,30
3620,newsecondary3620 26-02-02 04-56-57.fits,2026-02-02 04:56:57,1175.4056216631095,1135.6921714485507,3.5301128032566553,6.406600969499645,8.312780390329168,15.086392383492479,2381.5044192338883,1268.5800699760878,31917.477557127877,42556.99738383225,True,1,30
3621,newsecondary3621 26-02-02 04-57-57.fits,2026-02-02 04:57:57,1176.2031273603716,1136.8739674824785,4.440725203052409,6.107134002876866,10.457108722621946,14.381201567664544,1888.4088087172472,1297.247939437643,31976.691224688268,42636.18586425049,True,1,23
3622,newsecondary3622 26-02-02 04-58-57.fits,2026-02-02 04:58:57,1175.9891376640753,1135.7285683327304,3.140237583116084,8.393021174514717,7.394694406881296,19.764054500116455,2629.742127881373,1023.7534839353306,31936.30911494356,42581.314344421466,True,1,29
3623,newsecondary3623 26-02-02 04-59-57.fits,2026-02-02 04:59:57,1174.7693291682142,1133.5987103237283,3.450597087492017,6.5171377620921325,8.125535188951615,15.346686638402696,2460.3077568141002,1217.2410926813875,31868.314391245105,42491.80354863963,True,1,29
3624,newsecondary3624 26-02-02 05-00-57.fits,2026-02-02 05:00:57,1176.513298225855,1134.331708352131,3.744347784069364,8.59560668982486,8.817265217493755,20.241106932401706,2216.916958087704,900.2478352188425,31987.64803589743,42650.92297753538,True,1,30
3625,newsecondary3625 26-02-02 05-01-57.fits,2026-02-02 05:01:57,1177.3702835741262,1133.4884788496165,5.3199799822928435,4.054451488970267,12.527595501466584,9.547503637832763,1577.9186476255354,1887.1324555133103,31941.951435157393,42590.22688659474,True,1,1
3626,newsecondary3626 26-02-02 05-02-57.fits,2026-02-02 05:02:57,1174.9179801828534,1135.705037930177,3.4154841161006315,9.498375438135804,8.042850460078581,22.36696487695182,2386.1343715928347,931.6348438345973,31956.027959391817,42607.13570077329,True,1,31
3627,newsecondary3627 26-02-02 05-03-57.fits,2026-02-02 05:03:57,1177.6408809983093,1136.3244124968887,3.7839616774849287,5.116153421103762,8.910548807770446,12.047620629468806,2260.472694675741,1553.5219772286603,32022.622087054613,42697.61017291488,True,1,5
3628,newsecondary3628 26-02-02 05-04-57.fits,2026-02-02 05:04:57,1178.0524571224,1134.337982322584,4.041248911329594,9.0281624206692,9.51641394335843,21.259697837986973,2058.6032129862497,955.8905916400282,31931.23477515543,42574.57919708513,True,1,29
3629,newsecondary3629 26-02-02 05-05-57.fits,2026-02-02 05:05:57,1178.6136984356501,1135.5162611840765,4.155733126126574,5.664023123241792,9.786003667201987,13.337755186128575,2129.79195742334,1532.9889970361553,31961.666750230277,42615.772239983715,True,1,1
3630,newsecondary3630 26-02-02 05-06-57.fits,2026-02-02 05:06:57,1178.018893065606,1136.982455204847,3.1479904276116097,6.081874674174834,7.412950960505368,14.321720394112972,2641.672926283749,1369.2658207150164,31982.86534599189,42643.805320836786,True,1,17
3631,newsecondary3631 26-02-02 05-07-57.fits,2026-02-02 05:07:57,1176.4387902549072,1136.2161306268247,3.4415225028084064,7.848125848303213,8.104166175038317,18.480924063509928,2475.886960186823,1140.8668681737229,31905.713144258858,42540.3927395478,True,1,30
3632,newsecondary3632 26-02-02 05-08-57.fits,2026-02-02 05:08:57,1179.1451688977247,1136.9368128823137,3.315609349825446,7.313257401567463,7.807663358460994,17.22140512368202,2485.738393349958,1278.5736555140072,31960.97763420432,42613.20713802549,True,1,28
3633,newsecondary3633 26-02-02 05-09-57.fits,2026-02-02 05:09:57,1177.2450259625416,1137.33474044486,3.604372672435165,7.535501998879835,8.487649018812098,17.74475115633302,2327.2084587888003,992.7643678702937,31955.670171590435,42608.72992243123,True,1,28
3634,newsecondary3634 26-02-02 05-10-57.fits,2026-02-02 05:10:57,1178.1656703172887,1136.412701991879,3.4165252029185513,7.297643291478431,8.045302032186036,17.18463670425904,2530.3443441542845,1314.7174640199578,31866.511664959962,42487.45810609791,True,1,19
3635,newsecondary3635 26-02-02 05-11-57.fits,2026-02-02 05:11:57,1179.2490407343157,1136.6187372239406,4.109661232221489,7.741849509978238,9.677512647921754,18.230662411709787,2060.0682394339074,1180.2016332184382,31924.05031919729,42564.53553447777,True,1,29
3636,newsecondary3636 26-02-02 05-12-57.fits,2026-02-02 05:12:57,1178.8038567227766,1137.1870586710031,2.9703132134594696,7.284397696447215,6.994553095074652,17.153445711571173,2778.6377584377065,1241.7083881868161,31972.34634757458,42628.77433244139,True,1,30
3637,newsecondary3637 26-02-02 05-13-57.fits,2026-02-02 05:13:57,1179.1556533116313,1139.8724057752381,3.093111078220076,8.469253171811074,7.283719968499928,19.943567135422665,2699.054277402359,1053.8091197399726,31950.259057598803,42599.602058698154,True,1,29
3638,newsecondary3638 26-02-02 05-14-57.fits,2026-02-02 05:14:57,1177.5837106552008,1137.653202433179,3.6793751364100844,9.06377955196575,8.66426632440695,21.343569772710584,2276.1543504210604,1005.2987439511936,31958.65178435281,42610.58543660667,True,1,30
3639,newsecondary3639 26-02-02 05-15-57.fits,2026-02-02 05:15:57,1178.2448649346072,1135.956372962255,3.765989850563691,5.911387270062516,8.868228389490488,13.920253237483994,2202.952315424774,1460.8573518289534,31941.824949729376,42588.662307749575,True,1,2
3640,newsecondary3640 26-02-02 05-16-57.fits,2026-02-02 05:16:57,1180.5371625445664,1134.1801473779665,3.205626989118334,7.2906464943064195,7.5486746908680615,17.168160506027377,2635.7480034692817,1222.845293891168,31960.519264609768,42613.424678287396,True,1,30
3641,newsecondary3641 26-02-02 05-17-57.fits,2026-02-02 05:17:57,1178.710002698949,1134.896047946012,4.039359546933006,7.707718322261447,9.511964830204976,18.150289606713574,2123.3110290741142,1251.8956742761525,31848.9251962978,42463.85076849873,True,1,28
3642,newsecondary3642 26-02-02 05-18-57.fits,2026-02-02 05:18:57,1178.8187721883944,1136.2505566731052,3.0734457495785685,8.967100386378108,7.2374116584227846,21.11590773564794,2727.7813267642614,1025.5068587118928,31847.295220205335,42462.01311214652,True,1,25
3643,newsecondary3643 26-02-02 05-19-57.fits,2026-02-02 05:19:57,1179.5719751083332,1136.4219187936365,3.139720569015634,7.455162043485823,7.393476931713993,17.555565018954308,2711.8512800381727,1088.162282596464,31831.484346350368,42442.49751183567,True,1,24
3644,newsecondary3644 26-02-02 05-20-57.fits,2026-02-02 05:20:57,1181.0659868945356,1136.2462698336685,3.1001386695086137,8.249462766425173,7.300268681334461,19.426000283114465,2666.6263617891873,969.4295753753495,31881.691715227313,42509.269963333645,True,1,25
3645,newsecondary3645 26-02-02 05-21-57.fits,2026-02-02 05:21:57,1178.5656548842924,1136.486911743583,3.8595138976985175,7.341787032804834,9.088460690375998,17.28858727119712,2127.946158559401,1057.6345853222954,31980.650643759087,42641.44506788735,True,1,31
3646,newsecondary3646 26-02-02 05-22-57.fits,2026-02-02 05:22:57,1179.138458591481,1135.2045323120349,3.0927050911094027,7.828025110541071,7.28276394191369,18.433590443307725,2671.585219934243,999.4304515531426,31897.596516722282,42530.694560890974,True,1,31
3647,newsecondary3647 26-02-02 05-23-57.fits,2026-02-02 05:23:57,1178.8588341240807,1136.4036881114291,3.847002193906798,7.507557959438348,9.058997879489766,17.678947972117072,2184.1838869589037,1148.7701805820598,31883.802046682595,42511.449942311345,True,1,30
3648,newsecondary3648 26-02-02 05-24-57.fits,2026-02-02 05:24:57,1181.3026323422234,1138.397573526808,3.44556982552328,6.519376500244905,8.11369689169601,15.35195846388042,2386.1628059838863,1273.1800228654608,31934.22541585497,42578.86580925827,True,1,14
3649,newsecondary3649 26-02-02 05-25-57.fits,2026-02-02 05:25:57,1178.0390135292498,1136.9565834632622,3.8407261195585702,7.024397385426661,9.044218853810456,16.54119176746569,2134.9665201508824,1193.361207475946,31845.9533545913,42461.03540590327,True,1,29
3650,newsecondary3650 26-02-02 05-26-57.fits,2026-02-02 05:26:57,1179.1944969561252,1137.8431123047048,3.220990598760999,7.685594416050886,7.58485322681864,18.09819178889456,2628.8583522134254,1175.3194555791742,31931.709897679815,42574.88403030137,True,1,26
3651,newsecondary3651 26-02-02 05-27-57.fits,2026-02-02 05:27:57,1177.0675122038379,1139.3286466113323,3.5025191195494125,8.477394453810586,8.247802230819108,19.962738389467365,2455.7128993795222,1057.2074687201305,31919.780492105365,42559.24160642847,True,1,29
3652,newsecondary3652 26-02-02 05-28-57.fits,2026-02-02 05:28:57,1178.3318834786335,1139.566763338893,3.6973134846637343,6.768007073714862,8.70650790644939,15.937438722095013,2270.1120668728695,1248.3662721537266,31981.962992633256,42642.54558568173,True,1,29
3653,newsecondary3653 26-02-02 05-29-57.fits,2026-02-02 05:29:57,1178.0534094684044,1139.7019845821787,3.2870362392172865,8.401185744866325,7.740378824852013,19.78328059403949,2508.980333880373,993.7821639544775,31811.117886838303,42414.69253529558,True,1,30
3654,newsecondary3654 26-02-02 05-30-57.fits,2026-02-02 05:30:57,1177.4071584257033,1139.4198420599275,3.792336602847753,7.182364952204618,8.930270249890464,16.91317696017919,2263.1847946957396,1245.7132326216406,31986.731178534817,42648.50502977002,True,1,28
3655,newsecondary3655 26-02-02 05-31-57.fits,2026-02-02 05:31:57,1178.2673203875206,1137.0030710302635,2.9158898563385565,7.6793999313110355,6.8663958828084475,18.08360489206052,2861.1943065988303,1163.7873261905088,31932.00169064297,42575.23600355699,True,1,26
3656,newsecondary3656 26-02-02 05-32-56.fits,2026-02-02 05:32:56,1179.0064805585052,1138.91575737294,4.062853272020564,7.43672426157722,9.567288324973605,17.512147360530022,2130.3948139599215,1173.3826307487689,31953.03122115566,42603.95054158762,True,1,21
3657,newsecondary3657 26-02-02 05-33-56.fits,2026-02-02 05:33:56,1178.461184427823,1138.079859316978,3.6698919928494007,7.475435029622953,8.641935227860346,17.60330425308266,2322.6970598856633,1144.8386827907848,31920.156783139497,42560.16504937117,True,1,33
3658,newsecondary3658 26-02-02 05-34-57.fits,2026-02-02 05:34:57,1179.380314960104,1138.489091353337,3.192049726094322,6.684985876223229,7.516702679742461,15.741938742079245,2591.5869962619668,1320.3185176569473,31976.633480464236,42634.79718107559,True,1,27
3659,newsecondary3659 26-02-02 05-35-57.fits,2026-02-02 05:35:57,1178.6178258449597,1136.2668022060116,3.33917564564477,7.912754876301249,7.863157744243467,18.633113794130573,2528.704644539979,1134.0750264670312,32028.822361048464,42704.41325915292,True,1,30
3660,newsecondary3660 26-02-02 05-36-57.fits,2026-02-02 05:36:57,1178.0256239836788,1135.1016213573814,3.8937911921488104,6.069637683476464,9.169177550436975,14.292904483125595,2231.2332991906082,1444.372007541975,31887.391019446022,42516.419678083024,True,1,18
3661,newsecondary3661 26-02-02 05-37-57.fits,2026-02-02 05:37:57,1178.374660694664,1136.9415173607727,3.416818988639969,5.4146361685078555,8.045993844691775,12.750493786151875,2439.2293036674714,1503.9779742932712,31861.361784241293,42482.06187692356,True,1,7
3662,newsecondary3662 26-02-02 05-38-57.fits,2026-02-02 05:38:57,1177.5524078913347,1135.1458451245844,3.5387922739118607,6.72127606327639,8.333218981808303,15.82739560198995,2402.204455753525,1304.6084990583713,31895.04953597179,42526.38749709098,True,1,18
3663,newsecondary3663 26-02-02 05-39-57.fits,2026-02-02 05:39:57,1179.9974711684004,1132.4254037981962,3.89059205229045,9.423669518581418,9.16164415177165,22.19104588010268,2163.0131064557204,923.7730809808144,31798.789242418658,42398.011814853315,True,1,28
3664,newsecondary3664 26-02-02 05-40-57.fits,2026-02-02 05:40:57,1178.5393900994459,1134.7925427007472,3.864444519071306,8.934562258600577,9.100071416419098,21.039286300129632,2155.165056408311,1112.3983031561008,31824.146414627605,42430.11890065718,True,1,24
3665,newsecondary3665 26-02-02 05-41-57.fits,2026-02-02 05:41:57,1176.2220976680283,1135.6456217367024,3.127820141083837,7.929557155244972,7.365453565475751,18.672680137389452,2645.490613023385,1070.9477144321315,31945.585496324504,42593.833517940584,True,1,27
3666,newsecondary3666 26-02-02 05-42-57.fits,2026-02-02 05:42:57,1174.9745494702534,1133.5172297466065,3.698812133232831,8.19018093346406,8.710036954140357,19.28640223455146,2309.459310633282,1119.0448071426588,31861.156921002403,42480.73935276058,True,1,28
3667,newsecondary3667 26-02-02 05-43-57.fits,2026-02-02 05:43:57,1175.1691507063024,1133.9914168561445,3.4282081425430206,8.332474892239858,8.072813252598623,19.621478900963517,2389.5173015426617,989.2048256115718,31928.04486730677,42570.66103656983,True,1,28
3668,newsecondary3668 26-02-02 05-44-57.fits,2026-02-02 05:44:57,1175.2621532599992,1133.9740898347784,3.155769828565608,7.588033505540178,7.431270049810176,17.868453401212474,2625.890195591263,1148.005918588948,31975.072650755847,42632.882968964426,True,1,30
3669,newsecondary3669 26-02-02 05-45-57.fits,2026-02-02 05:45:57,1177.2686769426841,1134.336233026367,3.0408666377591596,8.179978539459153,7.160693712861136,19.2623774326414,2771.8229584992823,1005.127099126748,31973.480043232375,42631.57340923219,True,1,29
3670,newsecondary3670 26-02-02 05-46-57.fits,2026-02-02 05:46:57,1176.321918610336,1133.7186025004617,3.3405779322768114,8.009128126973334,7.866459876913477,18.86005545661799,2475.8506677202495,1052.7090951172577,31973.52247252531,42631.15633232381,True,1,27
3671,newsecondary3671 26-02-02 05-47-57.fits,2026-02-02 05:47:57,1176.7855333053017,1131.4769958355255,4.167889389284891,7.384887248628518,9.814629479359864,17.39008052336389,2048.6119380756386,920.9588420920787,31874.405260522464,42501.44700432382,True,1,31
3672,newsecondary3672 26-02-02 05-48-57.fits,2026-02-02 05:48:57,1174.3527178235056,1132.5588759057898,3.4595448416995116,7.158089177025481,8.146605539917433,16.856011878178695,2475.4911130781456,1215.798918517301,31908.01853923487,42543.845845013995,True,1,28
3673,newsecondary3673 26-02-02 05-49-56.fits,2026-02-02 05:49:56,1176.372336450701,1131.0545530353622,3.152764029333669,8.206651942564514,7.424191933527468,19.3251884969431,2695.0432183110865,972.9918342630082,31909.06504334037,42546.080020424735,True,1,26
3674,newsecondary3674 26-02-02 05-50-57.fits,2026-02-02 05:50:57,1176.3479865391432,1132.9154536568956,3.1295526581636888,9.747605986397032,7.369533331423745,22.95385796783141,2630.478464218406,956.899235345237,31930.730664501487,42572.89531007501,True,1,27
3675,newsecondary3675 26-02-02 05-51-57.fits,2026-02-02 05:51:57,1175.6238464937874,1130.4229867777087,3.7470082287823723,6.276268650421363,8.823530086032644,14.77948322601157,2224.620915783867,1279.1295781276342,31872.967425416893,42497.68641184448,True,1,22
3676,newsecondary3676 26-02-02 05-52-57.fits,2026-02-02 05:52:57,1173.9671142699983,1134.3635789511256,3.4105012967299353,7.44532565788542,8.031116817143698,17.53240210097183,2454.0650485377355,1072.6482402194968,31892.61440739602,42523.98020901324,True,1,28
3677,newsecondary3677 26-02-02 05-53-57.fits,2026-02-02 05:53:57,1174.5870383229749,1134.1710213184588,3.0941702851438606,6.993509633104608,7.286214210195891,16.46845666915177,2723.095458522215,1172.773643402803,31937.712519046938,42583.905414925386,True,1,26
3678,newsecondary3678 26-02-02 05-54-57.fits,2026-02-02 05:54:57,1176.5588021156282,1132.4313166108434,3.043010503519448,6.742429057231344,7.165742130927319,15.877207096167494,2750.0241873782643,1263.288451226595,31911.39454127699,42548.3335703363,True,1,23
3679,newsecondary3679 26-02-02 05-55-57.fits,2026-02-02 05:55:57,1176.6938915983337,1134.3704715093795,3.696578499065687,7.258491887660291,8.7047771476303,17.092442193756987,2277.4986935771135,1223.2452348126537,31991.004558287048,42654.079659998526,True,1,28
3680,newsecondary3680 26-02-02 05-56-57.fits,2026-02-02 05:56:57,1176.4721815529954,1134.9108295131844,3.2102496946922723,8.76488017735583,7.559560330615848,20.63971553393193,2603.30193129324,958.6112762974449,31915.64833439497,42554.139930998295,True,1,26
3681,newsecondary3681 26-02-02 05-57-57.fits,2026-02-02 05:57:57,1175.445146009962,1137.1497293618716,4.182752436402984,7.893128669527686,9.849629280643788,18.58689760901226,1997.6635458748078,1196.980021281637,31910.31994048911,42545.6849706716,True,1,28
3682,newsecondary3682 26-02-02 05-58-57.fits,2026-02-02 05:58:57,1175.3733493189204,1133.9272887734755,3.7208545234044026,5.520377391886674,8.761942816356767,12.999495338550412,2244.5473385215164,1485.5299966474663,31787.552298522554,42383.597699470934,True,1,17
3683,newsecondary3683 26-02-02 05-59-57.fits,2026-02-02 05:59:57,1175.8216449017634,1135.8011529379273,3.3011090662516245,7.237854644120219,7.773517800042725,17.04384519899464,2551.9060874668703,1213.6107649294281,31839.99763186969,42452.86622002448,True,1,7
3684,newsecondary3684 26-02-02 06-00-57.fits,2026-02-02 06:00:57,1174.4319128980976,1135.6202654212263,3.6691305291846597,6.975090104830075,8.640142117959051,16.425081994750887,2308.7476286387036,1100.1575081404499,31946.634301784503,42596.54058237512,True,1,30
3685,newsecondary3685 26-02-02 06-01-57.fits,2026-02-02 06:01:57,1175.9647318401487,1136.2332231623996,3.6964455471288074,10.03775487098639,8.70446406974431,23.637106377305802,2308.2398308100305,892.8863383508732,31909.546581238268,42545.50728270841,True,1,28
3686,newsecondary3686 26-02-02 06-02-57.fits,2026-02-02 06:02:57,1175.3904532320694,1136.188142328199,4.198607014180099,6.531953531174172,9.88696395819884,15.381575108419632,2083.9440969395805,1371.241406394791,31936.335975718626,42581.514103956215,True,1,26
3687,newsecondary3687 26-02-02 06-03-57.fits,2026-02-02 06:03:57,1177.0805676483562,1135.7257045693605,3.0801906235821486,7.365967281665572,7.253294622927623,17.34552740590822,2728.8764726177847,1136.2612846628722,31846.614829080758,42462.19926167363,True,1,27
3688,newsecondary3688 26-02-02 06-04-57.fits,2026-02-02 06:04:57,1175.3118686687615,1135.5528121201523,3.1639693720922435,8.684382702065678,7.450578499266801,20.4501584655443,2641.9478666681603,990.2880144307159,31898.378853642367,42530.86105760035,True,1,29
3689,newsecondary3689 26-02-02 06-05-57.fits,2026-02-02 06:05:57,1176.659607160593,1134.656448761409,2.827617811867952,11.445907551180476,6.658531103073205,26.95305253509089,2860.5477116691973,767.2746690955355,31856.28975609682,42474.15864265146,True,1,29
3690,newsecondary3690 26-02-02 06-06-57.fits,2026-02-02 06:06:57,1176.5234205734016,1135.7406904184845,2.961237947540074,8.433516770425948,6.973182476973673,19.859414341103697,2846.534778499037,1019.7414071747337,31871.15044810191,42494.64710954017,True,1,27
3691,newsecondary3691 26-02-02 06-07-57.fits,2026-02-02 06:07:57,1172.7941120173411,1136.185233539443,4.3723134192008795,7.714825602505923,10.296011282692039,18.16702597269892,1980.1912258937698,1138.8529325397576,31913.19273557315,42550.75855665933,True,1,20
3692,newsecondary3692 26-02-02 06-08-57.fits,2026-02-02 06:08:57,1173.6840271542987,1134.3699125736543,3.4884038390379257,8.320909638238932,8.214563285329424,19.594244809016264,2425.5364156854735,1024.8078404671744,31922.8791628645,42563.75367512362,True,1,27
3693,newsecondary3693 26-02-02 06-09-57.fits,2026-02-02 06:09:57,1175.802732904024,1134.409883829745,3.7801046608443247,9.840384068623763,8.901466227671134,23.172333655598447,2155.09800610192,832.3885212504155,31970.70091154242,42627.543801702755,True,1,29
3694,newsecondary3694 26-02-02 06-10-57.fits,2026-02-02 06:10:57,1177.2418655368451,1133.8609960129338,3.257916328967564,8.574040181368302,7.671806676486464,20.190321685986873,2604.2541168536386,1053.1432333162236,31979.903417344816,42639.16816752802,True,1,31
3695,newsecondary3695 26-02-02 06-11-57.fits,2026-02-02 06:11:57,1174.626796984654,1133.6809692583963,3.355389867195853,8.808721392763246,7.90133931816653,20.742953706771836,2536.373183595346,1082.0746634058082,31953.474648044274,42603.316144875076,True,1,30
3696,newsecondary3696 26-02-02 06-12-57.fits,2026-02-02 06:12:57,1175.3787926342027,1133.528322159533,2.8359118994635444,8.241180312206062,6.678062186798549,19.406496593897252,2977.762863676823,1090.1634293098882,31992.446120192246,42655.89910822055,True,1,30
3697,newsecondary3697 26-02-02 06-13-57.fits,2026-02-02 06:13:57,1174.2368091629742,1134.044905532038,3.7579497202466223,10.787798404182919,8.849295329455195,25.403323923922823,2201.02122618346,675.3778459925551,32026.03659629941,42702.652832812826,True,1,31
3698,newsecondary3698 26-02-02 06-14-57.fits,2026-02-02 06:14:57,1174.2293676872116,1134.9310318113191,3.084281501361575,7.481755245486842,7.262927903924388,17.618187224087865,2752.3230949756257,1172.55385604123,31935.929546662544,42580.87343055594,True,1,27
3699,newsecondary3699 26-02-02 06-15-56.fits,2026-02-02 06:15:56,1174.935629995777,1134.680679749992,3.452694030691603,9.75994747296851,8.130473112831291,22.982919947795406,2473.441533569339,925.3336930032967,31973.64749314545,42630.896665575674,True,1,30
3700,newsecondary3700 26-02-02 06-16-56.fits,2026-02-02 06:16:56,1172.4641352746771,1134.271228727441,3.1088945278636975,8.404162774459419,7.320887152100464,19.790290962999958,2766.9560334605526,1164.1976331584963,31948.867108883518,42596.96547437602,True,1,28
3701,newsecondary3701 26-02-02 06-17-57.fits,2026-02-02 06:17:57,1175.5975786316958,1133.8046528402442,3.4118653324220007,7.331184297316164,8.034328875733511,17.26361973713624,2424.30604678452,1131.138400048219,31871.857122090925,42495.78218826961,True,1,27
3702,newsecondary3702 26-02-02 06-18-57.fits,2026-02-02 06:18:57,1174.638567656622,1132.5517948800355,3.69662031431282,7.590763462075818,8.704875615012437,17.874881957584662,2294.8386344890046,1131.309936439773,31911.03121278644,42547.90705465554,True,1,28
3703,newsecondary3703 26-02-02 06-19-57.fits,2026-02-02 06:19:57,1174.3025370374519,1134.6234236483363,3.169979171207918,7.02964686610591,7.464730494691001,16.55355334979519,2542.1833752147604,1266.529189754528,31910.241479186625,42545.899616358736,True,1,22
3704,newsecondary3704 26-02-02 06-20-57.fits,2026-02-02 06:20:57,1170.6845387981039,1134.9190665565015,3.3480426455039387,8.350606852483683,7.884037933251124,19.66417640440138,2346.2847264706793,1083.4072343748926,31907.334983996727,42541.57678166718,True,1,25
3705,newsecondary3705 26-02-02 06-21-57.fits,2026-02-02 06:21:57,1173.5833800239773,1137.2738987362561,3.3315944025370245,9.126832068814828,7.845305281007095,21.492047103276445,2504.209010132654,945.9003284233121,31854.662105875814,42472.50879298252,True,1,27
3706,newsecondary3706 26-02-02 06-22-57.fits,2026-02-02 06:22:57,1174.173682559795,1134.7521119650635,4.645541864050458,8.110790896232247,10.939415101496461,19.099452983502236,1871.356321973431,1099.1364757942883,31988.781526609484,42651.42322244557,True,1,30
3707,newsecondary3707 26-02-02 06-23-57.fits,2026-02-02 06:23:57,1174.9340874927898,1135.0961307483196,3.8189142307497015,5.7992738651463105,8.992855780823346,13.656246344270642,2161.5942913718623,1282.951026127073,31968.49804242421,42625.71462114918,True,1,28
3708,newsecondary3708 26-02-02 06-24-57.fits,2026-02-02 06:24:57,1173.4146647049556,1134.7594242779733,4.155946760693082,7.73361713575224,9.786506738161512,18.21127665186421,2086.7820017030213,1192.0258508710988,31992.547889147634,42656.0263463172,True,1,29
3709,newsecondary3709 26-02-02 06-25-57.fits,2026-02-02 06:25:57,1174.6663756455828,1135.9150919242654,4.223594956148802,5.321770547821407,9.945806064830812,12.531811961065184,1988.6759948358347,1497.2331317087667,31959.266945201565,42612.91222137883,True,1,23
3710,newsecondary3710 26-02-02 06-26-57.fits,2026-02-02 06:26:57,1175.1132729606022,1136.735707527602,3.249213492480707,7.00312296654748,7.651313062678587,16.49109433944261,2583.343576734361,1278.1691310729934,32001.45091679681,42667.88257722816,True,1,30
3711,newsecondary3711 26-02-02 06-27-56.fits,2026-02-02 06:27:56,1174.5930543061227,1135.7515858310992,4.416458663726402,9.22216474530692,10.399965389393532,21.716538400826472,1934.381798146282,943.6580602865083,31969.324298126274,42625.56012932789,True,1,29
3712,newsecondary3712 26-02-02 06-28-57.fits,2026-02-02 06:28:57,1176.955863628696,1135.6998862941668,3.2310043913068034,5.856356878713579,7.608433906232282,13.79066656884962,2591.805795031741,1378.6619927652978,31939.083006986606,42585.83109160161,True,1,26
3713,newsecondary3713 26-02-02 06-29-57.fits,2026-02-02 06:29:57,1172.3737038876968,1132.8681138415886,4.2507897292221895,9.690249309556442,10.009844861584092,22.818793315490826,1916.8277025626214,909.0332379846741,31989.722574754214,42652.11147947039,True,1,29
3714,newsecondary3714 26-02-02 06-30-57.fits,2026-02-02 06:30:57,1173.66201069086,1136.4853967977313,3.604858990260682,5.553540347271315,8.488794209775882,13.077588130642631,2324.0019686176056,1483.123481353847,31957.186428175635,42609.763858197075,True,1,10
3715,newsecondary3715 26-02-02 06-31-57.fits,2026-02-02 06:31:57,1175.4128263750906,1136.7077762362123,3.5293017429332463,5.453248305856054,8.310870489221875,12.8414184211609,2358.89823005873,1461.1695371310418,31968.411133776626,42625.00868533233,True,1,7
3716,newsecondary3716 26-02-02 06-32-57.fits,2026-02-02 06:32:57,1174.4756976370868,1137.155198623005,3.0732641610260867,10.214633672520668,7.236984050059452,24.05362412469977,2686.3675837542205,907.5353691931766,31965.86245542656,42619.84218177173,True,1,29
3717,newsecondary3717 26-02-02 06-33-57.fits,2026-02-02 06:33:57,1175.7031421175404,1134.59893776706,3.2830975782639453,6.693507979174732,7.731103987088504,15.762006760935261,2580.0135286541486,1191.059535801004,31978.110248920315,42638.1225517908,True,1,30
3718,newsecondary3718 26-02-02 06-34-57.fits,2026-02-02 06:34:57,1177.2366987372948,1137.538741527031,3.5284573021939742,5.9662055789440185,8.308881983242197,14.049340490072854,2456.339940255535,1437.4813809944667,31921.259191993187,42561.79597748808,True,1,22
3719,newsecondary3719 26-02-02 06-35-57.fits,2026-02-02 06:35:57,1175.8962883675301,1134.948712018792,3.59059967333014,8.066724063248568,8.455216084439392,18.995683521871236,2373.014020559423,1088.3556072254462,31978.517038996935,42637.68886121939,True,1,30
3720,newsecondary3720 26-02-02 06-36-57.fits,2026-02-02 06:36:57,1178.7815007670404,1137.5281099308374,3.9683292602362887,7.204333819060063,9.34470128728725,16.96490968821701,2100.734815848326,1297.690661718089,31931.54580455435,42574.08875539002,True,1,8
3721,newsecondary3721 26-02-02 06-37-57.fits,2026-02-02 06:37:57,1179.810152606583,1134.2278157025717,3.1950029871926837,8.389150025621072,7.523657078175093,19.754938641104403,2582.8994520885367,1083.4010406132825,31924.921825746344,42565.48391047757,True,1,28
3722,newsecondary3722 26-02-02 06-38-57.fits,2026-02-02 06:38:57,1174.2070599588947,1132.8119301236584,3.71523477215416,8.841205657361217,8.748709313464607,20.819448304195223,2323.5030337006474,1027.715041440647,31815.56168371696,42420.163669517584,True,1,29
3723,newsecondary3723 26-02-02 06-39-57.fits,2026-02-02 06:39:57,1177.0572839878503,1136.8365812490708,3.8311973566167903,8.19548150651834,9.021780331830804,19.29888413022983,2142.126840890222,1054.4959741735577,31929.468489813415,42572.06350919666,True,1,28
3724,newsecondary3724 26-02-02 06-40-56.fits,2026-02-02 06:40:56,1176.2028755153688,1134.344871178159,3.998394303827994,7.051013685851794,9.415499054591729,16.603868365231364,2099.47589037984,1261.0251782661278,31979.175164980497,42638.25941356571,True,1,29
3725,newsecondary3725 26-02-02 06-41-57.fits,2026-02-02 06:41:57,1177.334934268898,1135.019145999798,3.2246591571734724,8.558655551511592,7.5934920217047,20.15409365121491,2467.421851525052,1016.3668827206046,31989.794280606846,42652.10211268682,True,1,30
3726,newsecondary3726 26-02-02 06-42-57.fits,2026-02-02 06:42:57,1175.8404998707367,1133.6988746238064,3.660902238435563,7.937934906843923,8.620765973966735,18.69240823478695,2307.4610841119193,1015.9800908564713,32004.141024202054,42672.6813707124,True,1,30
3727,newsecondary3727 26-02-02 06-43-57.fits,2026-02-02 06:43:57,1171.9735112846583,1136.3793059280051,3.1150934066107014,7.912419310535604,7.335484396030625,18.632323597139205,2724.591966386399,1251.4306735396735,31948.16371422073,42595.72775579821,True,1,14
3728,newsecondary3728 26-02-02 06-44-57.fits,2026-02-02 06:44:57,1172.1200681950263,1134.8606865827996,3.318242492613455,10.008689985281478,7.813863935879626,23.568663801841343,2455.949622644608,849.8889246281367,32011.95462665957,42682.14605506748,True,1,28
3729,newsecondary3729 26-02-02 06-45-57.fits,2026-02-02 06:45:57,1171.5725626973122,1136.6244817956615,3.32051748642539,10.239446385492466,7.819221136910292,24.112053598577358,2325.946984550175,880.2760040957713,32014.129027172254,42683.84177383954,True,1,31
3730,newsecondary3730 26-02-02 06-46-57.fits,2026-02-02 06:46:57,1171.3197491625372,1137.2418923796833,3.7348040446956396,7.5339727863399375,8.794791428711958,17.74115013599096,2217.6539270266217,1171.696247733887,32031.386513947127,42707.812587193315,True,1,30
3731,newsecondary3731 26-02-02 06-47-57.fits,2026-02-02 06:47:57,1171.3613091923523,1135.950300654284,3.8397893383320802,8.614848126269715,9.042012902600508,20.28641705263724,2128.592821480706,1071.9797978308331,32022.214295797603,42694.91688795426,True,1,28
3732,newsecondary3732 26-02-02 06-48-57.fits,2026-02-02 06:48:57,1170.3994711160901,1138.699462501313,3.9953008944569977,10.336791361604984,9.408214632197419,24.341283499610178,2076.852414201949,819.514353590205,31999.445167872775,42665.703178155534,True,1,31
3733,newsecondary3733 26-02-02 06-49-57.fits,2026-02-02 06:49:57,1169.6086429896932,1135.3469733350362,3.2350769954362972,7.882365787160162,7.61802415607189,18.56155295787091,2628.6245775879443,1137.2133413772467,32012.985774384844,42683.38773434455,True,1,31
3734,newsecondary3734 26-02-02 06-50-57.fits,2026-02-02 06:50:57,1169.2983794056229,1135.6001310748927,4.110430069035548,9.206421237863891,9.679323120262858,21.679465273920535,2022.5971231914534,976.1771778714386,32043.487088787646,42723.781216638425,True,1,28
3735,newsecondary3735 26-02-02 06-51-57.fits,2026-02-02 06:51:57,1169.8641307670487,1136.026073854389,3.1994085919116313,8.383747568375567,7.534031484477754,19.742216826490264,2611.1218357573302,961.3321070562911,31948.564626923202,42598.46587669085,True,1,29
3736,newsecondary3736 26-02-02 06-52-57.fits,2026-02-02 06:52:57,1165.9346617711506,1134.9384216049496,3.4059867936891255,8.585392072983089,8.020485974889846,20.217053347910394,2425.8621412550806,953.3423792579135,31941.415161313987,42588.65365394314,True,1,30
3737,newsecondary3737 26-02-02 06-53-57.fits,2026-02-02 06:53:57,1166.8620782508808,1135.6543011974702,4.2650085061356355,9.013426375385878,10.0433275224757,21.22499710316932,1931.3145629162498,964.6268551333129,31900.741790051925,42533.73245206921,True,1,28
3738,newsecondary3738 26-02-02 06-54-57.fits,2026-02-02 06:54:57,1166.7103747725096,1135.611613407151,4.37194229677082,8.141923127780284,10.295137356154575,19.172763786398097,1871.1011844424695,1087.1248278366636,31978.268484719338,42636.82619044741,True,1,30
3739,newsecondary3739 26-02-02 06-55-57.fits,2026-02-02 06:55:57,1167.9120417229892,1133.4064337168004,3.0265745399419646,9.801560565162793,7.127038394435662,23.080911291430226,2649.45234628795,876.7392494286721,31997.189018858448,42662.17773046371,True,1,29
3740,newsecondary3740 26-02-02 06-56-58.fits,2026-02-02 06:56:58,1167.4807496743213,1135.8044704712297,3.092286174064176,8.08719789821997,7.281777467658385,19.043895718860547,2617.3526944539904,1052.998520395484,32015.381305748146,42686.63067712807,True,1,29
3741,newsecondary3741 26-02-02 06-57-58.fits,2026-02-02 06:57:58,1171.0140733858268,1134.864047366402,3.7843284161203106,9.252504205203708,8.911412411260331,21.787982369146846,2198.2361933749903,948.01548535233,31970.01108841205,42626.097770851324,True,1,26
3742,newsecondary3742 26-02-02 06-58-58.fits,2026-02-02 06:58:58,1171.5586904587856,1132.8172487220024,3.8695147167793236,8.027003316725214,9.112010819614207,18.90214831175445,2124.5825303965175,1059.4952292970293,32022.842881884717,42696.75833335908,True,1,30
3743,newsecondary3743 26-02-02 06-59-58.fits,2026-02-02 06:59:58,1170.332139461742,1133.3431053883564,3.036255435639153,9.589174525980638,7.149835161677255,22.580780389079358,2656.2172306878397,951.6491721570563,32013.80021536811,42683.69942820629,True,1,29
3744,newsecondary3744 26-02-02 07-00-58.fits,2026-02-02 07:00:58,1168.7499099243823,1132.8445981940342,4.435358554288677,9.741110394792132,10.444471230538468,22.938562018515857,1856.75457847072,946.7726432516039,32021.74652119315,42694.38905747239,True,1,30
3745,newsecondary3745 26-02-02 07-01-58.fits,2026-02-02 07:01:58,1172.0382488388213,1130.4384423963832,3.0699356664363933,10.536810486551378,7.229146044279865,24.812292544423496,2626.108581537049,866.464690110111,31951.06234643324,42600.039634513894,True,1,29
3746,newsecondary3746 26-02-02 07-02-58.fits,2026-02-02 07:02:58,1169.5593998169054,1130.7987975266974,3.291883345669347,8.59501116378537,7.751792888285723,20.23970457574658,2512.666868063422,1054.9707991817138,31955.119081521418,42605.79896279251,True,1,29
3747,newsecondary3747 26-02-02 07-03-58.fits,2026-02-02 07:03:58,1169.3033699470104,1131.154434747616,3.6950336820492415,11.544633727945037,8.70113938155407,27.185534915105347,2235.380602341918,784.2510357100957,32023.728678693864,42697.28099829958,True,1,32
3748,newsecondary3748 26-02-02 07-04-58.fits,2026-02-02 07:04:58,1169.2067750795482,1133.3365108232201,4.418466839413128,10.091777968325761,10.404694281754578,23.764321049815212,1839.9714961522805,775.246192757268,31947.372484755404,42596.89151821713,True,1,31
3749,newsecondary3749 26-02-02 07-05-58.fits,2026-02-02 07:05:58,1168.9054396368829,1130.001233364559,3.7571692109557193,9.278481234353254,8.847457370531643,21.84915359809855,2189.436101934001,835.2539800350805,32027.030968547373,42703.32197037679,True,1,27
3750,newsecondary3750 26-02-02 07-06-58.fits,2026-02-02 07:06:58,1168.147200189817,1128.6781014347657,4.048351616606853,11.610890634165333,9.533139536119267,27.34155800599464,1950.2712584983558,704.1818071605335,32008.3160523524,42677.39267545485,True,1,30
3751,newsecondary3751 26-02-02 07-07-58.fits,2026-02-02 07:07:58,1168.3207749353505,1129.22065817,3.156411677478325,9.462048244932559,7.432781488495723,22.281420874217105,2583.4681228126915,923.2202825273042,32027.80545039815,42702.99136376046,True,1,32
3752,newsecondary3752 26-02-02 07-08-57.fits,2026-02-02 07:08:57,1169.5221732530347,1128.9751916024525,4.028266320911695,9.382971457585027,9.485842279205935,22.095209270274484,2030.2985784960904,869.7562758293572,32016.715019920986,42688.976163272615,True,1,30
3753,newsecondary3753 26-02-02 07-09-57.fits,2026-02-02 07:09:57,1169.7950448947902,1130.0195005931882,3.211022550316089,12.14212914005653,7.561380266530726,28.59252908835952,2506.7552057621424,637.1849714664481,31988.911083579962,42652.284342942105,True,1,30
3754,newsecondary3754 26-02-02 07-10-57.fits,2026-02-02 07:10:57,1167.612519542601,1128.5938566017005,4.072805292363372,9.245384405112219,9.590723541965405,21.771216521174793,1977.8649914594014,883.7200669066734,32013.714876038797,42684.80504910035,True,1,28
3755,newsecondary3755 26-02-02 07-11-58.fits,2026-02-02 07:11:58,1168.2092142685292,1130.3957973856018,3.866575661615004,9.56128883739068,9.105089873599816,22.515114610618234,2062.5419050540827,877.4473443076856,32026.357910437117,42701.27601493715,True,1,29
3756,newsecondary3756 26-02-02 07-12-58.fits,2026-02-02 07:12:58,1168.5966725349335,1130.4088963338472,4.657924224079902,9.74532223737845,10.968573331098584,22.948480149864633,1770.0667395413182,785.6448989805688,32008.899019712426,42679.29081514393,True,1,30
3757,newsecondary3757 26-02-02 07-13-58.fits,2026-02-02 07:13:58,1167.34080897679,1126.4765123932384,3.413792815907256,10.718936343028533,8.038867752481055,25.24116616197433,2323.6835605693987,803.8568175431823,32020.931321412463,42693.693241821136,True,1,28
3758,newsecondary3758 26-02-02 07-14-58.fits,2026-02-02 07:14:58,1168.8715810914266,1128.2268238071358,3.6098312439738143,11.704041253030404,8.500502972488546,27.560910950505143,2192.737797021339,679.7200110065962,31963.88657442009,42618.46378144978,True,1,29
3759,newsecondary3759 26-02-02 07-15-58.fits,2026-02-02 07:15:58,1166.7718891120726,1127.9886816815072,4.434720511555291,13.021891801489367,10.442968754720305,30.664211838371344,1786.262065962184,715.2684522115682,31925.115185601546,42565.024635678084,True,1,29
3760,newsecondary3760 26-02-02 07-16-58.fits,2026-02-02 07:16:58,1166.9691648366731,1129.6155951717371,3.5733892646426386,10.924185290168085,8.41468866907889,25.724490496920044,2258.2305838227853,807.0983458998853,31984.96862290343,42645.66117763242,True,1,29
3761,newsecondary3761 26-02-02 07-17-58.fits,2026-02-02 07:17:58,1167.7276035259063,1130.545658324755,3.841144956886444,10.646397716947165,9.04520514034574,25.07035075123892,2144.717260095511,805.8011893938766,31958.628074987544,42611.06478214276,True,1,29
3762,newsecondary3762 26-02-02 07-18-58.fits,2026-02-02 07:18:58,1167.7010543277643,1127.2023137914177,3.463480511269292,11.234678534900866,8.15587333351097,26.455646213463496,2336.132882407905,813.7336397789032,32006.053045075856,42673.3823633028,True,1,27
3763,newsecondary3763 26-02-02 07-19-58.fits,2026-02-02 07:19:58,1170.011432937535,1130.4300474671866,2.8346855954598276,9.775118765025475,6.675174461549295,23.018645610440167,2820.6237645030787,867.8702985507682,32038.707966507012,42717.64811236503,True,1,30
3764,newsecondary3764 26-02-02 07-20-58.fits,2026-02-02 07:20:58,1168.0806064380067,1127.0885463643076,3.690319609032925,11.389801135049685,8.690038587921508,26.82093202173126,2121.6317896376163,781.3353673465579,32005.269427247138,42672.31320825502,True,1,31
3765,newsecondary3765 26-02-02 07-21-58.fits,2026-02-02 07:21:58,1166.9153659016501,1126.6086406384047,2.8315297768737393,10.159205135469362,6.6677430766842924,23.923099894584613,2843.4550067734012,790.0982735588174,32017.60235909556,42690.16814299377,True,1,30
3766,newsecondary3766 26-02-02 07-22-59.fits,2026-02-02 07:22:59,1166.374976047845,1127.3589467441348,3.4307534319187223,8.904761193434986,8.07880695104093,20.969110154514425,2293.7174774341192,842.8102160160787,31998.623415567614,42665.30076916753,True,1,29
3767,newsecondary3767 26-02-02 07-23-59.fits,2026-02-02 07:23:59,1166.0645671391214,1129.2707801709914,4.665378349671829,10.891110987263781,10.986126455460631,25.646606465465563,1673.5847320743678,773.8528699554427,32025.660294020323,42700.080680143794,True,1,30
3768,newsecondary3768 26-02-02 07-24-59.fits,2026-02-02 07:24:59,1167.8749563306294,1127.681195418844,3.639550958680536,11.287172123073487,8.570487552412535,26.579259167127987,2153.3471731187196,710.9039027143497,32036.883491841607,42715.60369198708,True,1,30
3769,newsecondary3769 26-02-02 07-25-59.fits,2026-02-02 07:25:59,1165.4155395109321,1130.5104089519753,3.973342418089278,10.479552688743443,9.356506371888374,24.67746073441104,2011.7889608114087,728.6289233675316,32017.711882969652,42690.743891653896,True,1,32
3770,newsecondary3770 26-02-02 07-26-59.fits,2026-02-02 07:26:59,1167.345112163558,1128.7536543675621,3.6336159059336324,11.72678743303643,8.55651157123581,27.614474111131216,2149.375189858146,660.5993942437563,32021.38781767109,42695.26537072997,True,1,30
3771,newsecondary3771 26-02-02 07-27-59.fits,2026-02-02 07:27:59,1164.7469649021505,1130.4110606631657,4.944521860160973,10.017750384377143,11.643459189400774,23.589999411247792,1609.5081221853404,820.1632860003413,32036.292295634645,42714.72379791349,True,1,30
3772,newsecondary3772 26-02-02 07-28-59.fits,2026-02-02 07:28:59,1164.9164530224127,1130.0318868101767,3.4962989971146157,11.004380869715863,8.233154961827102,25.913336655162027,2295.811714928825,815.2300779226194,31991.939307628025,42654.701533465784,True,1,30
3773,newsecondary3773 26-02-02 07-29-59.fits,2026-02-02 07:29:59,1163.1641287421066,1128.9927363679867,4.004194197366637,12.429411495170363,9.42915676015557,29.269027336765273,1943.2342436907168,667.5410855727608,32037.499115201877,42716.00007552192,True,1,30
3774,newsecondary3774 26-02-02 07-30-59.fits,2026-02-02 07:30:59,1160.6745986946974,1128.7751033280465,3.7231156030633827,13.140870395401635,8.767267252061146,30.944385016245548,2062.7262812424974,648.2448878954975,31964.985214254135,42618.89880744136,True,1,30
3775,newsecondary3775 26-02-02 07-31-59.fits,2026-02-02 07:31:59,1164.9897710412502,1127.1714346201375,3.9758884347954955,10.34130775426017,9.36250178306316,24.351918791565836,1998.810417443546,773.4614411940837,32038.673883769945,42718.16536830581,True,1,31
3776,newsecondary3776 26-02-02 07-32-59.fits,2026-02-02 07:32:59,1164.5177667786352,1128.7195430863144,4.310954560265856,10.74527510083053,10.151522211731619,25.303189196807686,1908.9647632113688,827.1532629353119,32015.52152854865,42686.51291892539,True,1,29
3777,newsecondary3777 26-02-02 07-33-59.fits,2026-02-02 07:33:59,1162.6174529000325,1127.497840413251,4.4352700609709235,10.194773623953363,10.44426284469997,24.006857284238194,1837.253585647364,799.9353242695868,32009.859258686876,42679.80403622246,True,1,28
3778,newsecondary3778 26-02-02 07-34-59.fits,2026-02-02 07:34:59,1160.7754149622072,1130.3688794065572,3.2434372144964434,12.901872859251188,7.637710967495572,30.381588827405466,2306.2225174114774,637.1610533343636,32031.033642004248,42707.09006392829,True,1,30
3779,newsecondary3779 26-02-02 07-35-59.fits,2026-02-02 07:35:59,1164.6289632760027,1139.6496048183742,7.9605424482071285,11.218048366806224,18.745644926357894,26.416485160282,982.4814117321847,671.8285073993165,32031.317302135118,42708.78988345944,True,1,30
3780,newsecondary3780 26-02-02 07-36-59.fits,2026-02-02 07:36:59,1160.9525553048695,1136.0010064770997,4.4487997176098935,12.961327077970818,10.476122751355804,30.521592813408105,1753.8142735368099,645.6235008349175,32022.51094237438,42695.95174375031,True,1,29
3781,newsecondary3781 26-02-02 07-37-59.fits,2026-02-02 07:37:59,1161.8413247113601,1135.371034929595,2.9534960054852046,12.441909344994448,6.954951596635398,29.298457524050814,2546.6447605380067,675.8975675012122,32047.258635252172,42728.53324025424,True,1,29
3782,newsecondary3782 26-02-02 07-38-59.fits,2026-02-02 07:38:59,1162.9774292694995,1135.4639742565362,3.3550330250443747,11.998534541023947,7.900499019115316,28.25438964819941,2338.145960220554,727.4239684455756,32035.703168147233,42713.13173559283,True,1,29
3783,newsecondary3783 26-02-02 07-39-59.fits,2026-02-02 07:39:59,1163.5144274416787,1132.8645977877263,5.7881341031747295,12.947711506886579,13.63001420948309,30.489530593694393,1436.8268771908542,647.3873539965125,32036.71701734005,42715.53805489526,True,1,30
3784,newsecondary3784 26-02-02 07-40-59.fits,2026-02-02 07:40:59,1164.3879083048373,1133.69899855468,5.614519428614384,12.382346778258114,13.221182893716863,29.1581983979666,1404.1702301011796,705.9965080259692,31968.75941041318,42623.906029894824,True,1,31
3785,newsecondary3785 26-02-02 07-41-59.fits,2026-02-02 07:41:59,1162.6742002258711,1130.5798116985131,3.9217790049327874,12.760406769749242,9.235083812997258,30.04846164415414,1972.7832116244915,653.6438963434731,31964.708591346465,42618.832721172614,True,1,30
3786,newsecondary3786 26-02-02 07-42-59.fits,2026-02-02 07:42:59,1161.9140835174726,1135.1233631250384,4.235201185503459,10.12950359216666,9.973136646362384,23.853158105047058,1800.8947067810739,672.9569074885632,31904.717425381583,42540.66821884973,True,1,29
3787,newsecondary3787 26-02-02 07-43-59.fits,2026-02-02 07:43:59,1162.1603450414887,1130.4671472374962,3.229816776244681,10.996965014331083,7.605637286478215,25.895873650250895,2445.54553264187,814.5096818663711,32015.25963946925,42685.64804189028,True,1,28
3788,newsecondary3788 26-02-02 07-44-59.fits,2026-02-02 07:44:59,1163.7731269564513,1131.6426587083029,3.3879454304990633,12.461936641153867,7.978001811210203,29.345618202494787,2242.9067995039172,603.7560762090129,32007.163780146126,42676.31491981812,True,1,30
3789,newsecondary3789 26-02-02 07-45-59.fits,2026-02-02 07:45:59,1163.8028742223662,1130.8575355358346,3.3553391079337733,11.437839981317412,7.901219789238714,26.93405485986266,2394.207320400178,698.7484751007181,31981.110072886226,42641.53322640577,True,1,31
3790,newsecondary3790 26-02-02 07-46-58.fits,2026-02-02 07:46:58,1162.8659378185278,1131.130958920365,4.256752531759622,12.12427841035698,10.0238861885238,28.55049383224459,1897.3607426229191,726.0524298351874,31897.860331111984,42529.5439800951,True,1,28
3791,newsecondary3791 26-02-02 07-47-58.fits,2026-02-02 07:47:58,1163.6934519391475,1131.8518406752212,3.30949024432119,10.323811711693997,7.793253966161912,24.3107187598223,2370.7934625983207,871.6286995554432,31983.15883455867,42642.72583777099,True,1,30
3792,newsecondary3792 26-02-02 07-48-59.fits,2026-02-02 07:48:59,1162.9537475069696,1131.7540961557777,3.4206467643105984,10.914909337434025,8.055007567568854,25.70264729748512,2308.8971412097726,713.212596919622,31989.455187719406,42652.75297013307,True,1,30
3793,newsecondary3793 26-02-02 07-49-59.fits,2026-02-02 07:49:59,1164.2371253877493,1131.214056401291,4.130971662107419,11.961946785692136,9.72769487538537,28.168232068541375,1925.9223585819238,607.9553976816022,31958.337746598907,42611.99844222996,True,1,30
3794,newsecondary3794 26-02-02 07-50-59.fits,2026-02-02 07:50:59,1164.6176727601298,1132.2584917682866,2.933557726408202,11.950741973698669,6.908000537401452,28.141846752658356,2776.8966155167213,745.8762201005369,32007.71548554452,42675.96423931942,True,1,31
3795,newsecondary3795 26-02-02 07-51-59.fits,2026-02-02 07:51:59,1163.7462502290982,1133.0032529494379,3.2428084771133054,11.209012037222685,7.636230404102698,26.395206230245176,2514.386697376505,647.8394304442536,31921.626839877736,42563.319325007134,True,1,31
3796,newsecondary3796 26-02-02 07-52-59.fits,2026-02-02 07:52:59,1163.5952750977185,1132.59135151799,3.6521017749573423,11.005660397507231,8.600042466162659,25.916349712853314,2159.24723439818,686.4013313702113,32021.106579525516,42695.23620274872,True,1,28
3797,newsecondary3797 26-02-02 07-53-59.fits,2026-02-02 07:53:59,1164.4918310166975,1130.2243227853462,4.100002490341728,12.447962265224964,9.654768048933512,29.312711061940607,1986.1907602918018,671.0812828090912,32013.651448969278,42684.59755333399,True,1,32
3798,newsecondary3798 26-02-02 07-54-59.fits,2026-02-02 07:54:59,1164.384739028731,1132.7322045849387,4.331097469403365,11.301411266416382,10.198955137933861,26.612789787295902,1868.9383020866107,740.342374985542,32015.71680639313,42687.271222938594,True,1,31
3799,newsecondary3799 26-02-02 07-55-59.fits,2026-02-02 07:55:59,1164.6256588408075,1132.3530140187704,4.114581166336201,11.188666732798987,9.68909820739531,26.347296699565995,1961.2824747265406,776.1794622772296,32004.129579839922,42671.3803516438,True,1,29
3800,newsecondary3800 26-02-02 07-56-59.fits,2026-02-02 07:56:59,1163.7738219386513,1132.0589996532956,4.121492323493104,11.375211595518904,9.705372738802744,26.786576281596403,1970.18644547931,734.2002182945739,32003.802047404388,42671.4374667832,True,1,30
3801,newsecondary3801 26-02-02 07-57-59.fits,2026-02-02 07:57:59,1163.9099974659302,1132.877356779639,5.679076053831584,11.794932451471201,13.373202128817876,27.77494336651042,1434.7733029374301,644.5272912449312,31926.02489382961,42568.737253192136,True,1,30
3802,newsecondary3802 26-02-02 07-58-59.fits,2026-02-02 07:58:59,1164.0695724953125,1132.0258939848754,3.344575660998048,10.664596718401189,7.875873808640841,25.1132061246624,2429.578456969645,737.946922906348,31939.492811265507,42586.32050908257,True,1,30
3803,newsecondary3803 26-02-02 07-59-59.fits,2026-02-02 07:59:59,1164.965164313416,1135.9611225981826,3.253799602571089,9.72590099839407,7.662112526648136,22.90274662700488,2399.30809603862,862.9126177891546,32021.73575795177,42694.892420122844,True,1,29
3804,newsecondary3804 26-02-02 08-00-58.fits,2026-02-02 08:00:58,1161.902286139341,1132.819885536556,5.037468355443173,11.256606775360025,11.862331459606676,26.507283273648984,1594.9401796826496,746.541498204973,32033.183485214093,42710.43543653275,True,1,28
3805,newsecondary3805 26-02-02 08-01-58.fits,2026-02-02 08:01:58,1164.4268336667735,1136.890374781989,3.5274458227574486,9.937221528537462,8.30650013118993,23.400368447313106,2250.4651296487023,818.110436492731,31965.319597835343,42620.179399150205,True,1,30
3806,newsecondary3806 26-02-02 08-02-59.fits,2026-02-02 08:02:59,1164.0218650774082,1132.5288982944016,3.47711061283001,9.609319063010377,8.187969769881956,22.628217148674857,2287.2972901800986,939.7385470530324,31975.685694396747,42632.85880972804,True,1,28
3807,newsecondary3807 26-02-02 08-03-59.fits,2026-02-02 08:03:59,1163.9361202210466,1132.2392138035332,3.3226877260065675,11.201241955640322,7.824331660578568,26.376909086383503,2390.1381596162337,746.045968387706,31995.485784540626,42660.112657482074,True,1,29
3808,newsecondary3808 26-02-02 08-04-59.fits,2026-02-02 08:04:59,1165.5505498671828,1132.8242858036306,3.635053424595647,10.800520257711534,8.55989666899623,25.433281599621957,2220.652666825453,785.5197570880138,31995.93056234121,42660.70972748332,True,1,30
3809,newsecondary3809 26-02-02 08-05-59.fits,2026-02-02 08:05:59,1165.900592880844,1134.0011932164466,4.042519190708524,9.575006464725826,9.519405222702723,22.5474171544373,2047.0242861653276,844.1914462342714,31943.49086138507,42591.568711955704,True,1,30
3810,newsecondary3810 26-02-02 08-06-59.fits,2026-02-02 08:06:59,1164.1622857936604,1130.1192991517783,3.375519140882106,10.051997034066726,7.948740135334832,23.670644108411977,2339.6532705686986,862.824559705219,31985.254935150697,42646.00655213427,True,1,30
3811,newsecondary3811 26-02-02 08-07-59.fits,2026-02-02 08:07:59,1162.9405929155741,1129.092818473512,3.6710255639821567,13.297143997892336,8.64460458388623,31.31238122789985,2058.592168675274,661.1568322700267,31983.36460183609,42642.89453871921,True,1,31
3812,newsecondary3812 26-02-02 08-08-59.fits,2026-02-02 08:08:59,1163.2917718654285,1133.0803405050285,3.0607327166738703,9.549990191929536,7.207474753705663,22.488508333804635,2616.133052982705,893.6828147277653,31969.30660318173,42625.06212672744,True,1,28
3813,newsecondary3813 26-02-02 08-09-59.fits,2026-02-02 08:09:59,1161.7674565382588,1131.8210900906727,4.33771939034934,11.789254846750476,10.214548570114056,27.76157362910629,1883.5034754223602,731.7401006867952,31980.402998600563,42639.94863347004,True,1,30
3814,newsecondary3814 26-02-02 08-11-00.fits,2026-02-02 08:11:00,1162.5363846013836,1130.6801242800595,3.515500517256615,10.506929322688231,8.278371086352548,24.741927780789702,2157.2075090196936,830.5713938573945,31952.918430975955,42602.417319462664,True,1,30
3815,newsecondary3815 26-02-02 08-12-00.fits,2026-02-02 08:12:00,1164.1745166831927,1133.237791137369,3.1477064660280747,10.160571517482863,7.412282282076442,23.926317478339175,2574.8435243195263,783.2997287000159,31944.87428618397,42593.35407122826,True,1,28
3816,newsecondary3816 26-02-02 08-13-00.fits,2026-02-02 08:13:00,1164.343324011552,1132.1447145016805,3.2619132684812517,11.68817823612529,7.681218749772072,27.52355640032232,2508.7831689795735,753.4074175768804,32017.073370056143,42688.628462470384,True,1,30
3817,newsecondary3817 26-02-02 08-14-00.fits,2026-02-02 08:14:00,1164.1494302320486,1132.5467564704775,3.5469442219967156,11.882756027114404,8.352415352564572,27.981752082861323,2260.247049644198,731.9878408542274,31961.642143413977,42614.64468337313,True,1,28
3818,newsecondary3818 26-02-02 08-15-00.fits,2026-02-02 08:15:00,1164.7787925223292,1132.0832254169602,3.539382197390521,11.486158857924606,8.334608145440887,27.04783711905066,2297.3233102425647,820.9539756527829,32008.284082461618,42676.03779741425,True,1,27
3819,newsecondary3819 26-02-02 08-16-00.fits,2026-02-02 08:16:00,1163.697498057008,1133.8090905762717,4.239180481424202,9.241985397625857,9.982507172161661,21.763212470212697,1929.2275641694323,877.4651454998984,31986.47142441756,42648.717308396925,True,1,29
3820,newsecondary3820 26-02-02 08-17-00.fits,2026-02-02 08:17:00,1164.60627762106,1134.421312384569,3.256507989053753,9.365001363612151,7.668490289427205,22.052892932776068,2467.1248978500753,852.5149793612243,31975.294451069134,42633.79093155202,True,1,30
3821,newsecondary3821 26-02-02 08-18-00.fits,2026-02-02 08:18:00,1164.7210343030606,1133.9660804629843,4.118228556008032,9.847271857438885,9.697687153706575,23.188553158766236,1963.9638363346205,787.3981317705902,31975.82263126633,42634.86126404511,True,1,29
3822,newsecondary3822 26-02-02 08-19-00.fits,2026-02-02 08:19:00,1163.342181004854,1132.8181756108365,3.467527369182978,9.116491807132025,8.16540295564551,21.467697647794918,2313.6208761926223,883.4509493769375,32016.057278202636,42688.03584496353,True,1,27
3823,newsecondary3823 26-02-02 08-20-00.fits,2026-02-02 08:20:00,1163.6601338238813,1132.7384419256437,3.465460719580594,10.077782938960999,8.16053636773576,23.731365274136273,2362.018701472974,832.2312019885375,31983.487668515936,42644.390326507295,True,1,31
3824,newsecondary3824 26-02-02 08-21-00.fits,2026-02-02 08:21:00,1164.9000013951534,1132.0220377345618,3.4285034795358307,9.888589608262173,8.07350871806933,23.285849026620507,2259.9756200812894,826.8897905379881,31915.912348078124,42553.997359779874,True,1,29
3825,newsecondary3825 26-02-02 08-22-00.fits,2026-02-02 08:22:00,1162.6877200897582,1133.2277977953197,2.8120675645925726,9.30065159104359,6.621913069083954,21.901360798438436,2781.913234669215,820.3399092219631,31837.925859384482,42450.81696942926,True,1,28
3826,newsecondary3826 26-02-02 08-23-00.fits,2026-02-02 08:23:00,1164.476590899951,1133.3395779167024,3.3336330866432813,9.342028094720158,7.850106015205994,21.998795018689314,2463.6123733918957,903.3879963058671,31946.184650516174,42594.6205610246,True,1,31
3827,newsecondary3827 26-02-02 08-24-00.fits,2026-02-02 08:24:00,1164.301896042776,1130.7402129919826,3.7988844454507085,10.075218766153231,8.94568924090361,23.725327108609616,2103.85139727528,665.5488260184434,31866.077663597564,42489.76269465016,True,1,29
3828,newsecondary3828 26-02-02 08-25-00.fits,2026-02-02 08:25:00,1162.1021154283155,1133.0347586747528,3.717515819032851,12.06521581488428,8.754080768378204,28.41141204851392,2134.4441673990586,732.7953329554293,31951.347735663847,42600.628118394365,True,1,30
3829,newsecondary3829 26-02-02 08-26-01.fits,2026-02-02 08:26:01,1164.7237051413015,1131.123839321274,3.3163478857150497,8.573621089949306,7.809402477577807,20.18933480111272,2445.9812962448023,865.5986081081744,31953.70560223936,42605.83103035412,True,1,29
3830,newsecondary3830 26-02-02 08-27-01.fits,2026-02-02 08:27:01,1161.6206407447958,1131.5918819238896,3.1088111593077308,8.440467203926788,7.320690834153749,19.87578136123313,2539.1324554419202,930.6300765957735,32001.862449929446,42669.199873156875,True,1,30
3831,newsecondary3831 26-02-02 08-28-01.fits,2026-02-02 08:28:01,1163.478234929427,1132.1217849190054,3.8269683142495547,10.427576460059884,9.011821698093152,24.55506606924188,2109.3737686216923,902.4014663960681,31991.63936215676,42653.794741711084,True,1,30
3832,newsecondary3832 26-02-02 08-29-01.fits,2026-02-02 08:29:01,1162.8472494534262,1130.516763756763,3.7826628777474056,11.631185098185792,8.907490368114047,27.389347816673173,2084.02700201043,744.6566606278569,31942.95749197152,42589.60673460335,True,1,31
3833,newsecondary3833 26-02-02 08-30-01.fits,2026-02-02 08:30:01,1163.2887229238154,1132.3514795505266,3.2262774331967026,8.940434929457258,7.597302770522595,21.053115383180813,2500.530118804925,910.2684395521475,32008.61343259856,42678.059963089625,True,1,30
3834,newsecondary3834 26-02-02 08-31-01.fits,2026-02-02 08:31:01,1164.7199563191423,1131.8747611228093,2.886605967875976,8.658409777683719,6.797437595260313,20.38899690258159,2799.3922662894433,934.4759808004127,31985.119051911137,42646.81207814827,True,1,30
3835,newsecondary3835 26-02-02 08-32-01.fits,2026-02-02 08:32:01,1165.633918553282,1133.8952296613572,3.7996151431388103,9.610298496470318,8.94740990246641,22.630523538219098,2169.765629073416,854.0434940215168,31828.925798158845,42438.6150025229,True,1,30
3836,newsecondary3836 26-02-02 08-33-00.fits,2026-02-02 08:33:00,1162.653263997428,1131.5735345996893,3.25757847672873,9.64400820925431,7.671011095262199,22.70990384559508,2527.4423021178204,860.5443283511972,31933.679812129565,42578.154963923545,True,1,28
3837,newsecondary3837 26-02-02 08-34-00.fits,2026-02-02 08:34:00,1164.137620865629,1132.527866618265,3.0808408221012624,10.06017018709904,7.254825723433682,23.689890413003575,2668.797217484981,905.966735346731,31935.04481206278,42578.90953680702,True,1,31
3838,newsecondary3838 26-02-02 08-35-00.fits,2026-02-02 08:35:00,1164.452117692208,1131.1414891107079,3.3770292609991084,9.459869283202666,7.952296196456754,22.276289811458195,2441.069341025187,925.4048225857803,31943.6394494266,42590.860829702666,True,1,29
3839,newsecondary3839 26-02-02 08-36-01.fits,2026-02-02 08:36:01,1164.8907992381937,1134.8053990741878,3.3218243447413225,9.571489101593198,7.822298553068665,22.539134397226935,2451.000988036654,881.5075546351613,31961.32235611716,42614.71539348466,True,1,33
3840,newsecondary3840 26-02-02 08-37-01.fits,2026-02-02 08:37:01,1165.194044007423,1130.1998480236937,3.5521559686012214,10.26093380842882,8.364688077938483,24.162652612823944,2369.5726243212484,879.8865883683271,31858.03143532149,42476.58693995418,True,1,29
3841,newsecondary3841 26-02-02 08-38-01.fits,2026-02-02 08:38:01,1162.147880207842,1130.6223308754911,3.217025937148632,8.877939080686973,7.575517162182074,20.905948905765324,2516.818295345938,1003.6849557683453,32016.747939302073,42687.94768668182,True,1,30
3842,newsecondary3842 26-02-02 08-39-01.fits,2026-02-02 08:39:01,1164.9187521069307,1132.6262651557622,3.2922750267598833,10.389079029186316,7.752715226768978,24.464411547338614,2500.5059504262845,819.7613691412914,31999.660706195533,42665.84780636698,True,1,27
3843,newsecondary3843 26-02-02 08-40-01.fits,2026-02-02 08:40:01,1164.9984106233308,1131.7656289124932,3.1847344589396838,10.163725972752333,7.499476542011962,23.93374565283888,2518.7639944658667,893.9360351474672,31946.85835047499,42594.43903029676,True,1,32
3844,newsecondary3844 26-02-02 08-41-01.fits,2026-02-02 08:41:01,1163.8628718454397,1128.817143365605,2.9772117971854013,7.890394250101946,7.010798018314801,18.58045854333701,2829.7945467812365,988.4304234563276,32004.319410953263,42673.232788569774,True,1,31
3845,newsecondary3845 26-02-02 08-42-01.fits,2026-02-02 08:42:01,1164.1833567687604,1132.890180401124,3.9821426315530273,9.396311886321978,9.377229290953363,22.126623579273566,2121.076948780757,947.8011303179652,32008.85915793995,42677.88651331516,True,1,30
3846,newsecondary3846 26-02-02 08-43-01.fits,2026-02-02 08:43:01,1165.5750839494442,1130.9170493968636,2.891347113992099,8.299136319092174,6.80860214117098,19.54297256064262,2827.884649649274,987.5549697395734,32000.818601192816,42667.73304635995,True,1,31
3847,newsecondary3847 26-02-02 08-44-01.fits,2026-02-02 08:44:01,1165.5403446096498,1132.1695362615212,2.993398602130152,7.355583233464988,7.048915031063705,17.32107484105692,2743.9105545734697,1032.116652387081,32024.90953427239,42700.68113652717,True,1,28
3848,newsecondary3848 26-02-02 08-45-01.fits,2026-02-02 08:45:01,1167.2101085366955,1133.170911343782,2.9963835833127104,8.715354860250116,7.055944124586434,20.52309232447488,2768.615936453687,879.8216357859492,31886.96351256679,42516.76094646074,True,1,30
3849,newsecondary3849 26-02-02 08-46-01.fits,2026-02-02 08:46:01,1164.101315047804,1131.8090572527408,3.145866740677707,7.6479836394238445,7.407950059944044,18.00962517818402,2672.5169062525324,1099.9319475803238,31971.819760191167,42629.08672187713,True,1,30
3850,newsecondary3850 26-02-02 08-47-00.fits,2026-02-02 08:47:00,1165.622188906839,1134.645574958709,3.625860787712421,8.061095106447368,8.538249663396916,18.982428341563157,2288.282728057586,1147.8757541809816,31950.169181598278,42598.99271007049,True,1,27
3851,newsecondary3851 26-02-02 08-48-00.fits,2026-02-02 08:48:00,1165.6650740834673,1136.9796895327888,3.4302953036179686,10.264105233533776,8.077728141335118,24.17012074823241,2367.4207885906003,860.5592473501999,31973.560104577653,42630.4955126362,True,1,28
3852,newsecondary3852 26-02-02 08-49-00.fits,2026-02-02 08:49:00,1162.7131064298815,1136.945164138554,3.7120713759027333,10.682037060716345,8.741260084561372,25.154274992338333,2238.4001125473997,650.7381669714381,31856.128152976456,42476.58842715599,True,1,28
3853,newsecondary3853 26-02-02 08-50-01.fits,2026-02-02 08:50:01,1163.2766770430405,1137.3799325440157,3.481188826603179,8.719104488389076,8.197573229422936,20.531922023977916,2350.4237152458722,941.8335804322031,32010.44062258234,42680.54923114002,True,1,29
3854,newsecondary3854 26-02-02 08-51-01.fits,2026-02-02 08:51:01,1162.3283555230514,1137.6727066249475,3.789289512361977,10.471679889298036,8.923094900135535,24.658921708466487,2198.028324495139,810.5455076408763,32006.94806293753,42675.725981408934,True,1,31
3855,newsecondary3855 26-02-02 08-52-01.fits,2026-02-02 08:52:01,1163.089774579,1124.4201679959642,2.95779106743877,10.462634287440435,6.965065694618304,24.63762094389284,2687.8968066216135,898.4904540588105,31978.713237159605,42636.41422197024,True,1,27
3856,newsecondary3856 26-02-02 08-53-01.fits,2026-02-02 08:53:01,1162.153948625611,1128.144382496496,3.452593469913228,7.326855874935538,8.13023631029463,17.25342708135098,2406.063289044377,1124.7507448384342,32007.371929729292,42676.581358297015,True,1,28
3857,newsecondary3857 26-02-02 08-54-01.fits,2026-02-02 08:54:01,1163.3167401949893,1127.3948159379283,3.0060711896240164,8.746801717728806,7.078756694116666,20.59714401481893,2767.220584276418,996.3253833281989,31991.943945896743,42655.414395659805,True,1,28
3858,newsecondary3858 26-02-02 08-55-01.fits,2026-02-02 08:55:01,1161.4127807971488,1128.0472452346396,3.900810186857303,8.87674870098706,9.1857060198725,20.90314577578677,2107.0054904095937,961.8248969411856,31964.712943988343,42619.20612836829,True,1,31
3859,newsecondary3859 26-02-02 08-56-01.fits,2026-02-02 08:56:01,1162.4337473008438,1129.305546090393,4.330827462311849,6.216140058506894,10.19831931982246,14.637891212491892,1905.5605864449426,1189.3973865653668,32033.958975246987,42713.05315959104,True,1,28
3860,newsecondary3860 26-02-02 08-57-01.fits,2026-02-02 08:57:01,1162.809111893819,1129.6688967033976,3.3139833973457784,7.352604626564364,7.803834532969605,17.314060757821064,2539.45823169586,1044.119498019083,31898.201740830573,42531.88817904957,True,1,24
3861,newsecondary3861 26-02-02 08-58-01.fits,2026-02-02 08:58:01,1161.3740550499642,1128.2960027452118,3.364060432247248,9.279109727561707,7.921756938551299,21.850633586503978,2497.8472263172175,889.8706195712666,31921.641987137384,42562.377186539,True,1,30
3862,newsecondary3862 26-02-02 08-59-00.fits,2026-02-02 08:59:00,1162.2457210352038,1127.9904751365816,2.801106414315888,8.244627204970177,6.596101532695821,19.41461340607126,2916.2954745416605,989.7985414470692,31975.7394751872,42634.33004605738,True,1,32
3863,newsecondary3863 26-02-02 09-00-00.fits,2026-02-02 09:00:00,1162.9727730780126,1126.9054620101122,3.6552172208681903,9.214407524349681,8.607378780642733,21.698271541422635,2314.2153210105985,985.757387317093,31939.986702335817,42585.844068123275,True,1,31
3864,newsecondary3864 26-02-02 09-01-00.fits,2026-02-02 09:01:00,1162.1003681256218,1126.1187048390432,3.8798514937267985,6.119083044796174,9.136352069171135,14.409339411095043,2199.283015435479,1351.7712734395373,31881.870838295155,42509.498030658026,True,1,26
3865,newsecondary3865 26-02-02 09-02-00.fits,2026-02-02 09:02:00,1163.2173122704821,1129.1094438394175,3.877927336867959,7.696593303237152,9.131821026030156,18.124092188913814,2137.091623597429,1017.2458469335977,31932.367420213755,42577.08065127755,True,1,31
3866,newsecondary3866 26-02-02 09-03-01.fits,2026-02-02 09:03:01,1161.6379322811474,1126.30272561409,2.870753997727676,7.679669760241798,6.760109058201864,18.08424029063541,2904.1440375239326,1208.471139323524,32007.87578384735,42675.95104783772,True,1,28
3867,newsecondary3867 26-02-02 09-04-01.fits,2026-02-02 09:04:01,1162.456894790472,1127.7173736627617,3.4275651106268126,7.687952829444383,8.071299028152742,18.103745428028034,2364.816184629548,1069.3320951627413,31964.164494787576,42618.737177056115,True,1,31
3868,newsecondary3868 26-02-02 09-05-01.fits,2026-02-02 09:05:01,1160.7097288458988,1128.7202769626424,3.6067269397148953,7.586442627988596,8.493192894593768,17.86470717086482,2305.701074980564,1182.9615739885526,31972.038114796305,42628.535154027035,True,1,5
3869,newsecondary3869 26-02-02 09-06-01.fits,2026-02-02 09:06:01,1159.8446762785293,1127.191654727791,4.44921572891371,8.553438225626715,10.477102383112992,20.141807787639745,1945.3864735480854,1038.107677848002,31946.743834524175,42595.36968630202,True,1,29
3870,newsecondary3870 26-02-02 09-07-01.fits,2026-02-02 09:07:01,1160.7141947491011,1127.9098154249223,3.5504983243673904,8.858984689217834,8.360784624069128,20.861314724792432,2315.432461748612,1038.728871692393,31953.80561792761,42603.80905251414,True,1,29
3871,newsecondary3871 26-02-02 09-08-01.fits,2026-02-02 09:08:01,1162.6528185749025,1127.406742454268,3.6686300837026073,8.62059353811735,8.63896365890647,20.29994646362301,2361.6597517173786,1065.4138131004972,31983.26559885225,42643.68306273831,True,1,28
3872,newsecondary3872 26-02-02 09-09-01.fits,2026-02-02 09:09:01,1164.7142853945097,1128.033764742867,3.7312142156801436,5.626737666001985,8.786338027388034,13.249954644032133,2187.7436071223988,1354.9193450581688,31982.01911406936,42643.387360167246,True,1,26
3873,newsecondary3873 26-02-02 09-10-01.fits,2026-02-02 09:10:01,1163.567273031011,1126.384310990395,3.1378447371883933,6.867806487548074,7.3890596853260995,16.1724483822718,2629.1624924116786,1202.2766922952846,32008.929227679666,42678.5631487301,True,1,31
3874,newsecondary3874 26-02-02 09-11-01.fits,2026-02-02 09:11:01,1161.6736802957726,1127.385882747079,3.318286604844605,9.212855714499176,7.813967812245769,21.694617308480588,2548.05837390967,1023.8466961414734,31926.095288090906,42566.866820315045,True,1,30
3875,newsecondary3875 26-02-02 09-12-01.fits,2026-02-02 09:12:01,1161.3671485819582,1126.9585379568614,3.0682423449688727,8.576764989850558,7.225158576945466,20.19673811961976,2704.0198056152867,1059.2942190064484,32000.41455931756,42666.202410464546,True,1,31
3876,newsecondary3876 26-02-02 09-13-01.fits,2026-02-02 09:13:01,1162.0629666756645,1127.8571509111514,3.1866607330157337,9.508510405040061,7.504012570818468,22.390830900173686,2566.5376512903485,966.1550047226973,31992.479196577508,42655.339182458214,True,1,29
3877,newsecondary3877 26-02-02 09-14-01.fits,2026-02-02 09:14:01,1163.4983116273593,1129.2064895303263,4.322494986946614,7.604364871707802,10.178697839807679,17.906910829626735,1948.58262641245,1017.7321819118432,31996.92952359567,42663.454056144656,True,1,19
3878,newsecondary3878 26-02-02 09-15-02.fits,2026-02-02 09:15:02,1161.912420812568,1128.1782530666012,3.4555436360526945,8.490585229051781,8.137183420656017,19.99380029141483,2382.684210396218,1053.936779399516,31982.080151675967,42641.851510485445,True,1,29
3879,newsecondary3879 26-02-02 09-16-02.fits,2026-02-02 09:16:02,1161.4728101750807,1126.9706176856268,3.215007221790159,8.0186496110986,7.5707634507907295,18.882476838294608,2497.531173356955,953.6917030547621,31936.41467043772,42582.379121424834,True,1,28
3880,newsecondary3880 26-02-02 09-17-02.fits,2026-02-02 09:17:02,1162.3670031264396,1128.1958783139837,3.496525458515247,7.841602674593929,8.233688237672736,18.46556316330209,2345.715115604742,1109.3802346609768,32013.733412158435,42684.33644082106,True,1,30
3881,newsecondary3881 26-02-02 09-18-02.fits,2026-02-02 09:18:02,1161.9957456859447,1128.7221950133878,3.655268620672963,7.354260536359834,8.607499817933324,17.317960127400198,2257.6418470856893,1124.042259860037,32017.227076790863,42689.61777687954,True,1,30
3882,newsecondary3882 26-02-02 09-19-02.fits,2026-02-02 09:19:02,1160.9870697331717,1127.8713462097076,3.417727047532014,8.785762717213736,8.04813215997283,20.688890157380484,2377.40087406852,970.7751706582238,31948.889998091876,42597.999468297654,True,1,30
3883,newsecondary3883 26-02-02 09-20-02.fits,2026-02-02 09:20:02,1162.0880473610102,1128.629527003274,3.0727482013705374,7.762148388205751,7.2357690579201375,18.278462617051577,2679.9313195617215,1095.453241560649,31937.78492763638,42583.36726467004,True,1,19
3884,newsecondary3884 26-02-02 09-21-02.fits,2026-02-02 09:21:02,1162.1636493927085,1127.8787479143116,3.4131447945954245,6.616664510484312,8.037341778906347,15.581054220533352,2442.1985868490547,1353.0336936827302,31943.306638124475,42590.27995613011,True,1,29
3885,newsecondary3885 26-02-02 09-22-02.fits,2026-02-02 09:22:02,1158.8129352706153,1129.8166629772122,3.468684063013321,7.651483367631234,8.168126761463165,18.01786640831894,2332.12648448251,1064.4323102664398,31943.57633342618,42591.364095061916,True,1,28
3886,newsecondary3886 26-02-02 09-23-02.fits,2026-02-02 09:23:02,1161.9728999113595,1129.0264678683013,4.18293978990705,7.916800768715402,9.85007046443067,18.642641142687456,2003.8900917302929,1104.1823826200152,31884.766999137846,42512.55919664554,True,1,28
3887,newsecondary3887 26-02-02 09-24-02.fits,2026-02-02 09:24:02,1161.7279753792875,1132.5049461325718,5.266731210286232,7.175893158743972,12.402204225772131,16.89793705121076,1669.0122988544538,1256.9904956124017,31992.446812485072,42656.29945422159,True,1,29
3888,newsecondary3888 26-02-02 09-25-02.fits,2026-02-02 09:25:02,1161.4024485835744,1128.3773571809515,4.173407914988742,7.389298285623867,9.827624614306309,17.40046772169991,2004.9143012870873,1033.003926825928,31955.310658192968,42608.02750497401,True,1,29
3889,newsecondary3889 26-02-02 09-26-01.fits,2026-02-02 09:26:01,1162.5166928235355,1129.8480975025898,3.1247899756864124,8.227183691989852,7.358318071258137,19.373537072049437,2656.8583989979143,941.8284640333902,31905.573557100754,42541.47847231947,True,1,28
3890,newsecondary3890 26-02-02 09-27-01.fits,2026-02-02 09:27:01,1161.6004222661556,1131.0660471282206,3.967655573790628,7.976110726799825,9.343114876940945,18.782305420854602,2126.9691230978647,1101.9077024461176,31961.130154783477,42614.389094523,True,1,21
3891,newsecondary3891 26-02-02 09-28-01.fits,2026-02-02 09:28:01,1161.55808446114,1132.2732595056991,3.424797689959004,6.042008618244404,8.064782250491152,14.227843006491671,2385.7267385790246,1342.12027104696,32011.425642071175,42681.98019284271,True,1,30
3892,newsecondary3892 26-02-02 09-29-02.fits,2026-02-02 09:29:02,1163.8042128782552,1128.9349385528108,3.12714434320294,7.285656610492031,7.363862183079426,17.156410227598876,2721.1788968921733,1160.3025615174063,31983.149227838352,42644.27111744969,True,1,29
3893,newsecondary3893 26-02-02 09-30-02.fits,2026-02-02 09:30:02,1161.995053093964,1129.037264603565,3.9747756255518167,9.01107072330566,9.35988131754985,21.219449966431707,2182.453265875066,978.6823124397321,31908.563115805777,42544.5648693389,True,1,29
3894,newsecondary3894 26-02-02 09-31-02.fits,2026-02-02 09:31:02,1163.0102213050613,1129.2329556861444,3.2233216102415665,8.729369443831413,7.590342339378278,20.556094146814882,2602.845171019051,957.2240411233167,31947.84717296835,42597.17320390803,True,1,30
3895,newsecondary3895 26-02-02 09-32-02.fits,2026-02-02 09:32:02,1162.9206021142882,1128.4428123156395,3.425885437016087,6.718376388635876,8.067343699065095,15.820567390022399,2429.7484178590453,1163.2903569435105,31906.33245627925,42542.432428355314,True,1,30
3896,newsecondary3896 26-02-02 09-33-02.fits,2026-02-02 09:33:02,1160.6802206647244,1127.9973556871646,3.4108537954041593,8.046286054718891,8.031946888087607,18.947555689705037,2447.049444376846,1119.5658888955468,31994.19882608118,42658.07840614262,True,1,30
3897,newsecondary3897 26-02-02 09-34-02.fits,2026-02-02 09:34:02,1163.115632951049,1128.0404941158351,3.091664533151233,7.08460688919703,7.280313615175776,16.682974313845524,2623.1584958730386,1260.7364864418262,31950.328483757366,42599.37821056597,True,1,25
3898,newsecondary3898 26-02-02 09-35-02.fits,2026-02-02 09:35:02,1160.666684063028,1128.1532894445186,3.664988168156487,7.56825022688676,8.630387603176155,17.82186734008297,2152.8023942367727,1193.3234773619681,31944.963238673325,42591.81260846308,True,1,28
3899,newsecondary3899 26-02-02 09-36-02.fits,2026-02-02 09:36:02,1161.9281500027364,1128.3610065961188,3.096930531685307,7.162346916020539,7.2927140940809165,16.866038087310766,2699.8109359575255,1174.442421772783,31971.734476413018,42628.91400943812,True,1,31
3900,newsecondary3900 26-02-02 09-37-02.fits,2026-02-02 09:37:02,1162.2569580933232,1127.2090477021652,3.544606670378782,5.215473834995966,8.346910839158367,12.281502330982939,2346.0136702835343,1578.10367459527,31846.511050163364,42462.124511075584,True,1,2
3901,newsecondary3901 26-02-02 09-38-02.fits,2026-02-02 09:38:02,1163.2270968801986,1130.8792914451851,3.1664775448227735,7.305233385301652,7.456484794689054,17.20251000933763,2447.2358225316107,1171.8602632150728,31961.296235923008,42614.01516215001,True,1,2
3902,newsecondary3902 26-02-02 09-39-01.fits,2026-02-02 09:39:01,1162.3836869433762,1129.0111333400469,3.3763065718334406,7.737893866776549,7.9505943935231125,18.22134758380746,2386.4935604006027,1095.5012498392928,31958.055462081935,42610.199913498844,True,1,28
3903,newsecondary3903 26-02-02 09-40-01.fits,2026-02-02 09:40:01,1162.9735917640585,1127.089257209927,3.2369013473816812,8.131983506785089,7.622320176602071,19.149357767638598,2559.03772248293,1070.2573265697602,31874.880676711546,42499.299395354516,True,1,27
3904,newsecondary3904 26-02-02 09-41-01.fits,2026-02-02 09:41:01,1162.5251628771668,1127.7756566759354,3.33869997798327,7.9732768593673535,7.862037632499393,18.77563217301966,2443.3749810931854,1099.7698577352899,31980.71284280286,42640.16252789708,True,1,29
3905,newsecondary3905 26-02-02 09-42-02.fits,2026-02-02 09:42:02,1164.1022634020069,1129.4992803822831,3.3415240678802722,7.446339101737583,7.868687855997823,17.534788578869414,2486.2077600341786,1216.5574713532385,31962.156491672755,42615.24007532134,True,1,29
3906,newsecondary3906 26-02-02 09-43-02.fits,2026-02-02 09:43:02,1163.8623871842565,1130.0632443635097,3.929354369119891,6.33596195275379,9.25292243243346,14.920050210898061,2117.5318145629244,1318.393978733515,31959.48283835002,42612.60154156695,True,1,30
3907,newsecondary3907 26-02-02 09-44-02.fits,2026-02-02 09:44:02,1161.8358856553662,1128.3510843370354,3.826715229725816,6.650401179789173,9.011225729583565,15.66049800566502,2167.872156636999,1159.7111150634523,31940.99515411131,42588.74563711393,True,1,26
3908,newsecondary3908 26-02-02 09-45-02.fits,2026-02-02 09:45:02,1161.907215358712,1128.106966659083,3.347094158569074,7.452896114110297,7.881804417204455,17.550229163040196,2548.5252820743626,1187.36011461933,31950.934056551152,42600.83393283661,True,1,29
3909,newsecondary3909 26-02-02 09-46-02.fits,2026-02-02 09:46:02,1160.8211562099564,1127.3101602001138,3.877040686994431,6.269346491205125,9.129733125135049,14.763182786734276,2102.0499317905806,1383.74840971289,31959.100173047882,42611.45601991615,True,1,26
3910,newsecondary3910 26-02-02 09-47-02.fits,2026-02-02 09:47:02,1162.4921228496255,1126.4686959400692,3.2558781405274977,7.641835430216221,7.667007109492245,17.995147251900868,2649.5531526634472,1088.9804977372155,31891.448018865674,42522.32372222733,True,1,30
3911,newsecondary3911 26-02-02 09-48-02.fits,2026-02-02 09:48:02,1161.7171059915527,1127.986303114096,4.393264298401592,7.0296785189559365,10.345346832994899,16.553627886560914,1897.9417689519576,1261.1660386359156,31978.497813583122,42637.31700441037,True,1,32
3912,newsecondary3912 26-02-02 09-49-02.fits,2026-02-02 09:49:02,1162.2436296742987,1128.4228860300288,4.213528397700733,5.024609505267869,9.922101131212823,11.83205118145782,2079.302069292635,1593.062544099982,31948.264248676784,42598.66134302834,True,1,1
3913,newsecondary3913 26-02-02 09-50-02.fits,2026-02-02 09:50:02,1163.571398572635,1126.4873189972684,4.224619084777491,7.81355264667978,9.94821770345434,18.399510395306173,1995.105616715763,1157.1342795548878,31995.359077937144,42659.688656084785,True,1,30
3914,newsecondary3914 26-02-02 09-51-02.fits,2026-02-02 09:51:02,1162.5267116239463,1127.881060896064,4.627595587135966,7.205647060066189,10.897154848884538,16.968002134462193,1886.574528319506,1320.2485227881607,31985.09543720083,42645.7843782598,True,1,27
3915,newsecondary3915 26-02-02 09-52-02.fits,2026-02-02 09:52:02,1162.707281869295,1127.1042797483437,3.364067085579995,7.629270511300566,7.921772605952619,17.965559128974093,2522.8219885471617,1101.1824444389367,31969.500922114086,42626.11176296118,True,1,29
3916,newsecondary3916 26-02-02 09-53-02.fits,2026-02-02 09:53:02,1162.6516857341842,1128.1106491880275,4.165891141257636,8.238675713763127,9.80992396485034,19.400598715279077,1981.26294859515,1120.0045733646907,31946.304775314555,42593.81761950388,True,1,30
3917,newsecondary3917 26-02-02 09-54-01.fits,2026-02-02 09:54:01,1161.8871010108107,1128.174511392782,3.6563976424477267,6.581318651909053,8.610158461039813,15.497821084251504,2355.103475761129,1273.642687861634,31935.541256036213,42581.01688223743,True,1,10
3918,newsecondary3918 26-02-02 09-55-02.fits,2026-02-02 09:55:02,1163.5130455984543,1128.3339802586672,3.232389636558416,8.41784908516888,7.611695909518064,19.822519761801118,2563.036489350663,1054.3668653990926,31952.94994405904,42603.171511144894,True,1,29
3919,newsecondary3919 26-02-02 09-56-02.fits,2026-02-02 09:56:02,1160.983132711999,1130.0304811529168,4.7553856997859745,6.434527301060858,11.198077567709541,15.152153868837003,1759.9527528413657,1346.5199037279813,31924.88595328007,42566.13427133086,True,1,30
3920,newsecondary3920 26-02-02 09-57-02.fits,2026-02-02 09:57:02,1161.9364771497953,1132.8196137403406,3.5982245933169197,7.9419406952447416,8.473171398866018,18.70184114560935,2336.153987339957,1081.0212868476242,31851.011290825434,42467.78373255697,True,1,26
3921,newsecondary3921 26-02-02 09-58-02.fits,2026-02-02 09:58:02,1161.4766466697076,1131.7154117439986,3.9782568460113987,7.830326195413504,9.368078965269245,18.43900908409065,2073.096201107563,999.1660748775747,31908.054807739187,42544.619162007184,True,1,28
3922,newsecondary3922 26-02-02 09-59-02.fits,2026-02-02 09:59:02,1161.3166679705412,1132.9490527986604,3.211937169169672,6.727398977237774,7.5635340293407065,15.841813962520218,2551.157032954753,1225.3585991771035,31966.073031108368,42621.367113861954,True,1,26
3923,newsecondary3923 26-02-02 10-00-02.fits,2026-02-02 10:00:02,1161.7891944412638,1134.642429075506,3.675806111075585,6.881051621666755,8.655861912008048,16.203638289593595,2329.675346198452,1177.8032267118633,31992.37100771611,42657.08640374162,True,1,31
3924,newsecondary3924 26-02-02 10-01-02.fits,2026-02-02 10:01:02,1159.7895012005974,1131.5715411652884,3.9987587674473626,6.6470423645195105,9.416357300828302,15.652588600140461,2046.5081503702759,1223.2453401563419,31950.311738635082,42600.483383024184,True,1,29
3925,newsecondary3925 26-02-02 10-02-02.fits,2026-02-02 10:02:02,1160.8482079852467,1131.162573144906,4.34528399619611,5.994027353649966,10.232361855594787,14.114855762838756,1961.66237877722,1406.7322941738514,31950.15993451505,42600.331857410965,True,1,25
3926,newsecondary3926 26-02-02 10-03-02.fits,2026-02-02 10:03:02,1161.9242682002057,1133.0346262705207,3.824825299480159,6.793569888320098,9.006775283957383,15.997634550334835,2170.6710576014807,1251.2023002298347,31952.615306794458,42603.232167207934,True,1,25
3927,newsecondary3927 26-02-02 10-04-02.fits,2026-02-02 10:04:02,1159.2625761987658,1131.639278861515,3.499787015754583,5.3767052535625925,8.241368618037939,12.661173307312406,2348.831074554379,1305.671842066325,31856.143708190684,42476.40583147243,True,1,24
3928,newsecondary3928 26-02-02 10-05-02.fits,2026-02-02 10:05:02,1160.5842633908671,1132.61877957131,3.0942467500863575,7.109917946338094,7.286394271375225,16.742577298562225,2673.9486447983263,1143.7921118607967,31890.91802327186,42521.40659812568,True,1,28
3929,newsecondary3929 26-02-02 10-06-02.fits,2026-02-02 10:06:02,1160.3622356104847,1133.769545518489,3.296957731787184,8.172961279356848,7.763742154432234,19.2458530478913,2476.470382139361,902.3054450420572,31908.59330088977,42545.810108645725,True,1,29
3930,newsecondary3930 26-02-02 10-07-02.fits,2026-02-02 10:07:02,1160.1132610316722,1134.8416664059826,3.6799711469534917,7.839261107056187,8.665669821981616,18.460049193127418,2226.9260818972316,1021.293698192318,31927.103827857267,42569.715258605094,True,1,24
3931,newsecondary3931 26-02-02 10-08-03.fits,2026-02-02 10:08:03,1157.9667067125297,1132.00098541328,4.677595129883695,7.129787470227947,11.014894774389273,16.789366451703273,1761.3996048193667,1151.1460102890808,31956.93850437938,42609.292197993724,True,1,29
3932,newsecondary3932 26-02-02 10-09-03.fits,2026-02-02 10:09:03,1159.9795560539458,1134.2516387554967,3.633417449273803,6.648574135951588,8.556044241515174,15.656195646213122,2309.4016283852175,1301.4771447103194,31978.207110948573,42637.27172195029,True,1,29
3933,newsecondary3933 26-02-02 10-10-03.fits,2026-02-02 10:10:03,1158.9298447863666,1135.8861624041283,3.621748920222337,5.377045165973189,8.528566955408756,12.661973739870433,2302.544079201529,1580.0300808683294,31926.94083096522,42569.05244550462,True,1,3
3934,newsecondary3934 26-02-02 10-11-03.fits,2026-02-02 10:11:03,1158.0133011698758,1133.385224915211,3.277245173699403,8.106175643441278,7.71732262750829,19.088584893717172,2496.7804492358623,1059.6902700371156,32011.162175747602,42681.024163586044,True,1,29
3935,newsecondary3935 26-02-02 10-12-03.fits,2026-02-02 10:12:03,1158.5929075730542,1134.4841823740567,4.047140815621093,6.141612218363054,9.530288317687456,14.462391560608316,2075.1910129231123,1286.3770650514673,31968.525407487927,42625.34288111679,True,1,27
3936,newsecondary3936 26-02-02 10-13-03.fits,2026-02-02 10:13:03,1158.990753028772,1133.5466796099388,4.081190374777409,6.673741076493585,9.610468902113217,15.715459262273521,2026.237987038132,1276.0442845274056,32027.01332187188,42702.36655388389,True,1,28
3937,newsecondary3937 26-02-02 10-14-03.fits,2026-02-02 10:14:03,1159.3954810760185,1133.072278677342,3.52833656257341,6.2963747506618235,8.308597663163463,14.826829473885208,2395.0824294682825,1511.1846035106182,31865.21309585584,42485.57843136937,True,1,2
3938,newsecondary3938 26-02-02 10-15-03.fits,2026-02-02 10:15:03,1159.7038359600965,1132.0503237152298,3.6834492933156753,7.368110334709943,8.673860230754837,17.35057391017467,2281.480565507073,1161.9384602349646,31941.846065936516,42588.92491061303,True,1,28
3939,newsecondary3939 26-02-02 10-16-03.fits,2026-02-02 10:16:03,1160.47825727995,1134.0058476931617,3.6977928685159482,8.219238506722434,8.707636769153849,19.354827590520234,2253.466835368918,1038.0261149908986,31985.376787645215,42646.91254543368,True,1,29
3940,newsecondary3940 26-02-02 10-17-03.fits,2026-02-02 10:17:03,1158.9747225809956,1134.7368424916524,4.539353206226954,6.218505256949707,10.68935992149874,14.643460829195504,1760.9833875601944,1262.222352990585,31873.81469960461,42498.60603534829,True,1,13
3941,newsecondary3941 26-02-02 10-18-02.fits,2026-02-02 10:18:02,1160.0316651410174,1133.8236353461778,3.770547324742993,7.704035131549727,8.87896042104262,18.141616355395943,2171.6757225391684,1050.0041190714403,31962.65536642636,42617.00165135265,True,1,30
3942,newsecondary3942 26-02-02 10-19-02.fits,2026-02-02 10:19:02,1158.6898195049744,1133.342629251429,3.5473789359131485,6.183938775517075,8.353439025608841,14.562062985831751,2312.4000083024407,1401.2695869313204,32010.320305105,42679.830838579874,True,1,28
3943,newsecondary3943 26-02-02 10-20-02.fits,2026-02-02 10:20:02,1157.748197049351,1133.289417748639,3.84303725462723,7.796972283844752,9.049661160996909,18.360466624548362,2160.740679297743,1078.7601665694153,31980.998241781628,42641.192690967706,True,1,29
3944,newsecondary3944 26-02-02 10-21-02.fits,2026-02-02 10:21:02,1159.4623908407386,1133.2879370973683,4.254235040918855,8.895570703266683,10.017957950628782,20.947468204042444,1984.7020471690662,1067.6542716020908,32002.41263981684,42668.524466773226,True,1,29
3945,newsecondary3945 26-02-02 10-22-02.fits,2026-02-02 10:22:02,1159.0942170973958,1134.537177763733,3.055062978987495,7.615159327673485,7.194123541751719,17.93232983090993,2626.816500225856,1086.6336016737498,31946.60342703859,42595.149141681744,True,1,31
3946,newsecondary3946 26-02-02 10-23-02.fits,2026-02-02 10:23:02,1157.8563486017542,1131.8320685727138,3.2312747282583154,7.3303265333809735,7.609070501104615,17.261599857427747,2547.1136065881888,1105.152579390353,32005.276383843364,42673.86855979956,True,1,27
3947,newsecondary3947 26-02-02 10-24-02.fits,2026-02-02 10:24:02,1155.829590242171,1133.71500735921,4.494892976905251,7.618244580672541,10.584664082285322,17.9395950465161,1869.1389196220161,1150.3243031193906,31985.80029456328,42647.267121210316,True,1,29
3948,newsecondary3948 26-02-02 10-25-03.fits,2026-02-02 10:25:03,1160.0882758080759,1131.3574292957396,4.247375217330915,6.387301329552361,10.001804300538524,15.040945204482734,1928.402002783957,1290.6099557575244,31980.02549882469,42639.965829709865,True,1,6
3949,newsecondary3949 26-02-02 10-26-03.fits,2026-02-02 10:26:03,1156.6515896901587,1134.2698427337896,3.1373631438625598,6.32056570649335,7.387925619708874,14.883794821585745,2649.9636189776843,1229.967511058439,31967.16942427358,42623.58860336409,True,1,13
3950,newsecondary3950 26-02-02 10-27-03.fits,2026-02-02 10:27:03,1158.0290326095696,1132.9634787193816,3.3543719817160365,7.539165726460814,7.898942381035112,17.753378575480244,2449.7695683406823,1114.6650514657317,32043.176287251386,42723.99495210503,True,1,30
3951,newsecondary3951 26-02-02 10-28-03.fits,2026-02-02 10:28:03,1157.5755151733051,1132.0424502805356,4.060467729045771,6.6458657459329595,9.56167080055828,15.649817875107495,2017.9832696798587,1224.9869744334296,32023.697838859924,42698.33193986113,True,1,30
3952,newsecondary3952 26-02-02 10-29-03.fits,2026-02-02 10:29:03,1157.0413071904773,1132.0169658295606,3.36552367394508,7.48838051319032,7.925202609432079,17.633788537279713,2482.8548511277127,1163.6707439154957,32034.717340460775,42712.494968016894,True,1,27
3953,newsecondary3953 26-02-02 10-30-03.fits,2026-02-02 10:30:03,1159.5834992591901,1131.5486949996907,3.3627843643963224,7.486475821948319,7.918752028397121,17.629303332163452,2323.9761054919463,1075.106792408751,31951.51760167375,42601.72209253237,True,1,28
3954,newsecondary3954 26-02-02 10-31-03.fits,2026-02-02 10:31:03,1158.8368556426333,1131.294997536455,3.1140488516010163,8.800336195610173,7.333024656955681,20.72320807643424,2599.9810642737157,1040.5453022365348,31981.354615843167,42640.43849413096,True,1,29
3955,newsecondary3955 26-02-02 10-32-03.fits,2026-02-02 10:32:03,1158.0686632769484,1132.2534240003406,3.245387848008235,8.474319333583306,7.642304358389648,19.955497034715286,2483.578967976361,956.2971273614043,31996.668646767623,42662.16839828451,True,1,30
3956,newsecondary3956 26-02-02 10-33-02.fits,2026-02-02 10:33:02,1157.4647066308225,1130.898560662808,3.5936983597400944,9.316203722191794,8.462512933310817,21.937983268609177,2255.8134593624304,899.2227043343751,32023.31808782666,42697.40849684912,True,1,29
3957,newsecondary3957 26-02-02 10-34-02.fits,2026-02-02 10:34:02,1158.319161762184,1133.244112113309,4.02562505470238,7.006678849733542,9.479622572591976,16.49946780444694,2127.0910420218597,1178.8734734022337,32004.932895625152,42673.63440375048,True,1,30
3958,newsecondary3958 26-02-02 10-35-02.fits,2026-02-02 10:35:02,1157.4491727583402,1132.5425386924526,3.3180050906368876,7.5028628813754334,7.813304896946475,17.667891908181538,2470.391115917938,1166.743129936567,31989.428527703774,42651.852979564625,True,1,29
3959,newsecondary3959 26-02-02 10-36-02.fits,2026-02-02 10:36:02,1156.7664775357432,1132.4047416069045,3.3065682062820376,7.499345824896711,7.786373092414973,17.659609873085934,2480.1632473607115,1084.7863173912983,31984.00793606611,42645.428553577105,True,1,30
3960,newsecondary3960 26-02-02 10-37-02.fits,2026-02-02 10:37:02,1155.7281889190208,1132.237751041918,3.0478311243807754,9.87632851128848,7.177093825561067,23.25697634969279,2507.692833701858,871.8944294249458,31986.092507409536,42646.87506859884,True,1,28
3961,newsecondary3961 26-02-02 10-38-02.fits,2026-02-02 10:38:02,1157.8489832048922,1132.7460623214104,3.3176961486226277,5.09336010739385,7.812577394098543,11.993946477452026,2445.6577471184,1444.5535306321005,31870.269809140926,42494.66828865581,True,1,2
3962,newsecondary3962 26-02-02 10-39-02.fits,2026-02-02 10:39:02,1154.6166278688731,1130.7982646826852,4.021365397670513,7.024995366897016,9.46959184682838,16.542599906218644,2157.661817881016,1249.5296138500619,31838.494452815812,42451.19545669706,True,1,30
3963,newsecondary3963 26-02-02 10-40-03.fits,2026-02-02 10:40:03,1158.1926816583011,1131.2165101130342,3.4214210862584813,7.559263351532227,8.056830956413036,17.800704865855923,2375.991929005057,1033.424119903499,31925.359546588166,42567.55525081996,True,1,24
3964,newsecondary3964 26-02-02 10-41-03.fits,2026-02-02 10:41:03,1157.9445880850005,1131.1914608267411,2.994157472739296,6.840489610884655,7.050702034785703,16.108122053537144,2735.16627620636,1091.7024255625136,31978.2167906091,42638.55301112337,True,1,29
3965,newsecondary3965 26-02-02 10-42-03.fits,2026-02-02 10:42:03,1157.1980332042338,1133.273985116136,3.651690940867628,6.075208389405127,8.599075025813018,14.306022493111382,2328.673888874444,1464.0150641962468,31964.4427632943,42618.7533720635,True,1,2
3966,newsecondary3966 26-02-02 10-43-03.fits,2026-02-02 10:43:03,1155.8549131975728,1130.709734398049,3.638224975722636,7.016173903578224,8.567365101163903,16.521826947569046,2293.1816816737432,1256.8963898354618,31870.925510182828,42493.95423802725,True,1,12
3967,newsecondary3967 26-02-02 10-44-03.fits,2026-02-02 10:44:03,1156.9467842623226,1129.8902449916402,3.525381885429074,5.933531367522803,8.301639930197386,13.972398602062597,2369.692061048832,1383.1944733421556,32008.800329190697,42678.5897791836,True,1,28
3968,newsecondary3968 26-02-02 10-45-03.fits,2026-02-02 10:45:03,1159.4931836224293,1131.960629884254,3.15703389900805,9.209314359397691,7.43424670822637,21.686278054501038,2631.906294690975,962.0550088307019,31932.032169008373,42575.33261655994,True,1,28
3969,newsecondary3969 26-02-02 10-46-03.fits,2026-02-02 10:46:03,1157.386900029871,1134.2689564022658,3.338044946030894,6.560176826758686,7.860495150127803,15.448035890598879,2385.966701799056,1216.7942262103068,31982.492688702307,42643.30047699867,True,1,26
3970,newsecondary3970 26-02-02 10-47-02.fits,2026-02-02 10:47:02,1157.080136087179,1131.5843717006105,3.726405544571281,6.421347859009739,8.775014472270923,15.121118654512703,2213.7105619461286,1307.7462737869503,32008.70847369314,42678.086730829935,True,1,30
3971,newsecondary3971 26-02-02 10-48-02.fits,2026-02-02 10:48:02,1157.418754082298,1132.4482792996175,3.5896758786727614,5.8078604842571835,8.453040714262704,13.676466287071971,2206.5757161608553,1443.1876473426948,32020.58073653124,42693.51330329397,True,1,6
3972,newsecondary3972 26-02-02 10-49-02.fits,2026-02-02 10:49:02,1156.1780393851964,1132.4562361252304,3.5744192132862143,7.613619563728331,8.417114012790133,17.928703963907264,2308.8605376568316,1128.608196953234,31998.478475799522,42664.19961983019,True,1,29
3973,newsecondary3973 26-02-02 10-50-03.fits,2026-02-02 10:50:03,1158.5997854169652,1130.9075822119744,4.087029085021535,7.560247703732869,9.624218014033211,17.803022838149367,2053.365174409363,1167.4730293718833,32014.79821236929,42685.83772272315,True,1,27
3974,newsecondary3974 26-02-02 10-51-03.fits,2026-02-02 10:51:03,1157.255040756235,1131.0595960110597,4.4490258742026105,8.043788507237995,10.47665530943365,18.941674414833606,1904.1195430254145,1114.4150382395346,31920.953763864865,42560.6364638421,True,1,28
3975,newsecondary3975 26-02-02 10-52-03.fits,2026-02-02 10:52:03,1156.2020364951877,1131.4361120351314,3.7550662674254873,8.281625532812528,8.842505316953085,19.50173781010706,2205.9776284111786,998.9283055323663,31996.36346975579,42661.8319395336,True,1,28
3976,newsecondary3976 26-02-02 10-53-03.fits,2026-02-02 10:53:03,1155.7446340141732,1134.6501841608267,3.3902819808443225,9.945363386180208,7.983503966799444,23.419541056894033,2437.1651260631206,889.7885092583169,31938.069652847047,42583.33650683333,True,1,30
3977,newsecondary3977 26-02-02 10-54-03.fits,2026-02-02 10:54:03,1157.1213041618776,1130.5845778637447,3.859321419122179,6.506887400978327,9.088007437966198,15.322548882583101,2157.96781185667,1434.0389589251588,32007.15048969389,42674.90757489688,True,1,21
3978,newsecondary3978 26-02-02 10-55-03.fits,2026-02-02 10:55:03,1156.6684609888437,1130.4387910181285,3.3169262478662063,7.368146239192374,7.810764416364638,17.350658458769605,2489.788634966402,1151.4801315151092,31986.131229756113,42647.88378530148,True,1,29
3979,newsecondary3979 26-02-02 10-56-03.fits,2026-02-02 10:56:03,1154.6226980750848,1132.0377328217785,3.741973003000435,8.309119965427815,8.811673035430081,19.566482251156287,2143.0217934807674,1058.88939131833,31998.76081125004,42664.00955968608,True,1,29
3980,newsecondary3980 26-02-02 10-57-03.fits,2026-02-02 10:57:03,1154.609253763925,1132.867993109933,3.985152886963345,8.987803066281039,9.384317900734242,21.16465882126922,1979.7824140907248,987.3986020983554,31959.36549598333,42611.21749808721,True,1,29
3981,newsecondary3981 26-02-02 10-58-03.fits,2026-02-02 10:58:03,1155.806274533577,1133.260968987104,3.1427259318785117,7.784575945142414,7.400554020426089,18.331275477687104,2544.558274457868,1145.1955639221233,31970.079425731696,42625.58886584461,True,1,29
3982,newsecondary3982 26-02-02 10-59-02.fits,2026-02-02 10:59:02,1157.9647090281576,1132.4531108432484,3.0382999429696,8.565697795056614,7.154649608521204,20.170676867476722,2725.862954734017,1177.0609823280672,31908.18600754196,42541.92659452729,True,1,29
3983,newsecondary3983 26-02-02 11-00-02.fits,2026-02-02 11:00:02,1157.4086179486867,1132.7177625061927,3.1014957089505955,6.140373727809011,7.3034642650143375,14.459475138226074,2624.1614779331676,1334.25468803105,31953.251153440193,42604.26524672745,True,1,5
3984,newsecondary3984 26-02-02 11-01-02.fits,2026-02-02 11:01:02,1155.5891741449493,1131.2991505876134,3.388999627391792,7.295782381965117,7.98048425518461,17.180254597235106,2501.8564142206815,1099.0475687239782,31828.303172881107,42438.33118412872,True,1,29
3985,newsecondary3985 26-02-02 11-02-02.fits,2026-02-02 11:02:02,1157.6230651358926,1131.5014773825283,3.511706027181632,7.703069561263371,8.269435745063307,18.139342611130747,2334.7106043714243,1156.2813991591797,31968.678862937406,42623.992115375375,True,1,30
3986,newsecondary3986 26-02-02 11-03-03.fits,2026-02-02 11:03:03,1156.756359308419,1130.7809339991184,3.6159895742913135,7.801489837507443,8.515004732164114,18.37110465046777,2348.3185534542167,1088.3312608927552,32001.649682683877,42668.867391212465,True,1,21
3987,newsecondary3987 26-02-02 11-04-03.fits,2026-02-02 11:04:03,1156.527031739744,1132.5140866317179,3.0422790468551617,5.770964796048713,7.164019682112185,13.589583580903454,2707.301579389337,1284.947996831913,31971.822719875985,42630.15554249416,True,1,29
3988,newsecondary3988 26-02-02 11-05-03.fits,2026-02-02 11:05:03,1156.9225692288028,1131.6589163623864,3.1492504781763055,8.283935906373944,7.415918152832867,19.50717832408099,2637.2601601476563,1146.2494285502014,31890.57116802022,42519.227067623215,True,1,30
3989,newsecondary3989 26-02-02 11-06-03.fits,2026-02-02 11:06:03,1157.5340371019824,1130.6489825946512,3.2093542648538755,7.7330988573377875,7.5574517544834725,18.21005619946495,2558.838556969038,1076.080470166589,31927.74113369743,42570.18068493235,True,1,28
3990,newsecondary3990 26-02-02 11-07-03.fits,2026-02-02 11:07:03,1155.7253410179092,1130.5427825742224,3.864127368185411,7.76685447534607,9.099324583155694,18.289544605383263,2209.8798307313186,1146.2623484642058,31810.262058881453,42413.21391832813,True,1,29
3991,newsecondary3991 26-02-02 11-08-03.fits,2026-02-02 11:08:03,1156.9558208476249,1130.4069127967118,2.9605408894735907,6.55040832974591,6.971541030666168,15.425032838023368,2733.9433841544082,1282.5430255643766,32014.090074505733,42685.057285654126,True,1,33
3992,newsecondary3992 26-02-02 11-09-03.fits,2026-02-02 11:09:03,1157.7220659663008,1131.585733888403,3.365749515682882,9.134898232238696,7.92573442608326,21.511041466593465,2445.561768410685,950.139658480427,31936.6325504785,42581.59871256322,True,1,29
3993,newsecondary3993 26-02-02 11-10-03.fits,2026-02-02 11:10:03,1154.934729166969,1131.0161482327192,4.055516173139409,5.275737074623188,9.550010777455887,12.423411415635625,2040.9754780951139,1634.2138317606964,32011.40513647053,42681.4293450892,True,1,1
3994,newsecondary3994 26-02-02 11-11-03.fits,2026-02-02 11:11:03,1158.2587811952906,1131.8847613583332,3.8669335898129207,7.7330003273503705,9.105932730094953,18.209824179075547,2150.248098588815,1104.6760064652012,32011.832839611805,42682.15032322235,True,1,30
3995,newsecondary3995 26-02-02 11-12-03.fits,2026-02-02 11:12:03,1157.0867860010808,1130.4711839438758,3.4702024650919165,7.0575333475765945,8.171702325114259,16.619220995347742,2453.685658974196,1390.328256175469,31913.953548070745,42550.26504185103,True,1,26
3996,newsecondary3996 26-02-02 11-13-02.fits,2026-02-02 11:13:02,1158.0338418088422,1131.742699401707,3.430307971343484,6.673619334388822,8.077757971549087,15.7151725815249,2414.05981485402,1361.7922332154187,31870.839386527805,42493.41180762109,True,1,12
3997,newsecondary3997 26-02-02 11-14-02.fits,2026-02-02 11:14:02,1155.2896156949635,1130.7752950815939,4.838765771355188,7.649062840183093,11.394422631596841,18.01216650176451,1717.722639979588,1081.9317353164477,32002.09713127335,42669.50912362993,True,1,28
3998,newsecondary3998 26-02-02 11-15-02.fits,2026-02-02 11:15:02,1157.081693246031,1131.1215246847794,3.723268117961403,7.444225071633399,8.76762639720017,17.52981041840428,2263.6952890015036,1229.9851292697826,31947.53791410836,42595.77859781744,True,1,30
3999,newsecondary3999 26-02-02 11-16-02.fits,2026-02-02 11:16:02,1157.5900243814422,1133.2979724916122,4.062870747985399,6.154612652916946,9.567329477725904,14.493005244489932,2079.1359263157615,1235.5250574380414,31984.66352542395,42647.305119340934,True,1,29
